Date,Open,High,Low,Close,Volume,Dividends,Stock Splits,Capital Gains,ticker
2021-01-04 00:00:00-05:00,15.245933532714844,15.245933532714844,15.245933532714844,15.245933532714844,100,0.0,0.0,0.0,FXED
2021-01-05 00:00:00-05:00,15.268135070800781,15.268135070800781,15.268135070800781,15.268135070800781,100,0.0,0.0,0.0,FXED
2021-01-06 00:00:00-05:00,15.245921113006506,15.245921113006506,15.18925666809082,15.18925666809082,900,0.0,0.0,0.0,FXED
2021-01-07 00:00:00-05:00,15.161696434020996,15.161696434020996,15.161696434020996,15.161696434020996,0,0.0,0.0,0.0,FXED
2021-01-08 00:00:00-05:00,15.173946380615234,15.173946380615234,15.173946380615234,15.173946380615234,0,0.0,0.0,0.0,FXED
2021-01-11 00:00:00-05:00,15.138724012742893,15.138724012742893,15.063681602478027,15.063681602478027,300,0.0,0.0,0.0,FXED
2021-01-12 00:00:00-05:00,15.049129486083984,15.049129486083984,15.049129486083984,15.049129486083984,100,0.0,0.0,0.0,FXED
2021-01-13 00:00:00-05:00,15.199976811673332,15.199976811673332,15.154032707214354,15.154032707214355,2000,0.0,0.0,0.0,FXED
2021-01-14 00:00:00-05:00,15.222951583899306,15.238266775702385,15.199214935302734,15.199214935302734,2100,0.0,0.0,0.0,FXED
2021-01-15 00:00:00-05:00,15.228304862976074,15.228304862976074,15.228304862976074,15.228304862976074,0,0.0,0.0,0.0,FXED
2021-01-19 00:00:00-05:00,15.311010360717773,15.311010360717773,15.311010360717773,15.311010360717773,0,0.0,0.0,0.0,FXED
2021-01-20 00:00:00-05:00,15.345468521118164,15.345468521118164,15.345468521118164,15.345468521118164,100,0.0,0.0,0.0,FXED
2021-01-21 00:00:00-05:00,15.314083099365234,15.314083099365234,15.314083099365234,15.314083099365234,100,0.0,0.0,0.0,FXED
2021-01-22 00:00:00-05:00,15.31483897148817,15.31483897148817,15.303353309631348,15.303353309631348,200,0.0,0.0,0.0,FXED
2021-01-25 00:00:00-05:00,15.31484603881836,15.31484603881836,15.31484603881836,15.31484603881836,100,0.0,0.0,0.0,FXED
2021-01-26 00:00:00-05:00,15.294927597045898,15.294927597045898,15.294927597045898,15.294927597045898,0,0.0,0.0,0.0,FXED
2021-01-27 00:00:00-05:00,15.194623947143555,15.194623947143555,15.194623947143555,15.194623947143555,100,0.0,0.0,0.0,FXED
2021-01-28 00:00:00-05:00,15.194623947143555,15.194623947143555,15.194623947143555,15.194623947143555,100,0.0,0.0,0.0,FXED
2021-01-29 00:00:00-05:00,15.131820678710938,15.131820678710938,15.131820678710938,15.131820678710938,100,0.0,0.0,0.0,FXED
2021-02-01 00:00:00-05:00,15.210697174072266,15.210697174072266,15.210697174072266,15.210697174072266,100,0.0,0.0,0.0,FXED
2021-02-02 00:00:00-05:00,15.307183265686037,15.307183265686037,15.307183265686037,15.307183265686035,100,0.0,0.0,0.0,FXED
2021-02-03 00:00:00-05:00,15.295692443847656,15.295692443847656,15.295692443847656,15.295692443847656,0,0.0,0.0,0.0,FXED
2021-02-04 00:00:00-05:00,15.33474349975586,15.33474349975586,15.33474349975586,15.33474349975586,100,0.0,0.0,0.0,FXED
2021-02-05 00:00:00-05:00,15.37916564941406,15.37916564941406,15.37916564941406,15.379165649414062,100,0.0,0.0,0.0,FXED
2021-02-08 00:00:00-05:00,15.425870895385742,15.425870895385742,15.425870895385742,15.425870895385742,100,0.0,0.0,0.0,FXED
2021-02-09 00:00:00-05:00,15.42510986328125,15.42510986328125,15.42510986328125,15.42510986328125,100,0.0,0.0,0.0,FXED
2021-02-10 00:00:00-05:00,15.46033911618157,15.46033911618157,15.454978942871094,15.454978942871094,100,0.0,0.0,0.0,FXED
2021-02-11 00:00:00-05:00,15.501684188842773,15.501684188842773,15.501684188842773,15.501684188842773,100,0.0,0.0,0.0,FXED
2021-02-12 00:00:00-05:00,15.433526992797852,15.433526992797852,15.433526992797852,15.433526992797852,0,0.0,0.0,0.0,FXED
2021-02-16 00:00:00-05:00,15.374571800231934,15.374571800231934,15.374571800231934,15.374571800231934,0,0.0,0.0,0.0,FXED
2021-02-17 00:00:00-05:00,15.379928588867188,15.379928588867188,15.379928588867188,15.379928588867188,0,0.0,0.0,0.0,FXED
2021-02-18 00:00:00-05:00,15.372275352478027,15.372275352478027,15.372275352478027,15.372275352478027,100,0.0,0.0,0.0,FXED
2021-02-19 00:00:00-05:00,15.373039245605469,15.373039245605469,15.373039245605469,15.373039245605469,100,0.0,0.0,0.0,FXED
2021-02-22 00:00:00-05:00,15.392183303833008,15.392183303833008,15.392183303833008,15.392183303833008,100,0.0,0.0,0.0,FXED
2021-02-23 00:00:00-05:00,15.414392471313477,15.414392471313477,15.414392471313477,15.414392471313477,0,0.0,0.0,0.0,FXED
2021-02-24 00:00:00-05:00,15.452675819396973,15.452675819396973,15.452675819396973,15.452675819396973,0,0.0,0.0,0.0,FXED
2021-02-25 00:00:00-05:00,15.27273178100586,15.27273178100586,15.27273178100586,15.27273178100586,100,0.0,0.0,0.0,FXED
2021-02-26 00:00:00-05:00,15.360787046051446,15.360787046051446,15.343175888061523,15.343175888061523,4000,0.0,0.0,0.0,FXED
2021-03-01 00:00:00-05:00,15.441185951232912,15.441185951232912,15.441185951232912,15.44118595123291,0,0.0,0.0,0.0,FXED
2021-03-02 00:00:00-05:00,15.484840393066406,15.484840393066406,15.484840393066406,15.484840393066406,100,0.0,0.0,0.0,FXED
2021-03-03 00:00:00-05:00,15.501684188842773,15.501684188842773,15.501684188842773,15.501684188842773,100,0.0,0.0,0.0,FXED
2021-03-04 00:00:00-05:00,15.490965819178749,15.493263244628906,15.467994485752135,15.493263244628906,4000,0.0,0.0,0.0,FXED
2021-03-05 00:00:00-05:00,15.487127304077148,15.487127304077148,15.487127304077148,15.487127304077148,100,0.0,0.0,0.0,FXED
2021-03-08 00:00:00-05:00,15.52159118652344,15.52159118652344,15.52159118652344,15.521591186523438,100,0.0,0.0,0.0,FXED
2021-03-09 00:00:00-05:00,15.546100616455078,15.546100616455078,15.546100616455078,15.546100616455078,0,0.0,0.0,0.0,FXED
2021-03-10 00:00:00-05:00,15.61653995513916,15.61653995513916,15.61653995513916,15.61653995513916,100,0.0,0.0,0.0,FXED
2021-03-11 00:00:00-05:00,15.676267623901367,15.676267623901367,15.676267623901367,15.676267623901367,0,0.0,0.0,0.0,FXED
2021-03-12 00:00:00-05:00,15.663256645202637,15.663256645202637,15.663256645202637,15.663256645202637,100,0.0,0.0,0.0,FXED
2021-03-15 00:00:00-04:00,15.781951904296875,15.781951904296875,15.781951904296875,15.781951904296875,100,0.0,0.0,0.0,FXED
2021-03-16 00:00:00-04:00,15.739829063415527,15.739829063415527,15.739829063415527,15.739829063415527,0,0.0,0.0,0.0,FXED
2021-03-17 00:00:00-04:00,15.73216724395752,15.73216724395752,15.73216724395752,15.73216724395752,0,0.0,0.0,0.0,FXED
2021-03-18 00:00:00-04:00,15.564477920532227,15.564477920532227,15.564477920532227,15.564477920532227,0,0.0,0.0,0.0,FXED
2021-03-19 00:00:00-04:00,15.651774833800221,15.651774833800221,15.605829238891602,15.605829238891602,200,0.0,0.0,0.0,FXED
2021-03-22 00:00:00-04:00,15.644105911254885,15.644105911254885,15.644105911254885,15.644105911254883,0,0.0,0.0,0.0,FXED
2021-03-23 00:00:00-04:00,15.606597900390625,15.606597900390625,15.606597900390625,15.606597900390625,0,0.0,0.0,0.0,FXED
2021-03-24 00:00:00-04:00,15.624380111694336,15.624380111694336,15.624380111694336,15.624380111694336,0,0.204,0.0,0.0,FXED
2021-03-25 00:00:00-04:00,15.655319109762091,15.655319109762091,15.637528419494627,15.637528419494629,100,0.0,0.0,0.0,FXED
2021-03-26 00:00:00-04:00,15.70946979522705,15.70946979522705,15.70946979522705,15.70946979522705,100,0.0,0.0,0.0,FXED
2021-03-29 00:00:00-04:00,15.655322074890137,15.655322074890137,15.655322074890137,15.655322074890137,0,0.0,0.0,0.0,FXED
2021-03-30 00:00:00-04:00,15.663061141967773,15.663061141967773,15.663061141967773,15.663061141967773,100,0.0,0.0,0.0,FXED
2021-03-31 00:00:00-04:00,15.683165550231934,15.683165550231934,15.683165550231934,15.683165550231934,0,0.0,0.0,0.0,FXED
2021-04-01 00:00:00-04:00,15.78913688659668,15.78913688659668,15.78913688659668,15.78913688659668,100,0.0,0.0,0.0,FXED
2021-04-05 00:00:00-04:00,15.83321058303295,15.835531234741211,15.83321058303295,15.835531234741211,300,0.0,0.0,0.0,FXED
2021-04-06 00:00:00-04:00,15.9244909286499,15.9244909286499,15.9244909286499,15.924490928649902,0,0.0,0.0,0.0,FXED
2021-04-07 00:00:00-04:00,15.933774948120117,15.933774948120117,15.933774948120117,15.933774948120117,0,0.0,0.0,0.0,FXED
2021-04-08 00:00:00-04:00,15.968578338623047,15.968578338623047,15.968578338623047,15.968578338623047,500,0.0,0.0,0.0,FXED
2021-04-09 00:00:00-04:00,15.979408264160156,15.979408264160156,15.979408264160156,15.979408264160156,0,0.0,0.0,0.0,FXED
2021-04-12 00:00:00-04:00,15.98404312133789,15.98404312133789,15.98404312133789,15.98404312133789,0,0.0,0.0,0.0,FXED
2021-04-13 00:00:00-04:00,16.00337791442871,16.00337791442871,16.00337791442871,16.00337791442871,0,0.0,0.0,0.0,FXED
2021-04-14 00:00:00-04:00,15.977097511291504,15.977097511291504,15.977097511291504,15.977097511291504,500,0.0,0.0,0.0,FXED
2021-04-15 00:00:00-04:00,16.065261840820312,16.065261840820312,16.065261840820312,16.065261840820312,0,0.0,0.0,0.0,FXED
2021-04-16 00:00:00-04:00,16.089235305786133,16.089235305786133,16.089235305786133,16.089235305786133,500,0.0,0.0,0.0,FXED
2021-04-19 00:00:00-04:00,16.077634811401367,16.077634811401367,16.077634811401367,16.077634811401367,500,0.0,0.0,0.0,FXED
2021-04-20 00:00:00-04:00,16.073001531155384,16.073001531155384,16.050569534301758,16.050569534301758,1200,0.0,0.0,0.0,FXED
2021-04-21 00:00:00-04:00,16.0869197845459,16.0869197845459,16.0869197845459,16.0869197845459,0,0.0,0.0,0.0,FXED
2021-04-22 00:00:00-04:00,16.088469941885467,16.088469941885467,16.05134391784668,16.05134391784668,200,0.0,0.0,0.0,FXED
2021-04-23 00:00:00-04:00,16.065265547991906,16.08460235595703,16.065265547991906,16.08460235595703,1100,0.0,0.0,0.0,FXED
2021-04-26 00:00:00-04:00,16.12017822265625,16.12017822265625,16.12017822265625,16.12017822265625,100,0.0,0.0,0.0,FXED
2021-04-27 00:00:00-04:00,16.103939056396484,16.103939056396484,16.103939056396484,16.103939056396484,300,0.0,0.0,0.0,FXED
2021-04-28 00:00:00-04:00,16.07377362547225,16.08460235595703,16.073000566238733,16.08460235595703,300,0.0,0.0,0.0,FXED
2021-04-29 00:00:00-04:00,16.113994598388672,16.113994598388672,16.113994598388672,16.113994598388672,200,0.0,0.0,0.0,FXED
2021-04-30 00:00:00-04:00,16.0869197845459,16.0869197845459,16.0869197845459,16.0869197845459,100,0.0,0.0,0.0,FXED
2021-05-03 00:00:00-04:00,16.10394655773912,16.117095947265625,16.10394655773912,16.117095947265625,2400,0.0,0.0,0.0,FXED
2021-05-04 00:00:00-04:00,16.09234619140625,16.09234619140625,16.09234619140625,16.09234619140625,0,0.0,0.0,0.0,FXED
2021-05-05 00:00:00-04:00,16.07301036132675,16.07301036132675,16.0614070892334,16.0614070892334,400,0.0,0.0,0.0,FXED
2021-05-06 00:00:00-04:00,16.08460235595703,16.08460235595703,16.08460235595703,16.08460235595703,100,0.0,0.0,0.0,FXED
2021-05-07 00:00:00-04:00,16.125596023102343,16.181287267218828,16.125596023102343,16.1534423828125,4100,0.0,0.0,0.0,FXED
2021-05-10 00:00:00-04:00,16.196755888766752,16.20449090604946,16.107030868530273,16.107030868530273,3800,0.0,0.0,0.0,FXED
2021-05-11 00:00:00-04:00,16.034324882975955,16.034324882975955,15.967804908752441,15.967804908752441,500,0.0,0.0,0.0,FXED
2021-05-12 00:00:00-04:00,15.910567731562288,15.910567731562288,15.728025436401367,15.728025436401367,1700,0.0,0.0,0.0,FXED
2021-05-13 00:00:00-04:00,15.844817161560059,15.844817161560059,15.844817161560059,15.844817161560059,100,0.0,0.0,0.0,FXED
2021-05-14 00:00:00-04:00,15.929911613464355,15.929911613464355,15.929911613464355,15.929911613464355,100,0.0,0.0,0.0,FXED
2021-05-17 00:00:00-04:00,15.953113555908203,15.953113555908203,15.953113555908203,15.953113555908203,100,0.0,0.0,0.0,FXED
2021-05-18 00:00:00-04:00,15.960835456848145,15.960835456848145,15.960835456848145,15.960835456848145,100,0.0,0.0,0.0,FXED
2021-05-19 00:00:00-04:00,15.950020790100096,15.950020790100096,15.950020790100096,15.950020790100098,100,0.0,0.0,0.0,FXED
2021-05-20 00:00:00-04:00,16.03046226501465,16.03046226501465,16.03046226501465,16.03046226501465,100,0.0,0.0,0.0,FXED
2021-05-21 00:00:00-04:00,16.04669952392578,16.04669952392578,16.04669952392578,16.04669952392578,0,0.0,0.0,0.0,FXED
2021-05-24 00:00:00-04:00,16.095430374145508,16.095430374145508,16.095430374145508,16.095430374145508,100,0.0,0.0,0.0,FXED
2021-05-25 00:00:00-04:00,16.053674697875977,16.053674697875977,16.053674697875977,16.053674697875977,100,0.0,0.0,0.0,FXED
2021-05-26 00:00:00-04:00,16.049795518725652,16.087696075439453,16.049795518725652,16.087696075439453,100,0.0,0.0,0.0,FXED
2021-05-27 00:00:00-04:00,16.09234619140625,16.09234619140625,16.09234619140625,16.09234619140625,0,0.0,0.0,0.0,FXED
2021-05-28 00:00:00-04:00,16.138750076293945,16.138750076293945,16.138750076293945,16.138750076293945,100,0.0,0.0,0.0,FXED
2021-06-01 00:00:00-04:00,16.236181259155273,16.236181259155273,16.236181259155273,16.236181259155273,100,0.16,0.0,0.0,FXED
2021-06-02 00:00:00-04:00,16.251775935644584,16.307897567749023,16.251775935644584,16.307897567749023,400,0.0,0.0,0.0,FXED
2021-06-03 00:00:00-04:00,16.299325942993164,16.299325942993164,16.299325942993164,16.299325942993164,0,0.0,0.0,0.0,FXED
2021-06-04 00:00:00-04:00,16.32270050048828,16.32270050048828,16.32270050048828,16.32270050048828,800,0.0,0.0,0.0,FXED
2021-06-07 00:00:00-04:00,16.33751106262207,16.33751106262207,16.33751106262207,16.33751106262207,800,0.0,0.0,0.0,FXED
2021-06-08 00:00:00-04:00,16.35699462890625,16.35699462890625,16.35699462890625,16.35699462890625,800,0.0,0.0,0.0,FXED
2021-06-09 00:00:00-04:00,16.368686721505387,16.427146911621094,16.368686721505387,16.427146911621094,500,0.0,0.0,0.0,FXED
2021-06-10 00:00:00-04:00,16.416231155395508,16.416231155395508,16.416231155395508,16.416231155395508,1000,0.0,0.0,0.0,FXED
2021-06-11 00:00:00-04:00,16.419353485107422,16.419353485107422,16.419353485107422,16.419353485107422,1000,0.0,0.0,0.0,FXED
2021-06-14 00:00:00-04:00,16.446630477905273,16.446630477905273,16.446630477905273,16.446630477905273,100,0.0,0.0,0.0,FXED
2021-06-15 00:00:00-04:00,16.391966830637067,16.431014811084257,16.391966830637067,16.420080184936523,4000,0.04,0.0,0.0,FXED
2021-06-16 00:00:00-04:00,16.409156799316406,16.409156799316406,16.409156799316406,16.409156799316406,100,0.0,0.0,0.0,FXED
2021-06-17 00:00:00-04:00,16.391963870144085,16.391963870144085,16.376344680786133,16.376344680786133,2800,0.0,0.0,0.0,FXED
2021-06-18 00:00:00-04:00,16.34510930124576,16.34510930124576,16.278728485107422,16.278728485107422,1600,0.0,0.0,0.0,FXED
2021-06-21 00:00:00-04:00,16.39196245834309,16.39196245834309,16.39118194580078,16.39118194580078,1000,0.0,0.0,0.0,FXED
2021-06-22 00:00:00-04:00,16.376345582645513,16.390403747558594,16.376345582645513,16.390403747558594,2200,0.0,0.0,0.0,FXED
2021-06-23 00:00:00-04:00,16.43880886564125,16.43880886564125,16.396638870239258,16.396638870239258,1800,0.0,0.0,0.0,FXED
2021-06-24 00:00:00-04:00,16.438828178324215,16.446637776912848,16.399781674909693,16.406810760498047,5300,0.0,0.0,0.0,FXED
2021-06-25 00:00:00-04:00,16.438825378074913,16.438825378074913,16.393531799316406,16.393531799316406,7100,0.0,0.0,0.0,FXED
2021-06-28 00:00:00-04:00,16.360726479292943,16.39196336752316,16.360726479292943,16.383373260498047,5600,0.0,0.0,0.0,FXED
2021-06-29 00:00:00-04:00,16.415459294532447,16.415459294532447,16.34504013945411,16.36147117614746,31400,0.04,0.0,0.0,FXED
2021-06-30 00:00:00-04:00,16.43580436706543,16.43580436706543,16.43580436706543,16.43580436706543,0,0.0,0.0,0.0,FXED
2021-07-01 00:00:00-04:00,16.46630859375,16.46630859375,16.46630859375,16.46630859375,100,0.0,0.0,0.0,FXED
2021-07-02 00:00:00-04:00,16.4936930460888,16.52499109279935,16.485868534411164,16.519514083862305,7500,0.0,0.0,0.0,FXED
2021-07-06 00:00:00-04:00,16.45457330440806,16.587587028887395,16.45457330440806,16.57428550720215,5800,0.0,0.0,0.0,FXED
2021-07-07 00:00:00-04:00,16.52501106262207,16.52501106262207,16.52501106262207,16.52501106262207,100,0.0,0.0,0.0,FXED
2021-07-08 00:00:00-04:00,16.481966018676758,16.481966018676758,16.481966018676758,16.481966018676758,100,0.0,0.0,0.0,FXED
2021-07-09 00:00:00-04:00,16.540648139876122,16.566469192504883,16.540648139876122,16.566469192504883,10700,0.0,0.0,0.0,FXED
2021-07-12 00:00:00-04:00,16.58759476274458,16.611066818237305,16.58759476274458,16.611066818237305,400,0.0,0.0,0.0,FXED
2021-07-13 00:00:00-04:00,16.541302043706345,16.580498843100706,16.541302043706345,16.57893180847168,9200,0.041,0.0,0.0,FXED
2021-07-14 00:00:00-04:00,16.556969708869715,16.556969708869715,16.54442596435547,16.54442596435547,89400,0.0,0.0,0.0,FXED
2021-07-15 00:00:00-04:00,16.541288733320556,16.550695419311523,16.541288733320556,16.550695419311523,30600,0.0,0.0,0.0,FXED
2021-07-16 00:00:00-04:00,16.500530242919922,16.500530242919922,16.500530242919922,16.500530242919922,59900,0.0,0.0,0.0,FXED
2021-07-19 00:00:00-04:00,16.337471294051387,16.376668083601302,16.306112666202115,16.335119247436523,10200,0.0,0.0,0.0,FXED
2021-07-20 00:00:00-04:00,16.47073338496741,16.493467330932617,16.439374774418717,16.493467330932617,600,0.0,0.0,0.0,FXED
2021-07-21 00:00:00-04:00,16.549121089457874,16.549121089457874,16.51070785522461,16.51070785522461,10900,0.0,0.0,0.0,FXED
2021-07-22 00:00:00-04:00,16.478577779698696,16.478577779698696,16.448787689208984,16.448787689208984,5200,0.0,0.0,0.0,FXED
2021-07-23 00:00:00-04:00,16.45505311883472,16.494251379731686,16.45505311883472,16.46916389465332,7700,0.0,0.0,0.0,FXED
2021-07-26 00:00:00-04:00,16.486416669864095,16.51777379272117,16.486416669864095,16.48798370361328,9300,0.0,0.0,0.0,FXED
2021-07-27 00:00:00-04:00,16.48641340079651,16.494267993900195,16.469919204711914,16.469919204711914,7700,0.04,0.0,0.0,FXED
2021-07-28 00:00:00-04:00,16.46284268503556,16.509970223800952,16.46284268503556,16.478551864624023,6200,0.0,0.0,0.0,FXED
2021-07-29 00:00:00-04:00,16.494273587327495,16.53354506805294,16.44714751083477,16.468353271484375,68500,0.0,0.0,0.0,FXED
2021-07-30 00:00:00-04:00,16.484058380126953,16.484058380126953,16.484058380126953,16.484058380126953,83600,0.0,0.0,0.0,FXED
2021-08-02 00:00:00-04:00,16.533538934547156,16.533538934547156,16.498194015761904,16.5013370513916,6000,0.0,0.0,0.0,FXED
2021-08-03 00:00:00-04:00,16.48641260081609,16.498193740844727,16.48641260081609,16.498193740844727,8000,0.0,0.0,0.0,FXED
2021-08-04 00:00:00-04:00,16.478557164240772,16.494266348881418,16.458921432495117,16.458921432495117,2600,0.0,0.0,0.0,FXED
2021-08-05 00:00:00-04:00,16.494281483921707,16.553190231323242,16.494281483921707,16.553190231323242,3600,0.0,0.0,0.0,FXED
2021-08-06 00:00:00-04:00,16.557109832763672,16.557109832763672,16.557109832763672,16.557109832763672,2500,0.0,0.0,0.0,FXED
2021-08-09 00:00:00-04:00,16.537460327148438,16.537460327148438,16.537460327148438,16.537460327148438,5000,0.0,0.0,0.0,FXED
2021-08-10 00:00:00-04:00,16.53353946130816,18.198675746527634,16.469919204711914,16.469919204711914,1400,0.0,0.0,0.0,FXED
2021-08-11 00:00:00-04:00,16.478562359969974,16.490345001220703,16.478562359969974,16.490345001220703,16400,0.0,0.0,0.0,FXED
2021-08-12 00:00:00-04:00,16.470707765173078,16.490345001220703,16.470707765173078,16.490345001220703,84700,0.0,0.0,0.0,FXED
2021-08-13 00:00:00-04:00,16.50997694367953,16.528827667236328,16.50997694367953,16.528827667236328,3200,0.0,0.0,0.0,FXED
2021-08-16 00:00:00-04:00,16.52567710839545,16.52567710839545,16.502113342285156,16.502113342285156,8400,0.0,0.0,0.0,FXED
2021-08-17 00:00:00-04:00,16.454912185668945,16.454912185668945,16.454912185668945,16.454912185668945,500,0.04,0.0,0.0,FXED
2021-08-18 00:00:00-04:00,16.447045585015285,16.45491516507663,16.424224853515625,16.424224853515625,17200,0.0,0.0,0.0,FXED
2021-08-19 00:00:00-04:00,16.407693660828155,16.407693660828155,16.32899938768179,16.33293342590332,6300,0.0,0.0,0.0,FXED
2021-08-20 00:00:00-04:00,16.352603826840056,16.395097732543945,16.352603826840056,16.395097732543945,2900,0.0,0.0,0.0,FXED
2021-08-23 00:00:00-04:00,16.439169191676605,16.447038768476375,16.407692385445824,16.428152084350586,2500,0.0,0.0,0.0,FXED
2021-08-24 00:00:00-04:00,16.431293376755455,16.49424846628449,16.431293376755455,16.450180053710938,3100,0.0,0.0,0.0,FXED
2021-08-25 00:00:00-04:00,16.462782868554335,16.474586486816406,16.462782868554335,16.474586486816406,1700,0.0,0.0,0.0,FXED
2021-08-26 00:00:00-04:00,16.462776836322764,16.462776836322764,16.43523406982422,16.43523406982422,4900,0.0,0.0,0.0,FXED
2021-08-27 00:00:00-04:00,16.48638401617905,16.514713287353516,16.48638401617905,16.514713287353516,800,0.0,0.0,0.0,FXED
2021-08-30 00:00:00-04:00,16.494255495797077,16.517864227294922,16.494255495797077,16.517864227294922,1000,0.0,0.0,0.0,FXED
2021-08-31 00:00:00-04:00,16.565172669986637,16.565172669986637,16.502885356213614,16.515501022338867,400,0.04,0.0,0.0,FXED
2021-09-01 00:00:00-04:00,16.557284342242557,16.56122589111328,16.557284342242557,16.56122589111328,2200,0.0,0.0,0.0,FXED
2021-09-02 00:00:00-04:00,16.573056369136488,16.60459327697754,16.573056369136488,16.60459327697754,1200,0.0,0.0,0.0,FXED
2021-09-03 00:00:00-04:00,16.596709050030714,16.612478256225586,16.596709050030714,16.612478256225586,4700,0.0,0.0,0.0,FXED
2021-09-07 00:00:00-04:00,16.565168943817987,16.565168943817987,16.549399740667123,16.56122589111328,2400,0.0,0.0,0.0,FXED
2021-09-08 00:00:00-04:00,16.573047257275277,16.573047257275277,16.565162658691406,16.565162658691406,8200,0.0,0.0,0.0,FXED
2021-09-09 00:00:00-04:00,16.584878358746,16.588821411132812,16.584878358746,16.588821411132812,200,0.0,0.0,0.0,FXED
2021-09-10 00:00:00-04:00,16.588819236672744,16.588819236672744,16.51312828063965,16.51312828063965,2900,0.0,0.0,0.0,FXED
2021-09-13 00:00:00-04:00,16.541513805494223,16.596704508238716,16.541513805494223,16.588821411132812,5400,0.0,0.0,0.0,FXED
2021-09-14 00:00:00-04:00,16.5627498626709,16.5627498626709,16.5627498626709,16.5627498626709,100,0.04,0.0,0.0,FXED
2021-09-15 00:00:00-04:00,16.57302840492292,16.609365463256836,16.55722915983898,16.609365463256836,7100,0.0,0.0,0.0,FXED
2021-09-16 00:00:00-04:00,16.565123169708382,16.596721649169922,16.565123169708382,16.596721649169922,4800,0.0,0.0,0.0,FXED
2021-09-17 00:00:00-04:00,16.588823601425574,16.592772658383304,16.525628143211897,16.55327606201172,2900,0.0,0.0,0.0,FXED
2021-09-20 00:00:00-04:00,16.494030720494163,16.494030720494163,16.438734879341766,16.471912384033203,8100,0.0,0.0,0.0,FXED
2021-09-21 00:00:00-04:00,16.494031847906,16.54142957787525,16.494031847906,16.517730712890625,6100,0.0,0.0,0.0,FXED
2021-09-22 00:00:00-04:00,16.55721199392146,16.578540802001953,16.53351465756303,16.578540802001953,9700,0.0,0.0,0.0,FXED
2021-09-23 00:00:00-04:00,16.628320769520275,16.628320769520275,16.567495346069336,16.567495346069336,4200,0.0,0.0,0.0,FXED
2021-09-24 00:00:00-04:00,16.573024198001388,16.573024198001388,16.50587968348711,16.521678924560547,900,0.0,0.0,0.0,FXED
2021-09-27 00:00:00-04:00,16.517732466089193,16.517732466089193,16.486135482788086,16.486135482788086,2400,0.0,0.0,0.0,FXED
2021-09-28 00:00:00-04:00,16.430726356651007,16.430726356651007,16.367409553159916,16.394319534301758,6300,0.04,0.0,0.0,FXED
2021-09-29 00:00:00-04:00,16.446549048234267,16.44971466064453,16.434676114706985,16.44971466064453,800,0.0,0.0,0.0,FXED
2021-09-30 00:00:00-04:00,16.4307296184731,16.438644409179688,16.422814827766516,16.438644409179688,10600,0.0,0.0,0.0,FXED
2021-10-01 00:00:00-04:00,16.46237534501898,16.51777883982627,16.46237534501898,16.485328674316406,12500,0.0,0.0,0.0,FXED
2021-10-04 00:00:00-04:00,16.45843505859375,16.478221285886875,16.45843505859375,16.45843505859375,1300,0.0,0.0,0.0,FXED
2021-10-05 00:00:00-04:00,16.45447257563124,16.46238585606537,16.422813415527344,16.422813415527344,9900,0.0,0.0,0.0,FXED
2021-10-06 00:00:00-04:00,16.375319285710987,16.430721282958984,16.3278305655631,16.430721282958984,10800,0.0,0.0,0.0,FXED
2021-10-07 00:00:00-04:00,16.470300646091346,16.470300646091346,16.422813415527344,16.422813415527344,3100,0.0,0.0,0.0,FXED
2021-10-08 00:00:00-04:00,16.446558705014965,16.4544734954834,16.422814333609665,16.4544734954834,6900,0.0,0.0,0.0,FXED
2021-10-11 00:00:00-04:00,16.43072396084684,16.44101333618164,16.43072396084684,16.44101333618164,500,0.0,0.0,0.0,FXED
2021-10-12 00:00:00-04:00,16.502075177477046,16.522693634033203,16.502075177477046,16.522693634033203,3300,0.04,0.0,0.0,FXED
2021-10-13 00:00:00-04:00,16.51476362726832,16.59564781188965,16.513971075091842,16.59564781188965,2300,0.0,0.0,0.0,FXED
2021-10-14 00:00:00-04:00,16.64481343089446,16.656707763671875,16.64481343089446,16.656707763671875,3400,0.0,0.0,0.0,FXED
2021-10-15 00:00:00-04:00,16.688437639714024,16.700331979361174,16.665441513061523,16.665441513061523,2400,0.0,0.0,0.0,FXED
2021-10-18 00:00:00-04:00,16.63688105937818,16.66067123413086,16.63688105937818,16.66067123413086,6400,0.0,0.0,0.0,FXED
2021-10-19 00:00:00-04:00,16.648779114960682,16.65195083618164,16.644813329056362,16.65195083618164,1000,0.0,0.0,0.0,FXED
2021-10-20 00:00:00-04:00,16.660681408982587,16.716190338134766,16.660681408982587,16.716190338134766,10500,0.0,0.0,0.0,FXED
2021-10-21 00:00:00-04:00,16.692400614031182,16.692400614031182,16.66464614868164,16.66464614868164,1400,0.0,0.0,0.0,FXED
2021-10-22 00:00:00-04:00,16.76376490124852,16.77169496230689,16.684467315673828,16.684467315673828,2900,0.0,0.0,0.0,FXED
2021-10-25 00:00:00-04:00,16.668606390694006,16.70825518157162,16.668606390694006,16.688430786132812,2300,0.0,0.0,0.0,FXED
2021-10-26 00:00:00-04:00,16.684457055778214,16.708292539967776,16.684457055778214,16.68842887878418,3100,0.04,0.0,0.0,FXED
2021-10-27 00:00:00-04:00,16.700346323979492,16.700346323979492,16.696372985839844,16.696372985839844,8500,0.0,0.0,0.0,FXED
2021-10-28 00:00:00-04:00,16.732127336658916,16.748811721801758,16.72815551345643,16.748811721801758,1800,0.0,0.0,0.0,FXED
2021-10-29 00:00:00-04:00,16.72418212890625,16.72418212890625,16.72418212890625,16.72418212890625,100,0.0,0.0,0.0,FXED
2021-11-01 00:00:00-04:00,16.731325149536133,16.731325149536133,16.731325149536133,16.731325149536133,100,0.0,0.0,0.0,FXED
2021-11-02 00:00:00-04:00,16.74007001222269,16.771850654661204,16.74007001222269,16.744043350219727,4900,0.0,0.0,0.0,FXED
2021-11-03 00:00:00-04:00,16.763910421112186,16.775827407836914,16.763910421112186,16.775827407836914,4100,0.0,0.0,0.0,FXED
2021-11-04 00:00:00-04:00,16.811578101053428,16.811578101053428,16.787742614746094,16.787742614746094,4200,0.0,0.0,0.0,FXED
2021-11-05 00:00:00-04:00,16.875133514404297,16.875133514404297,16.875133514404297,16.875133514404297,100,0.0,0.0,0.0,FXED
2021-11-08 00:00:00-05:00,16.87514134980873,16.87514134980873,16.859251022338867,16.859251022338867,7800,0.0,0.0,0.0,FXED
2021-11-09 00:00:00-05:00,16.835414162833498,16.85924813457081,16.835414162833498,16.839385986328125,1500,0.0,0.0,0.0,FXED
2021-11-10 00:00:00-05:00,16.835414388595737,16.835414388595737,16.755964279174805,16.755964279174805,6500,0.0,0.0,0.0,FXED
2021-11-11 00:00:00-05:00,16.77582240853382,16.787739391707213,16.7718505859375,16.7718505859375,900,0.0,0.0,0.0,FXED
2021-11-12 00:00:00-05:00,16.755960264783358,16.843355515746715,16.755960264783358,16.7718505859375,3900,0.0,0.0,0.0,FXED
2021-11-15 00:00:00-05:00,16.795683764271168,16.795683764271168,16.7321239980211,16.73609733581543,4100,0.0,0.0,0.0,FXED
2021-11-16 00:00:00-05:00,16.71619976381312,16.71619976381312,16.701871871948242,16.701871871948242,1800,0.04,0.0,0.0,FXED
2021-11-17 00:00:00-05:00,16.668445277075342,16.690733453824752,16.668445277075342,16.684364318847656,8700,0.0,0.0,0.0,FXED
2021-11-18 00:00:00-05:00,16.69230842590332,16.698677554709448,16.69230842590332,16.69230842590332,1400,0.0,0.0,0.0,FXED
2021-11-19 00:00:00-05:00,16.66048041589227,16.684359731118686,16.644559860229492,16.644559860229492,5800,0.0,0.0,0.0,FXED
2021-11-22 00:00:00-05:00,16.660471308754616,16.676391855714723,16.610322952270508,16.610322952270508,1100,0.0,0.0,0.0,FXED
2021-11-23 00:00:00-05:00,16.58087886638915,16.604759699466424,16.556998033311874,16.568939208984375,10900,0.0,0.0,0.0,FXED
2021-11-24 00:00:00-05:00,16.564959223071103,16.60476061372469,16.533119628816042,16.56097984313965,9600,0.0,0.0,0.0,FXED
2021-11-26 00:00:00-05:00,16.39779381322669,16.40575408935547,16.39779381322669,16.40575408935547,400,0.0,0.0,0.0,FXED
2021-11-29 00:00:00-05:00,16.446348573415595,16.477394104003906,16.437592725660178,16.477394104003906,10400,0.0,0.0,0.0,FXED
2021-11-30 00:00:00-05:00,16.413597901553338,16.413597901553338,16.39286231994629,16.39286231994629,700,0.04,0.0,0.0,FXED
2021-12-01 00:00:00-05:00,16.557156760253015,16.557156760253015,16.39206314086914,16.39206314086914,3900,0.0,0.0,0.0,FXED
2021-12-02 00:00:00-05:00,16.34180678841572,16.48935317993164,16.34180678841572,16.48935317993164,2100,0.0,0.0,0.0,FXED
2021-12-03 00:00:00-05:00,16.44549210943105,16.447086334228516,16.44549210943105,16.447086334228516,10100,0.0,0.0,0.0,FXED
2021-12-06 00:00:00-05:00,16.50132631826401,16.54279899597168,16.477399246860866,16.54279899597168,6000,0.0,0.0,0.0,FXED
2021-12-07 00:00:00-05:00,16.660832099755236,16.660832099755236,16.633716583251953,16.633716583251953,20700,0.0,0.0,0.0,FXED
2021-12-08 00:00:00-05:00,16.557155143073288,16.676787461378964,16.557155143073288,16.634517669677734,29100,0.0,0.0,0.0,FXED
2021-12-09 00:00:00-05:00,16.59702598075466,16.59702598075466,16.58905029296875,16.58905029296875,4600,0.0,0.0,0.0,FXED
2021-12-10 00:00:00-05:00,16.60500166854057,16.628928731898302,16.58905029296875,16.58905029296875,33200,0.0,0.0,0.0,FXED
2021-12-13 00:00:00-05:00,16.565124432622884,16.597025661946844,16.541197369724763,16.58745574951172,11700,0.0,0.0,0.0,FXED
2021-12-14 00:00:00-05:00,16.54910601520065,16.58107025571399,16.505157470703125,16.505157470703125,46300,0.04,0.0,0.0,FXED
2021-12-15 00:00:00-05:00,16.49316913175103,16.561092376708984,16.49316913175103,16.561092376708984,24900,0.0,0.0,0.0,FXED
2021-12-16 00:00:00-05:00,16.613042371923434,16.62103191170047,16.589069180173528,16.59626007080078,6400,0.0,0.0,0.0,FXED
2021-12-17 00:00:00-05:00,16.581063930517274,16.581063930517274,16.557090759277344,16.557090759277344,1900,0.0,0.0,0.0,FXED
2021-12-20 00:00:00-05:00,16.476381209345796,16.476381209345796,16.413254456555475,16.4596004486084,2100,0.0,0.0,0.0,FXED
2021-12-21 00:00:00-05:00,16.461208213924223,16.605044255050405,16.461208213924223,16.585065841674805,6900,0.0,0.0,0.0,FXED
2021-12-22 00:00:00-05:00,16.62901157839286,16.664970579302263,16.617025752802572,16.657779693603516,8700,0.0,0.0,0.0,FXED
2021-12-23 00:00:00-05:00,16.684939536375403,16.719301223754883,16.684939536375403,16.719301223754883,600,0.0,0.0,0.0,FXED
2021-12-27 00:00:00-05:00,16.721706941083493,16.740885176859855,16.684947766764623,16.736888885498047,7900,0.0,0.0,0.0,FXED
2021-12-28 00:00:00-05:00,16.77298293897635,16.78100463527692,16.76496124267578,16.76496124267578,2100,0.08,0.0,0.0,FXED
2021-12-29 00:00:00-05:00,16.772985458374023,16.772985458374023,16.772985458374023,16.772985458374023,0,0.0,0.0,0.0,FXED
2021-12-30 00:00:00-05:00,16.821110538110354,16.845175625511757,16.821110538110354,16.84116554260254,23600,0.0,0.0,0.0,FXED
2021-12-31 00:00:00-05:00,16.81870275123954,16.893303140209476,16.805067552271144,16.881271362304688,10200,0.0,0.0,0.0,FXED
2022-01-03 00:00:00-05:00,16.853193962133638,16.909344291563002,16.8211071853273,16.83715057373047,14800,0.0,0.0,0.0,FXED
2022-01-04 00:00:00-05:00,16.837153929711288,16.845175625511757,16.837153929711288,16.84116554260254,33100,0.0,0.0,0.0,FXED
2022-01-05 00:00:00-05:00,16.825119488938256,16.83715126574428,16.696775436401367,16.696775436401367,11800,0.0,0.0,0.0,FXED
2022-01-06 00:00:00-05:00,16.708812713623047,16.708812713623047,16.708812713623047,16.708812713623047,27500,0.0,0.0,0.0,FXED
2022-01-07 00:00:00-05:00,16.724857090387136,16.781007443906855,16.724857090387136,16.745712280273438,4700,0.0,0.0,0.0,FXED
2022-01-10 00:00:00-05:00,16.72485694574014,16.72485694574014,16.684748457871237,16.704803466796875,1900,0.0,0.0,0.0,FXED
2022-01-11 00:00:00-05:00,16.78115298506105,16.78115298506105,16.780349731445312,16.780349731445312,200,0.04,0.0,0.0,FXED
2022-01-12 00:00:00-05:00,16.82134220825095,16.822145462036133,16.813305071617915,16.822145462036133,4000,0.0,0.0,0.0,FXED
2022-01-13 00:00:00-05:00,16.829377389746735,16.829377389746735,16.77311897277832,16.77311897277832,18200,0.0,0.0,0.0,FXED
2022-01-14 00:00:00-05:00,16.76507935712185,16.76507935712185,16.71685655005918,16.725698471069336,5200,0.0,0.0,0.0,FXED
2022-01-18 00:00:00-05:00,16.680689639947936,16.68470897352884,16.637290954589844,16.637290954589844,6600,0.0,0.0,0.0,FXED
2022-01-19 00:00:00-05:00,16.652562958538944,16.652562958538944,16.613182067871094,16.613182067871094,60200,0.0,0.0,0.0,FXED
2022-01-20 00:00:00-05:00,16.529598236083984,16.529598236083984,16.529598236083984,16.529598236083984,100,0.0,0.0,0.0,FXED
2022-01-21 00:00:00-05:00,16.46771069841313,16.499859234866722,16.44601058959961,16.44601058959961,600,0.0,0.0,0.0,FXED
2022-01-24 00:00:00-05:00,16.403421103072088,16.403421103072088,16.250718565430923,16.355199813842773,4100,0.0,0.0,0.0,FXED
2022-01-25 00:00:00-05:00,16.274671407527915,16.371305465698242,16.26259272623647,16.371305465698242,8100,0.04,0.0,0.0,FXED
2022-01-26 00:00:00-05:00,16.41156025480081,16.532353148895375,16.314927782659705,16.33103370666504,25600,0.0,0.0,0.0,FXED
2022-01-27 00:00:00-05:00,16.41961118257913,16.41961118257913,16.24164581298828,16.24164581298828,3800,0.0,0.0,0.0,FXED
2022-01-28 00:00:00-05:00,16.161930028035727,16.249706268310547,16.149851348930223,16.249706268310547,3800,0.0,0.0,0.0,FXED
2022-01-31 00:00:00-05:00,16.26661344919833,16.394651412963867,16.26661344919833,16.394651412963867,1700,0.0,0.0,0.0,FXED
2022-02-01 00:00:00-05:00,16.451825456536728,16.458267211914062,16.427666569953498,16.458267211914062,26000,0.0,0.0,0.0,FXED
2022-02-02 00:00:00-05:00,16.46793138582347,16.4920887364684,16.448604583740234,16.448604583740234,7300,0.0,0.0,0.0,FXED
2022-02-03 00:00:00-05:00,16.38740693686996,16.38740693686996,16.323789596557617,16.323789596557617,1000,0.0,0.0,0.0,FXED
2022-02-04 00:00:00-05:00,16.274663277113177,16.274663277113177,16.21748924255371,16.21748924255371,10700,0.0,0.0,0.0,FXED
2022-02-07 00:00:00-05:00,16.202189689624234,16.226347040138723,16.202189689624234,16.21748924255371,800,0.0,0.0,0.0,FXED
2022-02-08 00:00:00-05:00,16.186090106586228,16.186090106586228,16.17642593383789,16.17642593383789,3200,0.0,0.0,0.0,FXED
2022-02-09 00:00:00-05:00,16.21023927508925,16.281909554953515,16.21023927508925,16.218292236328125,6900,0.0,0.0,0.0,FXED
2022-02-10 00:00:00-05:00,16.169984612367845,16.169984612367845,16.13294219970703,16.13294219970703,500,0.0,0.0,0.0,FXED
2022-02-11 00:00:00-05:00,16.089365846063668,16.129709677334745,16.008676644503005,16.032075881958008,7300,0.04,0.0,0.0,FXED
2022-02-14 00:00:00-05:00,15.919915790052027,15.980433066174092,15.879571965316158,15.919109344482422,900,0.0,0.0,0.0,FXED
2022-02-15 00:00:00-05:00,15.936064600873813,16.081304929555245,15.851341588816076,15.960271835327148,15600,0.0,0.0,0.0,FXED
2022-02-16 00:00:00-05:00,15.94412770248305,16.065160751342773,15.94412770248305,16.065160751342773,5800,0.0,0.0,0.0,FXED
2022-02-17 00:00:00-05:00,16.065156867076695,16.12970791346251,16.065156867076695,16.081295013427734,11800,0.0,0.0,0.0,FXED
2022-02-18 00:00:00-05:00,16.0490231168798,16.09743756919462,16.02885119792467,16.032886505126953,18400,0.0,0.0,0.0,FXED
2022-02-22 00:00:00-05:00,15.97640884557567,15.97640884557567,15.911857757798328,15.940098762512207,900,0.0,0.0,0.0,FXED
2022-02-23 00:00:00-05:00,15.944132814111368,15.960303704883716,15.814768772214642,15.855195999145508,6900,0.04,0.0,0.0,FXED
2022-02-24 00:00:00-05:00,15.709656772572854,15.734721183776857,15.709656772572854,15.734721183776855,6700,0.0,0.0,0.0,FXED
2022-02-25 00:00:00-05:00,15.847113628284585,15.995882459542816,15.725835008244562,15.961114883422852,6000,0.0,0.0,0.0,FXED
2022-02-28 00:00:00-05:00,15.90370292299758,16.01689604418384,15.90370292299758,16.0007266998291,14000,0.0,0.0,0.0,FXED
2022-03-01 00:00:00-05:00,15.980507216251132,15.980507216251132,15.97969913482666,15.97969913482666,400,0.0,0.0,0.0,FXED
2022-03-02 00:00:00-05:00,15.90370412684445,16.057324475897552,15.90370412684445,16.041961669921875,10000,0.0,0.0,0.0,FXED
2022-03-03 00:00:00-05:00,16.073501422574196,16.073501422574196,15.992650030024205,16.016904830932617,4600,0.0,0.0,0.0,FXED
2022-03-04 00:00:00-05:00,15.968389791140261,15.992646128272279,15.895622321885298,15.964347839355469,3300,0.0,0.0,0.0,FXED
2022-03-07 00:00:00-05:00,15.839028977894852,15.9117964620067,15.750090599060059,15.750090599060059,3400,0.0,0.0,0.0,FXED
2022-03-08 00:00:00-05:00,15.677321839501495,15.705620131893706,15.62072525471707,15.704812049865723,4500,0.0,0.0,0.0,FXED
2022-03-09 00:00:00-05:00,15.750087893509031,15.750087893509031,15.725833097732504,15.738768577575684,800,0.0,0.0,0.0,FXED
2022-03-10 00:00:00-05:00,15.628807058296518,15.709659964344889,15.628807058296518,15.693489074707031,9400,0.0,0.0,0.0,FXED
2022-03-11 00:00:00-05:00,15.69511456985198,15.704026465026605,15.571964448427297,15.644882202148438,7800,0.04,0.0,0.0,FXED
2022-03-14 00:00:00-04:00,15.628677153849262,15.673236623150665,15.442330952196818,15.454484939575195,3900,0.0,0.0,0.0,FXED
2022-03-15 00:00:00-04:00,15.409928944954792,15.52335589526482,15.393724653388704,15.50715160369873,12200,0.0,0.0,0.0,FXED
2022-03-16 00:00:00-04:00,15.571960723810294,15.580062866210938,15.571960723810294,15.580062866210938,1700,0.0,0.0,0.0,FXED
2022-03-17 00:00:00-04:00,15.624623063146078,15.710504531860352,15.624623063146078,15.710504531860352,1800,0.0,0.0,0.0,FXED
2022-03-18 00:00:00-04:00,15.76640838364072,15.80691909790039,15.620574448283124,15.80691909790039,12900,0.0,0.0,0.0,FXED
2022-03-21 00:00:00-04:00,15.774508049803758,15.774508049803758,15.693489724656242,15.753443717956543,1800,0.0,0.0,0.0,FXED
2022-03-22 00:00:00-04:00,15.701593091575026,15.782612976344609,15.701593091575026,15.754256248474121,5200,0.0,0.0,0.0,FXED
2022-03-23 00:00:00-04:00,15.685384377991602,15.746148109436035,15.685384377991602,15.746148109436035,1400,0.0,0.0,0.0,FXED
2022-03-24 00:00:00-04:00,15.652983624810043,15.750207807064408,15.652983624810043,15.713748931884766,9000,0.0,0.0,0.0,FXED
2022-03-25 00:00:00-04:00,15.738105773925781,15.738105773925781,15.738105773925781,15.738105773925781,100,0.04,0.0,0.0,FXED
2022-03-28 00:00:00-04:00,15.774637648619644,15.798992762663726,15.7218656539917,15.7218656539917,21200,0.0,0.0,0.0,FXED
2022-03-29 00:00:00-04:00,15.855822833551573,15.945127487182617,15.855822833551573,15.945127487182617,24200,0.0,0.0,0.0,FXED
2022-03-30 00:00:00-04:00,16.0019588470459,16.04255328095286,16.0019588470459,16.0019588470459,12300,0.0,0.0,0.0,FXED
2022-03-31 00:00:00-04:00,16.01007999107424,16.01007999107424,15.92889420885264,15.981664657592773,3000,0.0,0.0,0.0,FXED
2022-04-01 00:00:00-04:00,15.91265092155492,16.00601577758789,15.91265092155492,16.00601577758789,5900,0.0,0.0,0.0,FXED
2022-04-04 00:00:00-04:00,15.993847048357106,16.04661750793457,15.993847048357106,16.04661750793457,1000,0.0,0.0,0.0,FXED
2022-04-05 00:00:00-04:00,15.985717924511167,16.022252130031998,15.937004618137488,15.941064834594727,3300,0.0,0.0,0.0,FXED
2022-04-06 00:00:00-04:00,15.782756020268032,15.798992246260239,15.644738033958117,15.78681468963623,5200,0.0,0.0,0.0,FXED
2022-04-07 00:00:00-04:00,15.7908693540402,15.7908693540402,15.76245403289795,15.76245403289795,3600,0.0,0.0,0.0,FXED
2022-04-08 00:00:00-04:00,15.660973318208823,15.738100412095859,15.652854432244006,15.721051216125488,7600,0.0,0.0,0.0,FXED
2022-04-11 00:00:00-04:00,15.705619339026589,15.705619339026589,15.620373389185826,15.640669822692871,1100,0.0,0.0,0.0,FXED
2022-04-12 00:00:00-04:00,15.491791085865854,15.620334183809035,15.491791085865854,15.559316635131836,3400,0.04,0.0,0.0,FXED
2022-04-13 00:00:00-04:00,15.595933282993522,15.612204842913718,15.595933282993522,15.608136177062988,1000,0.0,0.0,0.0,FXED
2022-04-14 00:00:00-04:00,15.644750248327338,15.644750248327338,15.604072890290947,15.616275787353516,8300,0.0,0.0,0.0,FXED
2022-04-18 00:00:00-04:00,15.587798765744983,15.59593454636413,15.522714072533288,15.583731651306152,2200,0.0,0.0,0.0,FXED
2022-04-19 00:00:00-04:00,15.559316635131836,15.571519524170988,15.498299086454638,15.559316635131836,6000,0.0,0.0,0.0,FXED
2022-04-20 00:00:00-04:00,15.60407412063297,15.60407412063297,15.567463874816895,15.567463874816895,1200,0.0,0.0,0.0,FXED
2022-04-21 00:00:00-04:00,15.63254533769029,15.63254533769029,15.473901489344298,15.56664752960205,3900,0.0,0.0,0.0,FXED
2022-04-22 00:00:00-04:00,15.490170967773523,15.490170967773523,15.368135822313194,15.404746055603027,2300,0.0,0.0,0.0,FXED
2022-04-25 00:00:00-04:00,15.303050299460203,15.34454230871944,15.254237174987793,15.254237174987793,1200,0.0,0.0,0.0,FXED
2022-04-26 00:00:00-04:00,15.327612796994266,15.386314705730241,15.180860357742294,15.27054214477539,3700,0.04,0.0,0.0,FXED
2022-04-27 00:00:00-04:00,15.164552327070103,15.278693618819576,15.104219168523837,15.2623872756958,3000,0.0,0.0,0.0,FXED
2022-04-28 00:00:00-04:00,15.176776885986328,15.176776885986328,15.176776885986328,15.176776885986328,900,0.0,0.0,0.0,FXED
2022-04-29 00:00:00-04:00,15.270539128192254,15.270539128192254,15.034103393554688,15.034103393554688,13100,0.0,0.0,0.0,FXED
2022-05-02 00:00:00-04:00,14.5367667344975,14.97702850561502,14.5367667344975,14.83027458190918,6100,0.0,0.0,0.0,FXED
2022-05-03 00:00:00-04:00,14.91181327985102,14.952577590942383,14.854741067240806,14.952577590942383,4200,0.0,0.0,0.0,FXED
2022-05-04 00:00:00-04:00,14.871045788115037,15.107483120764083,14.862892615776246,15.099329948425293,6000,0.0,0.0,0.0,FXED
2022-05-05 00:00:00-04:00,15.123789563596656,15.123789563596656,14.92811807125229,14.952577590942383,5000,0.0,0.0,0.0,FXED
2022-05-06 00:00:00-04:00,14.90365364691878,14.90365364691878,14.793588188607309,14.84658145904541,1000,0.0,0.0,0.0,FXED
2022-05-09 00:00:00-04:00,14.699840178185676,14.699840178185676,14.561239298727513,14.61830997467041,3300,0.0,0.0,0.0,FXED
2022-05-10 00:00:00-04:00,14.601998329162598,14.610151502064209,14.553080846811646,14.601998329162598,4600,0.0,0.0,0.0,FXED
2022-05-11 00:00:00-04:00,14.610167507516962,14.614253997802734,14.610167507516962,14.614253997802734,2000,0.04,0.0,0.0,FXED
2022-05-12 00:00:00-04:00,14.503943032999382,14.601998544895345,14.463087478857434,14.536628723144531,10000,0.0,0.0,0.0,FXED
2022-05-13 00:00:00-04:00,14.593819955205362,14.626504070759566,14.577477118158898,14.585648536682129,4000,0.0,0.0,0.0,FXED
2022-05-16 00:00:00-04:00,14.610168242045022,14.691880907935257,14.610168242045022,14.675538063049316,2100,0.0,0.0,0.0,FXED
2022-05-17 00:00:00-04:00,14.798107360077895,14.798107360077895,14.667367722319566,14.73273754119873,800,0.0,0.0,0.0,FXED
2022-05-18 00:00:00-04:00,14.642856751728868,14.708226585322041,14.577486918135694,14.602001190185547,3000,0.0,0.0,0.0,FXED
2022-05-19 00:00:00-04:00,14.479427204321114,14.557871605380564,14.463085919549828,14.52845573425293,2000,0.0,0.0,0.0,FXED
2022-05-20 00:00:00-04:00,14.536630237725081,14.536630237725081,14.414060445449634,14.459002494812012,36600,0.0,0.0,0.0,FXED
2022-05-23 00:00:00-04:00,14.381375631187463,14.651026356086122,14.381375631187463,14.47534465789795,33900,0.0,0.0,0.0,FXED
2022-05-24 00:00:00-04:00,14.454918025184583,14.512116432189941,14.397719618179226,14.512116432189941,900,0.0,0.0,0.0,FXED
2022-05-25 00:00:00-04:00,14.626767784717348,14.782370567321777,14.618577917939636,14.782370567321777,4900,0.04,0.0,0.0,FXED
2022-05-26 00:00:00-04:00,14.946176811216791,15.02807398286806,14.901133288705662,15.01988410949707,2000,0.0,0.0,0.0,FXED
2022-05-27 00:00:00-04:00,15.04444260414199,15.109959980600733,15.011683134883883,15.09358024597168,1800,0.0,0.0,0.0,FXED
2022-05-31 00:00:00-04:00,15.22461400816615,15.22461400816615,15.036251758361889,15.097673416137695,800,0.0,0.0,0.0,FXED
2022-06-01 00:00:00-04:00,15.109960220406926,15.109960220406926,15.036252975463867,15.036252975463867,9600,0.0,0.0,0.0,FXED
2022-06-02 00:00:00-04:00,15.060825789021058,15.133714538937804,15.060825789021058,15.10586929321289,800,0.0,0.0,0.0,FXED
2022-06-03 00:00:00-04:00,15.036253251875381,15.118148803710938,15.036253251875381,15.118148803710938,900,0.0,0.0,0.0,FXED
2022-06-06 00:00:00-04:00,15.04034996032715,15.11815137261409,15.04034996032715,15.040349960327148,9600,0.0,0.0,0.0,FXED
2022-06-07 00:00:00-04:00,14.937975011293837,14.999398231506346,14.929785144461677,14.999398231506348,1400,0.0,0.0,0.0,FXED
2022-06-08 00:00:00-04:00,15.06081965433758,15.06081965433758,15.05672550201416,15.05672550201416,5700,0.0,0.0,0.0,FXED
2022-06-09 00:00:00-04:00,14.89703529749125,15.0444498560968,14.823328018188477,14.823328018188477,6400,0.0,0.0,0.0,FXED
2022-06-10 00:00:00-04:00,14.692279738137218,14.692279738137218,14.585813071350913,14.626762390136719,3900,0.0,0.0,0.0,FXED
2022-06-13 00:00:00-04:00,14.331940853963117,14.405648103319535,14.053491592407227,14.053491592407227,3600,0.0,0.0,0.0,FXED
2022-06-14 00:00:00-04:00,13.955220630829556,14.069875693373897,13.930651019402308,14.004358291625977,3200,0.0,0.0,0.0,FXED
2022-06-15 00:00:00-04:00,14.045302389953855,14.127199511125536,13.987974873750977,14.092803001403809,9700,0.0,0.0,0.0,FXED
2022-06-16 00:00:00-04:00,14.086249918527223,14.102628091007395,13.947025299072266,13.947025299072266,9100,0.0,0.0,0.0,FXED
2022-06-17 00:00:00-04:00,13.955213316037467,14.012540817260742,13.938833583671602,14.012540817260742,4400,0.0,0.0,0.0,FXED
2022-06-21 00:00:00-04:00,13.979778802948665,14.10262364917416,13.922451312180566,14.094433784484863,3300,0.0,0.0,0.0,FXED
2022-06-22 00:00:00-04:00,14.028917666539957,14.102624893188477,14.028917666539957,14.102624893188477,4000,0.0,0.0,0.0,FXED
2022-06-23 00:00:00-04:00,14.110817909240723,14.110817909240723,14.110817909240723,14.110817909240723,100,0.0,0.0,0.0,FXED
2022-06-24 00:00:00-04:00,14.192712929821921,14.250040430005939,14.159955027741294,14.233660697937012,14700,0.0,0.0,0.0,FXED
2022-06-27 00:00:00-04:00,14.258230411390576,14.290989875793457,14.233660813088417,14.290989875793457,1100,0.0,0.0,0.0,FXED
2022-06-28 00:00:00-04:00,14.340125764806452,14.381073528268498,14.241848945617676,14.241848945617676,12400,0.0,0.0,0.0,FXED
2022-06-29 00:00:00-04:00,14.232845306396484,14.232845306396484,14.232845306396484,14.232845306396484,300,0.0,0.0,0.0,FXED
2022-06-30 00:00:00-04:00,14.127192597616062,14.188615798950195,14.119002733301052,14.188615798950195,700,0.0,0.0,0.0,FXED
2022-07-01 00:00:00-04:00,14.192719517351346,14.32375431060791,14.1517717302304,14.32375431060791,5700,0.0,0.0,0.0,FXED
2022-07-05 00:00:00-04:00,14.315556843599751,14.389264070947869,14.217281581840343,14.319652557373047,5200,0.0,0.0,0.0,FXED
2022-07-06 00:00:00-04:00,14.44659613182152,14.44659613182152,14.376984596252441,14.376984596252441,2100,0.0,0.0,0.0,FXED
2022-07-07 00:00:00-04:00,14.422024726867676,14.422024726867676,14.422024726867676,14.422024726867676,100,0.0,0.0,0.0,FXED
2022-07-08 00:00:00-04:00,14.438402090187616,14.462971687316895,14.413834055115501,14.462971687316895,3300,0.0,0.0,0.0,FXED
2022-07-11 00:00:00-04:00,14.462972901293702,14.47525691986084,14.462972901293702,14.47525691986084,3300,0.0,0.0,0.0,FXED
2022-07-12 00:00:00-04:00,14.442422866821289,14.442422866821289,14.442422866821289,14.442422866821289,200,0.04,0.0,0.0,FXED
2022-07-13 00:00:00-04:00,14.38906860656017,14.512192093008988,14.38906860656017,14.434212684631348,1600,0.0,0.0,0.0,FXED
2022-07-14 00:00:00-04:00,14.323410283957983,14.401388168334961,14.323410283957983,14.401388168334961,5700,0.0,0.0,0.0,FXED
2022-07-15 00:00:00-04:00,14.446527870704475,14.446527870704475,14.364445014643604,14.442422866821289,1600,0.0,0.0,0.0,FXED
2022-07-18 00:00:00-04:00,14.569660909509789,14.569660909509789,14.413703537462169,14.491683006286621,5600,0.0,0.0,0.0,FXED
2022-07-19 00:00:00-04:00,14.53271964394761,14.610697525523301,14.53271964394761,14.60659408569336,2000,0.0,0.0,0.0,FXED
2022-07-20 00:00:00-04:00,14.651729502565885,14.73381233215332,14.651729502565885,14.73381233215332,2600,0.0,0.0,0.0,FXED
2022-07-21 00:00:00-04:00,14.750235834292914,14.783069610595703,14.725612067666447,14.783069610595703,1800,0.0,0.0,0.0,FXED
2022-07-22 00:00:00-04:00,14.840528318280553,14.889777420999417,14.832319873560618,14.848736763000488,6900,0.0,0.0,0.0,FXED
2022-07-25 00:00:00-04:00,14.856943183316053,14.922609166527153,14.815900965308783,14.869255065917969,7700,0.0,0.0,0.0,FXED
2022-07-26 00:00:00-04:00,14.877488652924896,14.955640693542817,14.782884955025438,14.893941879272461,6900,0.04,0.0,0.0,FXED
2022-07-27 00:00:00-04:00,14.980315025759227,14.98854163677028,14.962217422974277,14.963863372802734,2900,0.0,0.0,0.0,FXED
2022-07-28 00:00:00-04:00,15.079025502694812,15.079025502694812,15.046120643615723,15.046120643615723,14000,0.0,0.0,0.0,FXED
2022-07-29 00:00:00-04:00,15.268244187478462,15.28469741386769,15.194206237792969,15.194206237792969,1600,0.0,0.0,0.0,FXED
2022-08-01 00:00:00-04:00,15.167874248746976,15.206539154052734,15.167874248746976,15.206539154052734,500,0.0,0.0,0.0,FXED
2022-08-02 00:00:00-04:00,15.334049377739186,15.334049377739186,15.210653367411922,15.268238067626953,2600,0.0,0.0,0.0,FXED
2022-08-03 00:00:00-04:00,15.218876425354468,15.288800239562988,15.218876425354468,15.288800239562988,1100,0.0,0.0,0.0,FXED
2022-08-04 00:00:00-04:00,15.358717918395998,15.358717918395998,15.284680052806207,15.358717918395996,1000,0.0,0.0,0.0,FXED
2022-08-05 00:00:00-04:00,15.227104891973463,15.227104891973463,15.206539154052734,15.206539154052734,1200,0.0,0.0,0.0,FXED
2022-08-08 00:00:00-04:00,15.260007120110076,15.260830879211426,15.260007120110076,15.260830879211426,600,0.0,0.0,0.0,FXED
2022-08-09 00:00:00-04:00,15.30936561403801,15.379289419431469,15.235327720642088,15.23532772064209,4400,0.0,0.0,0.0,FXED
2022-08-10 00:00:00-04:00,15.292914328084098,15.35049901485936,15.227103033331653,15.288800239562988,2200,0.0,0.0,0.0,FXED
2022-08-11 00:00:00-04:00,15.268195463291887,15.350637435913086,15.268195463291887,15.350637435913086,800,0.04,0.0,0.0,FXED
2022-08-12 00:00:00-04:00,15.375364941262028,15.424829483032227,15.26571804239577,15.424829483032227,6600,0.0,0.0,0.0,FXED
2022-08-15 00:00:00-04:00,15.453681945800781,15.453681945800781,15.453681945800781,15.453681945800781,500,0.0,0.0,0.0,FXED
2022-08-16 00:00:00-04:00,15.383608364333906,15.474294662475586,15.375364012461995,15.474294662475586,1400,0.0,0.0,0.0,FXED
2022-08-17 00:00:00-04:00,15.367121693021282,15.424830591307806,15.30116844177246,15.301168441772461,7500,0.0,0.0,0.0,FXED
2022-08-18 00:00:00-04:00,15.268197130432158,15.334150401240613,15.161022082587165,15.255829811096191,4500,0.0,0.0,0.0,FXED
2022-08-19 00:00:00-04:00,15.259945996330016,15.259945996330016,15.15277099609375,15.15277099609375,4200,0.0,0.0,0.0,FXED
2022-08-22 00:00:00-04:00,14.996139207718889,14.996139207718889,14.930185939039392,14.979650497436523,2700,0.0,0.0,0.0,FXED
2022-08-23 00:00:00-04:00,14.979645644373598,14.987889996843798,14.880714987180644,14.942546844482422,4100,0.0,0.0,0.0,FXED
2022-08-24 00:00:00-04:00,14.884839057922363,14.946669347378393,14.814762842932714,14.884839057922363,8800,0.0,0.0,0.0,FXED
2022-08-25 00:00:00-04:00,14.897224424072835,15.021161079406738,14.872436462630025,15.021161079406738,2900,0.04,0.0,0.0,FXED
2022-08-26 00:00:00-04:00,15.050095369556486,15.050095369556486,14.971602439880371,14.971602439880371,1500,0.0,0.0,0.0,FXED
2022-08-29 00:00:00-04:00,14.876577377319336,14.876577377319336,14.876577377319336,14.876577377319336,100,0.0,0.0,0.0,FXED
2022-08-30 00:00:00-04:00,14.802212715148926,14.802212715148926,14.802212715148926,14.802212715148926,900,0.0,0.0,0.0,FXED
2022-08-31 00:00:00-04:00,14.686540603637697,14.686540603637697,14.686540603637697,14.686540603637695,400,0.0,0.0,0.0,FXED
2022-09-01 00:00:00-04:00,14.583254858860423,14.65761719262204,14.566729545593262,14.566729545593262,7000,0.0,0.0,0.0,FXED
2022-09-02 00:00:00-04:00,14.492371062164604,14.599782463376776,14.467583088373706,14.55020809173584,7100,0.0,0.0,0.0,FXED
2022-09-06 00:00:00-04:00,14.537821769714355,14.537821769714355,14.393229111714577,14.537821769714355,1600,0.0,0.0,0.0,FXED
2022-09-07 00:00:00-04:00,14.442802854898519,14.550215889617304,14.38496579433073,14.500639915466309,6400,0.0,0.0,0.0,FXED
2022-09-08 00:00:00-04:00,14.484107477911875,14.54194450378418,14.484107477911875,14.54194450378418,2600,0.0,0.0,0.0,FXED
2022-09-09 00:00:00-04:00,14.55020433120453,14.641090393066406,14.55020433120453,14.641090393066406,4300,0.0,0.0,0.0,FXED
2022-09-12 00:00:00-04:00,14.765314577492838,14.8025798767264,14.728049278259277,14.728049278259277,4400,0.04,0.0,0.0,FXED
2022-09-13 00:00:00-04:00,14.624536386307767,14.661801689752481,14.516881942749023,14.516881942749023,3100,0.0,0.0,0.0,FXED
2022-09-14 00:00:00-04:00,14.479616544866591,14.54172433053152,14.442351241664925,14.496177673339844,4900,0.0,0.0,0.0,FXED
2022-09-15 00:00:00-04:00,14.492040634155273,14.55828989958827,14.492040634155273,14.492040634155273,1300,0.0,0.0,0.0,FXED
2022-09-16 00:00:00-04:00,14.38438499070854,14.43407154083252,14.359540925893075,14.43407154083252,2500,0.0,0.0,0.0,FXED
2022-09-19 00:00:00-04:00,14.45891392097842,14.475476630734931,14.40922737121582,14.40922737121582,3200,0.0,0.0,0.0,FXED
2022-09-20 00:00:00-04:00,14.3968023185997,14.3968023185997,14.326411610516592,14.395145416259766,2100,0.0,0.0,0.0,FXED
2022-09-21 00:00:00-04:00,14.34297452447073,14.475473010370639,14.309850692749025,14.309850692749023,11300,0.0,0.0,0.0,FXED
2022-09-22 00:00:00-04:00,14.251880846312012,14.251880846312012,14.044851770128469,14.077977180480957,12400,0.0,0.0,0.0,FXED
2022-09-23 00:00:00-04:00,14.0779773835495,14.0779773835495,13.812980414933142,13.904073715209961,4700,0.0,0.0,0.0,FXED
2022-09-26 00:00:00-04:00,13.854387026960032,13.854387026960032,13.65563928001249,13.717748641967773,2100,0.0,0.0,0.0,FXED
2022-09-27 00:00:00-04:00,13.613982721476889,13.647188318153685,13.497766299768097,13.571647644042969,11600,0.04,0.0,0.0,FXED
2022-09-28 00:00:00-04:00,13.663791864184352,13.771708488464355,13.601533734789212,13.771708488464355,5800,0.0,0.0,0.0,FXED
2022-09-29 00:00:00-04:00,13.66378981999018,13.66378981999018,13.572477593872174,13.618134498596191,3400,0.0,0.0,0.0,FXED
2022-09-30 00:00:00-04:00,13.489462833984616,13.63058343158103,13.489462833984616,13.551722526550293,9300,0.0,0.0,0.0,FXED
2022-10-03 00:00:00-04:00,13.705295709446167,13.788308112844108,13.655488900739364,13.701144218444824,8500,0.0,0.0,0.0,FXED
2022-10-04 00:00:00-04:00,13.80490567505734,14.012435836989425,13.80490567505734,13.979231834411621,5800,0.0,0.0,0.0,FXED
2022-10-05 00:00:00-04:00,13.887920494232182,13.954330094374097,13.871317698364262,13.937728881835938,1600,0.0,0.0,0.0,FXED
2022-10-06 00:00:00-04:00,13.821510931647923,13.912824725839846,13.813209533691406,13.813209533691406,9000,0.0,0.0,0.0,FXED
2022-10-07 00:00:00-04:00,13.788303103483583,13.838109894095327,13.680386543273926,13.680386543273926,9300,0.0,0.0,0.0,FXED
2022-10-10 00:00:00-04:00,13.730194430321902,13.730194430321902,13.530964108281278,13.61397647857666,6100,0.0,0.0,0.0,FXED
2022-10-11 00:00:00-04:00,13.526605606079102,13.589017528122485,13.526605606079102,13.526605606079102,900,0.04,0.0,0.0,FXED
2022-10-12 00:00:00-04:00,13.45587261910259,13.5058012008667,13.447550924275072,13.5058012008667,700,0.0,0.0,0.0,FXED
2022-10-13 00:00:00-04:00,13.331047602951067,13.493316650390625,13.331047602951067,13.493316650390625,11300,0.0,0.0,0.0,FXED
2022-10-14 00:00:00-04:00,13.551570892333984,13.587352754683588,13.489158969369512,13.551570892333984,1200,0.0,0.0,0.0,FXED
2022-10-17 00:00:00-04:00,13.597336574886702,13.655586844273236,13.543246358798863,13.593174934387207,1700,0.0,0.0,0.0,FXED
2022-10-18 00:00:00-04:00,13.747126237872353,13.747126237872353,13.684714317321777,13.684714317321777,1000,0.0,0.0,0.0,FXED
2022-10-19 00:00:00-04:00,13.680555066388585,13.747127044856608,13.539089413743891,13.605661392211914,12300,0.0,0.0,0.0,FXED
2022-10-20 00:00:00-04:00,13.566545583441007,13.601495742797852,13.566545583441007,13.601495742797852,900,0.0,0.0,0.0,FXED
2022-10-21 00:00:00-04:00,13.44755478710687,13.514126777648926,13.430911392670993,13.514126777648926,2900,0.0,0.0,0.0,FXED
2022-10-24 00:00:00-04:00,13.480838053206357,13.589016914367676,13.480838053206357,13.589016914367676,2800,0.0,0.0,0.0,FXED
2022-10-25 00:00:00-04:00,13.630723542592223,13.805903434753418,13.630723542592223,13.805903434753418,4100,0.04,0.0,0.0,FXED
2022-10-26 00:00:00-04:00,13.8809814453125,13.88932357251498,13.810075750738529,13.8809814453125,700,0.0,0.0,0.0,FXED
2022-10-27 00:00:00-04:00,13.789226989329395,13.931040028823965,13.789226989329395,13.910183906555176,7700,0.0,0.0,0.0,FXED
2022-10-28 00:00:00-04:00,13.972741480409915,14.089528064229187,13.972741480409915,14.055327415466309,6300,0.0,0.0,0.0,FXED
2022-10-31 00:00:00-04:00,14.006110191345215,14.072845610382029,13.947715307477344,14.006110191345215,1600,0.0,0.0,0.0,FXED
2022-11-01 00:00:00-04:00,13.981085777282715,13.981085777282715,13.981085777282715,13.981085777282715,800,0.0,0.0,0.0,FXED
2022-11-02 00:00:00-04:00,13.956062085002054,14.014455397233275,13.92269515991211,13.92269515991211,2500,0.0,0.0,0.0,FXED
2022-11-03 00:00:00-04:00,13.855957020230813,13.926862716674805,13.855957020230813,13.926862716674805,100,0.0,0.0,0.0,FXED
2022-11-04 00:00:00-04:00,13.997768555836993,13.997768555836993,13.864297713083907,13.93103313446045,700,0.0,0.0,0.0,FXED
2022-11-07 00:00:00-05:00,13.906005896244016,14.02279247866823,13.906005896244016,13.96022891998291,2500,0.0,0.0,0.0,FXED
2022-11-08 00:00:00-05:00,14.047821998596191,14.047821998596191,14.047821998596191,14.047821998596191,500,0.0,0.0,0.0,FXED
2022-11-09 00:00:00-05:00,13.989428921728305,13.989428921728305,13.906009232370526,13.956060409545898,1700,0.0,0.0,0.0,FXED
2022-11-10 00:00:00-05:00,14.089854933109958,14.349074363708496,14.089854933109958,14.349074363708496,2700,0.04,0.0,0.0,FXED
2022-11-11 00:00:00-05:00,14.407605171203613,14.407605171203613,14.357434037207824,14.407605171203613,1100,0.0,0.0,0.0,FXED
2022-11-14 00:00:00-05:00,14.45778299639939,14.466143525919401,14.403429985046387,14.403429985046387,2800,0.0,0.0,0.0,FXED
2022-11-15 00:00:00-05:00,14.42432949087363,14.457777976989748,14.390881004757514,14.457777976989746,500,0.0,0.0,0.0,FXED
2022-11-16 00:00:00-05:00,14.415967096479742,14.516310958017185,14.40927803734777,14.48286247253418,13100,0.0,0.0,0.0,FXED
2022-11-17 00:00:00-05:00,14.558116789356871,14.558116789356871,14.49122142791748,14.49122142791748,400,0.0,0.0,0.0,FXED
2022-11-18 00:00:00-05:00,14.424330711364746,14.424330711364746,14.357435328383872,14.424330711364746,1300,0.0,0.0,0.0,FXED
2022-11-21 00:00:00-05:00,14.499586338919856,14.499586338919856,14.44941520690918,14.44941520690918,2000,0.0,0.0,0.0,FXED
2022-11-22 00:00:00-05:00,14.445238846547644,14.524678230285643,14.445238846547644,14.524678230285645,1000,0.0,0.0,0.0,FXED
2022-11-23 00:00:00-05:00,14.499584554514385,14.700270652770996,14.499584554514385,14.700270652770996,6200,0.0,0.0,0.0,FXED
2022-11-25 00:00:00-05:00,14.683513509742488,14.691894702211114,14.61646556854248,14.61646556854248,1600,0.04,0.0,0.0,FXED
2022-11-28 00:00:00-05:00,14.566178066008797,14.599702835083008,14.566178066008797,14.599702835083008,2100,0.0,0.0,0.0,FXED
2022-11-29 00:00:00-05:00,14.582943138302467,14.582943138302467,14.406942863871484,14.504161834716797,2200,0.0,0.0,0.0,FXED
2022-11-30 00:00:00-05:00,14.49913180063143,14.64999008178711,14.415323065366415,14.64999008178711,6700,0.0,0.0,0.0,FXED
2022-12-01 00:00:00-05:00,14.775703476043256,14.80922824602269,14.658369978213278,14.800847053527832,8800,0.0,0.0,0.0,FXED
2022-12-02 00:00:00-05:00,14.658370060656338,14.733799194985279,14.658370060656338,14.679322242736816,4700,0.0,0.0,0.0,FXED
2022-12-05 00:00:00-05:00,14.733795767414975,14.775700121827587,14.700272603594618,14.717033386230469,3100,0.0,0.0,0.0,FXED
2022-12-06 00:00:00-05:00,14.532657096323616,14.591323852539062,14.524275902785808,14.591323852539062,2900,0.0,0.0,0.0,FXED
2022-12-07 00:00:00-05:00,14.482114118512667,14.692121576615628,14.482114118512667,14.676161766052246,17900,0.04,0.0,0.0,FXED
2022-12-08 00:00:00-05:00,14.641719569508977,14.650120059718681,14.574517250061035,14.574517250061035,12100,0.0,0.0,0.0,FXED
2022-12-09 00:00:00-05:00,14.515715845699296,14.582918167114258,14.515715845699296,14.582918167114258,1300,0.0,0.0,0.0,FXED
2022-12-12 00:00:00-05:00,14.53252124786377,14.53252124786377,14.53252124786377,14.53252124786377,1800,0.0,0.0,0.0,FXED
2022-12-13 00:00:00-05:00,14.768277671417598,14.831424984222085,14.625141514072896,14.730388641357422,6900,0.04,0.0,0.0,FXED
2022-12-14 00:00:00-05:00,14.65039167560735,14.726169693721376,14.608293490407481,14.675651550292969,4800,0.0,0.0,0.0,FXED
2022-12-15 00:00:00-05:00,14.658806765735058,14.68827580677704,14.574608817354122,14.650386810302734,9900,0.0,0.0,0.0,FXED
2022-12-16 00:00:00-05:00,14.614192060363424,14.625138170219914,14.5072603225708,14.5072603225708,1700,0.0,0.0,0.0,FXED
2022-12-19 00:00:00-05:00,14.524094482877558,14.524094482877558,14.498834609985352,14.498834609985352,4800,0.0,0.0,0.0,FXED
2022-12-20 00:00:00-05:00,14.423060417175293,14.439900336896788,14.355702344232444,14.423060417175293,8000,0.0,0.0,0.0,FXED
2022-12-21 00:00:00-05:00,14.364122365128805,14.439900398254395,14.364122365128805,14.439900398254395,1000,0.0,0.0,0.0,FXED
2022-12-22 00:00:00-05:00,14.481999262064967,14.481999262064967,14.347283124310758,14.364121437072754,2000,0.0,0.0,0.0,FXED
2022-12-23 00:00:00-05:00,14.35483580936057,14.388612666691106,14.312616348266602,14.312616348266602,4000,0.049,0.0,0.0,FXED
2022-12-27 00:00:00-05:00,14.278836725823165,14.38860988032051,14.278836725823165,14.346388816833496,2500,0.0,0.0,0.0,FXED
2022-12-28 00:00:00-05:00,14.304176286713167,14.329507326495957,14.185958862304688,14.185958862304688,3400,0.0,0.0,0.0,FXED
2022-12-29 00:00:00-05:00,14.211285782835631,14.24506263635382,14.17328762791218,14.228174209594727,8900,0.0,0.0,0.0,FXED
2022-12-30 00:00:00-05:00,13.23177446034474,14.473044356737011,12.98689800405468,14.337940216064453,9300,0.0,0.0,0.0,FXED
2023-01-03 00:00:00-05:00,14.253508372968431,14.304173664385084,14.23662155306559,14.278841018676758,1400,0.0,0.0,0.0,FXED
2023-01-04 00:00:00-05:00,14.304168610901057,14.557488536212054,14.304168610901057,14.498380661010742,5300,0.0,0.0,0.0,FXED
2023-01-05 00:00:00-05:00,14.608156311794115,14.616600526424287,14.481496313480031,14.591269493103027,11300,0.0,0.0,0.0,FXED
2023-01-06 00:00:00-05:00,14.633481716732263,14.802362704654454,14.598016999170927,14.71792221069336,5100,0.0,0.0,0.0,FXED
2023-01-09 00:00:00-05:00,14.827699576235611,14.827699576235611,14.760147476525368,14.793924331665039,1900,0.0,0.0,0.0,FXED
2023-01-10 00:00:00-05:00,14.802386299452722,14.827776908874512,14.785459226504864,14.827776908874512,3300,0.04,0.0,0.0,FXED
2023-01-11 00:00:00-05:00,14.878557892231177,14.92933750152588,14.878557892231177,14.929337501525879,800,0.0,0.0,0.0,FXED
2023-01-12 00:00:00-05:00,14.895477965606245,15.132450440436665,14.895477965606245,15.068130493164062,3900,0.0,0.0,0.0,FXED
2023-01-13 00:00:00-05:00,15.056285298837983,15.183235098449149,15.054591946094673,15.123991966247559,2600,0.0,0.0,0.0,FXED
2023-01-17 00:00:00-05:00,15.200167478091064,15.200167478091064,15.056292156784863,15.179009437561035,3700,0.0,0.0,0.0,FXED
2023-01-18 00:00:00-05:00,15.276338400365434,15.335583176462965,15.174779155565565,15.255180358886719,10100,0.0,0.0,0.0,FXED
2023-01-19 00:00:00-05:00,15.301724501336805,15.301724501336805,15.123995068278552,15.20439624786377,15700,0.0,0.0,0.0,FXED
2023-01-20 00:00:00-05:00,15.225559878464122,15.267877578735352,15.115537086269336,15.267877578735352,3800,0.0,0.0,0.0,FXED
2023-01-23 00:00:00-05:00,15.305945754678245,15.377884965945748,15.305945754678245,15.339799880981445,3100,0.0,0.0,0.0,FXED
2023-01-24 00:00:00-05:00,15.428874144246551,15.428874144246551,15.301643513788052,15.378829956054688,10200,0.04,0.0,0.0,FXED
2023-01-25 00:00:00-05:00,15.305881217022138,15.310121536254885,15.225302209000258,15.310121536254883,2000,0.0,0.0,0.0,FXED
2023-01-26 00:00:00-05:00,15.301633911411656,15.302481651306152,15.267704901741046,15.302481651306152,600,0.0,0.0,0.0,FXED
2023-01-27 00:00:00-05:00,15.40342566224206,15.420390175841295,15.327086968870564,15.369498252868652,4100,0.0,0.0,0.0,FXED
2023-01-30 00:00:00-05:00,15.403425139449997,15.403425139449997,15.301641296959252,15.327086448669434,3800,0.0,0.0,0.0,FXED
2023-01-31 00:00:00-05:00,15.259225367168769,15.403420448303223,15.250743113240329,15.403420448303223,1200,0.0,0.0,0.0,FXED
2023-02-01 00:00:00-05:00,15.479762202257202,15.505208969116211,15.424628349641772,15.505208969116211,2100,0.0,0.0,0.0,FXED
2023-02-02 00:00:00-05:00,15.56458254198345,15.64940347709292,15.56458254198345,15.568822860717773,3800,0.0,0.0,0.0,FXED
2023-02-03 00:00:00-05:00,15.52217500495452,15.640924989845677,15.496729850769043,15.496729850769043,5500,0.0,0.0,0.0,FXED
2023-02-06 00:00:00-05:00,15.36101226950697,15.441591262817383,15.36101226950697,15.441591262817383,700,0.0,0.0,0.0,FXED
2023-02-07 00:00:00-05:00,15.284667809951973,15.445825735580256,15.284667809951973,15.365246772766113,10100,0.0,0.0,0.0,FXED
2023-02-08 00:00:00-05:00,15.327077449785929,15.43734510187271,15.293150061483574,15.365246772766113,15200,0.0,0.0,0.0,FXED
2023-02-09 00:00:00-05:00,15.331319808959961,15.331319808959961,15.331319808959961,15.331319808959961,700,0.0,0.0,0.0,FXED
2023-02-10 00:00:00-05:00,15.318604120827684,15.327086377299917,15.254989624023438,15.254989624023438,1000,0.0,0.0,0.0,FXED
2023-02-13 00:00:00-05:00,15.30163600874065,15.34404565881759,15.225297344342595,15.288911819458008,3400,0.0,0.0,0.0,FXED
2023-02-14 00:00:00-05:00,15.344170924092543,15.352672044742338,15.242160719140966,15.335671424865723,4600,0.04,0.0,0.0,FXED
2023-02-15 00:00:00-05:00,15.33567456402266,15.369677432159127,15.233662716766654,15.30167007446289,6000,0.0,0.0,0.0,FXED
2023-02-16 00:00:00-05:00,15.301668412992665,15.35267352037083,15.288917541503906,15.288917541503906,10900,0.0,0.0,0.0,FXED
2023-02-17 00:00:00-05:00,15.267665473173274,15.267665473173274,15.140151881103899,15.233662605285645,6500,0.0,0.0,0.0,FXED
2023-02-21 00:00:00-05:00,15.216659075000363,15.263414433140955,14.944629669189453,14.944629669189453,9600,0.0,0.0,0.0,FXED
2023-02-22 00:00:00-05:00,14.944630107655279,15.063642570833512,14.944630107655279,15.05514144897461,7400,0.0,0.0,0.0,FXED
2023-02-23 00:00:00-05:00,15.05514144897461,15.123302748471017,15.008280250865784,15.05514144897461,12800,0.04,0.0,0.0,FXED
2023-02-24 00:00:00-05:00,15.089218399576632,15.089218399576632,15.084959030151367,15.084959030151367,900,0.0,0.0,0.0,FXED
2023-02-27 00:00:00-05:00,14.995501406832936,15.199985317482799,14.995501406832936,15.14886474609375,6900,0.0,0.0,0.0,FXED
2023-02-28 00:00:00-05:00,15.055143053423283,15.199986033425974,15.046622686941507,15.15738582611084,26900,0.0,0.0,0.0,FXED
2023-03-01 00:00:00-05:00,15.14885785019763,15.14885785019763,15.02105404226195,15.063655853271484,33300,0.0,0.0,0.0,FXED
2023-03-02 00:00:00-05:00,15.072183402279741,15.079850594352324,15.016801834106445,15.016801834106445,1800,0.0,0.0,0.0,FXED
2023-03-03 00:00:00-05:00,14.969938898036972,15.131822588124615,14.969938898036972,15.09774112701416,7300,0.0,0.0,0.0,FXED
2023-03-06 00:00:00-05:00,15.127559167782861,15.174420356750488,15.127559167782861,15.174420356750488,600,0.0,0.0,0.0,FXED
2023-03-07 00:00:00-05:00,15.208506165468387,15.208506165468387,15.072183554048884,15.131824493408203,4200,0.0,0.0,0.0,FXED
2023-03-08 00:00:00-05:00,15.11478837117877,15.123308740128175,14.969945349227295,15.046627044677734,16800,0.0,0.0,0.0,FXED
2023-03-09 00:00:00-05:00,14.969942223934295,14.986982958275492,14.81657886505127,14.81657886505127,6200,0.0,0.0,0.0,FXED
2023-03-10 00:00:00-05:00,14.714334828084375,14.714334828084375,14.552451133728027,14.552451133728027,4500,0.0,0.0,0.0,FXED
2023-03-13 00:00:00-04:00,14.36029820023552,14.526831276518152,14.31332699843101,14.475590705871582,6600,0.04,0.0,0.0,FXED
2023-03-14 00:00:00-04:00,14.44997129079025,14.663475593769475,14.44997129079025,14.588322639465332,11800,0.0,0.0,0.0,FXED
2023-03-15 00:00:00-04:00,14.616501434340183,14.620772431725934,14.449968372277052,14.552451133728027,7800,0.0,0.0,0.0,FXED
2023-03-16 00:00:00-04:00,14.39019082013211,14.595154762268066,14.373110084393627,14.595154762268066,7200,0.0,0.0,0.0,FXED
2023-03-17 00:00:00-04:00,14.518289849318329,14.538786401861293,14.441428184509277,14.441428184509277,2300,0.0,0.0,0.0,FXED
2023-03-20 00:00:00-04:00,14.32186860095816,14.398730278015135,14.32186860095816,14.398730278015137,200,0.0,0.0,0.0,FXED
2023-03-21 00:00:00-04:00,14.432891329186532,14.518293380737305,14.416665770135296,14.518293380737305,5900,0.0,0.0,0.0,FXED
2023-03-22 00:00:00-04:00,14.492671848774991,14.612235368980011,14.458512006508272,14.53537368774414,11300,0.0,0.0,0.0,FXED
2023-03-23 00:00:00-04:00,14.484131813049316,14.552454756966352,14.407271758959928,14.484131813049316,1900,0.0,0.0,0.0,FXED
2023-03-24 00:00:00-04:00,14.364563089708618,14.569526937288433,14.364563089708618,14.49266529083252,4800,0.0,0.0,0.0,FXED
2023-03-27 00:00:00-04:00,14.595154762268066,14.765958861835673,14.449971766308188,14.595154762268066,6200,0.0,0.0,0.0,FXED
2023-03-28 00:00:00-04:00,14.55234632937621,14.627675560481164,14.55234632937621,14.61226749420166,2900,0.04,0.0,0.0,FXED
2023-03-29 00:00:00-04:00,14.603711679067269,14.672193265041695,14.560911300106927,14.650793075561523,1200,0.0,0.0,0.0,FXED
2023-03-30 00:00:00-04:00,14.66362812223319,14.809151649475098,14.66362812223319,14.809151649475098,1700,0.0,0.0,0.0,FXED
2023-03-31 00:00:00-04:00,14.826278097571846,14.911880493164062,14.809157291907423,14.911880493164062,7600,0.0,0.0,0.0,FXED
2023-04-03 00:00:00-04:00,14.91187679815359,15.040279543360084,14.91187679815359,14.976078987121582,4400,0.0,0.0,0.0,FXED
2023-04-04 00:00:00-04:00,14.817716280714764,14.924718856811523,14.817716280714764,14.924718856811523,1700,0.0,0.0,0.0,FXED
2023-04-05 00:00:00-04:00,14.937560081481934,15.006041663981982,14.860518097078163,14.937560081481934,2300,0.0,0.0,0.0,FXED
2023-04-06 00:00:00-04:00,14.946118160840012,14.963238963857268,14.877636581500628,14.958959579467773,9800,0.0,0.0,0.0,FXED
2023-04-10 00:00:00-04:00,14.875074167871096,14.941843032836914,14.834840432592385,14.941843032836914,2000,0.0,0.0,0.0,FXED
2023-04-11 00:00:00-04:00,14.860336053014207,14.9186798555805,14.843175918555827,14.903236389160156,1300,0.04,0.0,0.0,FXED
2023-04-12 00:00:00-04:00,15.01477019210562,15.01477019210562,14.959000587463377,14.959000587463379,4500,0.0,0.0,0.0,FXED
2023-04-13 00:00:00-04:00,14.971877129416365,15.04909610748291,14.920396719718203,15.04909610748291,700,0.0,0.0,0.0,FXED
2023-04-14 00:00:00-04:00,15.11773445527225,15.11773445527225,14.980455004327814,15.014775276184082,3300,0.0,0.0,0.0,FXED
2023-04-17 00:00:00-04:00,14.95470702081228,15.091984748840332,14.95470702081228,15.091984748840332,3100,0.0,0.0,0.0,FXED
2023-04-18 00:00:00-04:00,15.006188999358367,15.152046821437068,14.99760893494433,15.079118728637695,3400,0.0,0.0,0.0,FXED
2023-04-19 00:00:00-04:00,15.023346650732266,15.0662453292482,14.971867909217208,15.044795989990234,7300,0.0,0.0,0.0,FXED
2023-04-20 00:00:00-04:00,14.980455561218696,15.04909610748291,14.980455561218696,15.04909610748291,400,0.0,0.0,0.0,FXED
2023-04-21 00:00:00-04:00,14.92897310665392,15.074830958536781,14.92897310665392,14.997611999511719,6500,0.0,0.0,0.0,FXED
2023-04-24 00:00:00-04:00,15.04908683972964,15.061098600632477,14.98902639873577,15.044795989990234,2300,0.0,0.0,0.0,FXED
2023-04-25 00:00:00-04:00,15.023303358633974,15.0920991897583,15.023303358633974,15.0920991897583,1300,0.04,0.0,0.0,FXED
2023-04-26 00:00:00-04:00,14.963104151153328,15.057699014685852,14.937306744896572,15.006102561950684,3500,0.0,0.0,0.0,FXED
2023-04-27 00:00:00-04:00,15.006100941229581,15.01469898223877,14.851309959520483,15.01469898223877,4500,0.0,0.0,0.0,FXED
2023-04-28 00:00:00-04:00,15.057702502355315,15.169495115878561,15.036204112088003,15.096400260925293,13200,0.0,0.0,0.0,FXED
2023-05-01 00:00:00-04:00,15.109293383671229,15.169489510264112,15.031897895131397,15.100693702697754,6100,0.0,0.0,0.0,FXED
2023-05-02 00:00:00-04:00,14.954499656050489,15.066293847922209,14.83410742500814,14.958800315856934,4700,0.0,0.0,0.0,FXED
2023-05-03 00:00:00-04:00,14.902910566057361,14.902910566057361,14.722322130475842,14.812616348266602,4500,0.0,0.0,0.0,FXED
2023-05-04 00:00:00-04:00,14.765317090755673,14.868511641400099,14.593326719755542,14.610526084899902,4000,0.0,0.0,0.0,FXED
2023-05-05 00:00:00-04:00,14.580427298695065,14.756716682197512,14.580427298695065,14.709419250488281,8600,0.0,0.0,0.0,FXED
2023-05-08 00:00:00-04:00,14.842714532487363,14.85991389987836,14.78251838684082,14.78251838684082,14000,0.0,0.0,0.0,FXED
2023-05-09 00:00:00-04:00,14.713723455643475,14.781658172607422,14.70512377142304,14.781658172607422,800,0.0,0.0,0.0,FXED
2023-05-10 00:00:00-04:00,14.791110882567844,14.808308601379395,14.730913125953379,14.808308601379395,9300,0.0,0.0,0.0,FXED
2023-05-11 00:00:00-04:00,14.868645372744629,14.894504478290768,14.739353133093985,14.827271461486816,8000,0.04,0.0,0.0,FXED
2023-05-12 00:00:00-04:00,14.782457965014036,14.825556497484712,14.745394706726074,14.745394706726074,3900,0.0,0.0,0.0,FXED
2023-05-15 00:00:00-04:00,14.722114335466948,14.808309713462487,14.722114335466948,14.747973442077637,5100,0.0,0.0,0.0,FXED
2023-05-16 00:00:00-04:00,14.782450664717196,14.782450664717196,14.653158419237823,14.66608715057373,2800,0.0,0.0,0.0,FXED
2023-05-17 00:00:00-04:00,14.618684513857001,14.722119331359863,14.549728516868644,14.722119331359863,8400,0.0,0.0,0.0,FXED
2023-05-18 00:00:00-04:00,14.773834228515625,14.773834228515625,14.773834228515625,14.773834228515625,2200,0.0,0.0,0.0,FXED
2023-05-19 00:00:00-04:00,14.75659646427038,14.851409921760844,14.75659646427038,14.773834228515625,6400,0.0,0.0,0.0,FXED
2023-05-22 00:00:00-04:00,14.730735614443345,14.806586700297645,14.713496208190918,14.713496208190918,5400,0.0,0.0,0.0,FXED
2023-05-23 00:00:00-04:00,14.789350682397039,14.789350682397039,14.713497943556114,14.773834228515625,700,0.0,0.0,0.0,FXED
2023-05-24 00:00:00-04:00,14.756592750549316,14.791069914403565,14.709185211714681,14.756592750549316,5000,0.0,0.0,0.0,FXED
2023-05-25 00:00:00-04:00,14.635643060818527,14.720311698464393,14.628730158231443,14.704760551452637,4500,0.04,0.0,0.0,FXED
2023-05-26 00:00:00-04:00,14.730675070786562,14.74795485130076,14.592440122454121,14.670197486877441,7000,0.0,0.0,0.0,FXED
2023-05-30 00:00:00-04:00,14.687481269093595,14.851635932922362,14.687481269093595,14.851635932922363,6000,0.0,0.0,0.0,FXED
2023-05-31 00:00:00-04:00,14.834356147700172,14.851635932922362,14.78683756228466,14.851635932922363,1700,0.0,0.0,0.0,FXED
2023-06-01 00:00:00-04:00,14.868908156027008,14.955305399881746,14.86026991474286,14.90433120727539,7800,0.0,0.0,0.0,FXED
2023-06-02 00:00:00-04:00,14.998504607336876,15.05034229366956,14.972584940225367,15.033926010131836,3500,0.0,0.0,0.0,FXED
2023-06-05 00:00:00-04:00,15.063307510260495,15.128105880794891,14.989870895019795,15.10218620300293,5500,0.0,0.0,0.0,FXED
2023-06-06 00:00:00-04:00,15.076259203603298,15.093537330627441,15.041699653774941,15.093537330627441,1000,0.0,0.0,0.0,FXED
2023-06-07 00:00:00-04:00,15.179941556095105,15.18858144753566,15.033066697387284,15.100457191467285,10700,0.0,0.0,0.0,FXED
2023-06-08 00:00:00-04:00,15.197217306982656,15.20585719613095,15.06762226553897,15.136739730834961,3000,0.0,0.0,0.0,FXED
2023-06-09 00:00:00-04:00,15.041703769086435,15.188578600260872,15.041703769086435,15.123780250549316,11500,0.0,0.0,0.0,FXED
2023-06-12 00:00:00-04:00,15.119463768794136,15.119463768794136,15.071945190429688,15.071945190429688,1500,0.0,0.0,0.0,FXED
2023-06-13 00:00:00-04:00,15.154204428813111,15.180183659580583,15.093587875366211,15.093587875366211,5500,0.04,0.0,0.0,FXED
2023-06-14 00:00:00-04:00,15.16286417240227,15.169791306602713,14.864110451123747,15.093587875366211,6400,0.0,0.0,0.0,FXED
2023-06-15 00:00:00-04:00,15.015648359197131,15.128221696445383,15.015648359197131,15.059812545776367,4500,0.0,0.0,0.0,FXED
2023-06-16 00:00:00-04:00,15.102253778897468,15.152477999852067,15.095324990193687,15.123902320861816,9800,0.0,0.0,0.0,FXED
2023-06-20 00:00:00-04:00,15.041637901825029,15.11091423034668,15.041637901825029,15.11091423034668,600,0.0,0.0,0.0,FXED
2023-06-21 00:00:00-04:00,15.093599994274978,15.093599994274978,14.98102488890466,15.041643142700195,3800,0.0,0.0,0.0,FXED
2023-06-22 00:00:00-04:00,14.963699645351552,15.015656471252443,14.963699645351552,15.015656471252441,1500,0.0,0.0,0.0,FXED
2023-06-23 00:00:00-04:00,14.89442668376178,15.024319603627534,14.89442668376178,14.9853515625,5600,0.0,0.0,0.0,FXED
2023-06-26 00:00:00-04:00,14.885759100994413,14.998332465181871,14.859779870023205,14.929056167602539,4900,0.0,0.0,0.0,FXED
2023-06-27 00:00:00-04:00,15.011521795611156,15.033220686434728,15.007182679654141,15.020201683044434,1100,0.04,0.0,0.0,FXED
2023-06-28 00:00:00-04:00,15.007181664495056,15.041899556360432,14.929064338399035,14.998501777648926,4900,0.0,0.0,0.0,FXED
2023-06-29 00:00:00-04:00,15.085290732575633,15.120010264764181,15.059252738952637,15.059252738952637,4200,0.0,0.0,0.0,FXED
2023-06-30 00:00:00-04:00,15.128693750664413,15.154731750488281,15.076616095497867,15.154731750488281,4800,0.0,0.0,0.0,FXED
2023-07-03 00:00:00-04:00,15.120010170113426,15.224167110508638,15.120010170113426,15.164277076721191,4800,0.0,0.0,0.0,FXED
2023-07-05 00:00:00-04:00,15.215489846653213,15.267567498056069,15.172090424218592,15.224169731140137,2000,0.0,0.0,0.0,FXED
2023-07-06 00:00:00-04:00,15.128689221334298,15.128689221334298,15.007174177152757,15.041892051696777,3200,0.0,0.0,0.0,FXED
2023-07-07 00:00:00-04:00,15.050574268531244,15.146051335492682,14.989816737017083,15.067934036254883,5800,0.0,0.0,0.0,FXED
2023-07-10 00:00:00-04:00,15.024539889020815,15.098318099975586,15.024539889020815,15.098318099975586,1400,0.0,0.0,0.0,FXED
2023-07-11 00:00:00-04:00,15.137374980886054,15.141714096069336,15.08529566557293,15.141714096069336,3000,0.0,0.0,0.0,FXED
2023-07-12 00:00:00-04:00,15.285257574008455,15.354854583740234,15.285257574008455,15.354854583740234,16300,0.04,0.0,0.0,FXED
2023-07-13 00:00:00-04:00,15.328756032590691,15.467950045610879,15.32005619936149,15.389653205871582,2100,0.0,0.0,0.0,FXED
2023-07-14 00:00:00-04:00,15.389657002255108,15.389657002255108,15.293960472450596,15.333108901977539,10300,0.0,0.0,0.0,FXED
2023-07-17 00:00:00-04:00,15.267859696122866,15.33745671401135,15.224362182188987,15.302659034729004,4100,0.0,0.0,0.0,FXED
2023-07-18 00:00:00-04:00,15.241759300231934,15.241759300231934,15.241759300231934,15.241759300231934,700,0.0,0.0,0.0,FXED
2023-07-19 00:00:00-04:00,15.389658715079305,15.398358551422884,15.263513577083577,15.320061683654785,4900,0.0,0.0,0.0,FXED
2023-07-20 00:00:00-04:00,15.302652071946673,15.415746552310488,15.302652071946673,15.328751564025879,5900,0.0,0.0,0.0,FXED
2023-07-21 00:00:00-04:00,15.320061683654785,15.389658715079305,15.320061683654785,15.320061683654785,1100,0.0,0.0,0.0,FXED
2023-07-24 00:00:00-04:00,15.459250721545956,15.459250721545956,15.32527527659187,15.341805458068848,3600,0.0,0.0,0.0,FXED
2023-07-25 00:00:00-04:00,15.380955066013167,15.44185224599855,15.354855563452128,15.41140365600586,11100,0.0,0.0,0.0,FXED
2023-07-26 00:00:00-04:00,15.441920280456543,15.441920280456543,15.441920280456543,15.441920280456543,200,0.04,0.0,0.0,FXED
2023-07-27 00:00:00-04:00,15.51167574040517,15.520393599516465,15.363447189331055,15.363447189331055,14300,0.0,0.0,0.0,FXED
2023-07-28 00:00:00-04:00,15.393967631905232,15.433204657731363,15.354730606079102,15.354730606079102,500,0.0,0.0,0.0,FXED
2023-07-31 00:00:00-04:00,15.389604496447108,15.485517579974942,15.328569502594434,15.476798057556152,9200,0.0,0.0,0.0,FXED
2023-08-01 00:00:00-04:00,15.459359325647123,15.459359325647123,15.441920280456543,15.441920280456543,300,0.0,0.0,0.0,FXED
2023-08-02 00:00:00-04:00,15.407048144653697,15.49424173181473,15.407048144653697,15.415767669677734,11300,0.0,0.0,0.0,FXED
2023-08-03 00:00:00-04:00,15.441923793937523,15.441923793937523,15.28497734074913,15.359090805053711,1000,0.0,0.0,0.0,FXED
2023-08-04 00:00:00-04:00,15.250099120806222,15.459362719801044,15.250099120806222,15.434077262878418,17400,0.0,0.0,0.0,FXED
2023-08-07 00:00:00-04:00,15.485521711465925,15.485521711465925,15.455875659948331,15.481161117553711,27000,0.0,0.0,0.0,FXED
2023-08-08 00:00:00-04:00,15.372167440144967,15.485519583173554,15.372167440144967,15.474184036254883,2800,0.0,0.0,0.0,FXED
2023-08-09 00:00:00-04:00,15.433197528975949,15.459354425391808,15.398319449650327,15.399190902709961,14900,0.0,0.0,0.0,FXED
2023-08-10 00:00:00-04:00,15.4593561342215,15.4593561342215,15.389601630938165,15.398321151733398,1900,0.0,0.0,0.0,FXED
2023-08-11 00:00:00-04:00,15.415801890611366,15.415801890611366,15.363367655208101,15.402693748474121,9000,0.04,0.0,0.0,FXED
2023-08-14 00:00:00-04:00,15.393959562390336,15.393959562390336,15.363372775972362,15.37560749053955,1200,0.0,0.0,0.0,FXED
2023-08-15 00:00:00-04:00,15.34589308419111,15.372111042261507,15.293458834905046,15.342397689819336,14100,0.0,0.0,0.0,FXED
2023-08-16 00:00:00-04:00,15.206934794757997,15.23053078111078,15.206061363220215,15.206061363220215,2400,0.0,0.0,0.0,FXED
2023-08-17 00:00:00-04:00,15.197318563092129,15.197318563092129,15.03127659886036,15.191201210021973,1400,0.0,0.0,0.0,FXED
2023-08-18 00:00:00-04:00,15.074973731210575,15.144886586188408,15.066234415981603,15.109930992126465,14600,0.0,0.0,0.0,FXED
2023-08-21 00:00:00-04:00,15.162363944693984,15.162363944693984,15.000690793655425,15.092451095581055,4300,0.0,0.0,0.0,FXED
2023-08-22 00:00:00-04:00,15.048756059684125,15.048756059684125,15.005061149597168,15.005061149597168,5000,0.0,0.0,0.0,FXED
2023-08-23 00:00:00-04:00,14.952628014735424,15.144887966736638,14.952628014735424,15.140519142150879,3300,0.0,0.0,0.0,FXED
2023-08-24 00:00:00-04:00,15.118672868132919,15.275977252533522,15.118672868132919,15.214803695678711,12000,0.0,0.0,0.0,FXED
2023-08-25 00:00:00-04:00,15.188586235046385,15.188586235046385,15.188586235046385,15.188586235046387,100,0.0,0.0,0.0,FXED
2023-08-28 00:00:00-04:00,15.18858528137207,15.24114047152682,15.1272706144083,15.18858528137207,4900,0.04,0.0,0.0,FXED
2023-08-29 00:00:00-04:00,15.258663059047798,15.31121826171875,15.232384622362437,15.31121826171875,900,0.0,0.0,0.0,FXED
2023-08-30 00:00:00-04:00,15.508302300483784,15.512681204564624,15.495163917541504,15.495163917541504,1300,0.0,0.0,0.0,FXED
2023-08-31 00:00:00-04:00,15.433845454376145,15.565234263703372,15.407567024230957,15.407567024230957,8100,0.0,0.0,0.0,FXED
2023-09-01 00:00:00-04:00,15.425085977661082,15.433845454376145,15.398807547515895,15.407567024230957,1500,0.0,0.0,0.0,FXED
2023-09-05 00:00:00-04:00,15.390048664482705,15.429465475871341,15.337493472864333,15.387420654296875,1600,0.0,0.0,0.0,FXED
2023-09-06 00:00:00-04:00,15.245524406433105,15.245524406433105,15.245524406433105,15.245524406433105,100,0.0,0.0,0.0,FXED
2023-09-07 00:00:00-04:00,15.17106902991565,15.328736299161832,15.17106902991565,15.223624229431152,5500,0.0,0.0,0.0,FXED
2023-09-08 00:00:00-04:00,15.197343701625321,15.241139411926268,15.197343701625321,15.24113941192627,1000,0.0,0.0,0.0,FXED
2023-09-11 00:00:00-04:00,15.319972305416693,15.397053353367372,15.249898169816298,15.312965393066406,1000,0.0,0.0,0.0,FXED
2023-09-12 00:00:00-04:00,15.328765869140625,15.328765869140625,15.258531037276871,15.328765869140625,2600,0.04,0.0,0.0,FXED
2023-09-13 00:00:00-04:00,15.232195238929874,15.31998920440674,15.232195238929874,15.319989204406738,11700,0.0,0.0,0.0,FXED
2023-09-14 00:00:00-04:00,15.407778200906717,15.407778200906717,15.363882064819336,15.363882064819336,600,0.0,0.0,0.0,FXED
2023-09-15 00:00:00-04:00,15.42534065246582,15.486795926056423,15.355105814857902,15.42534065246582,2100,0.0,0.0,0.0,FXED
2023-09-18 00:00:00-04:00,15.355105852965863,15.48679596449121,15.355105852965863,15.416561126708984,3500,0.0,0.0,0.0,FXED
2023-09-19 00:00:00-04:00,15.355109828992244,15.403396606445312,15.355109828992244,15.403396606445312,200,0.0,0.0,0.0,FXED
2023-09-20 00:00:00-04:00,15.429727021714944,15.429727021714944,15.355101585388182,15.355101585388184,500,0.0,0.0,0.0,FXED
2023-09-21 00:00:00-04:00,15.302432525052431,15.434122657075063,15.197079414715796,15.230441093444824,15100,0.0,0.0,0.0,FXED
2023-09-22 00:00:00-04:00,15.126844463153166,15.1400146484375,15.030272593409638,15.1400146484375,1200,0.0,0.0,0.0,FXED
2023-09-25 00:00:00-04:00,15.047828230421754,15.122453689575195,15.047828230421754,15.122453689575195,200,0.0,0.0,0.0,FXED
2023-09-26 00:00:00-04:00,15.13565528224715,15.13565528224715,15.030056953430176,15.030056953430176,300,0.04,0.0,0.0,FXED
2023-09-27 00:00:00-04:00,14.933257874351616,15.065256198342894,14.933257874351616,15.052055358886719,10000,0.0,0.0,0.0,FXED
2023-09-28 00:00:00-04:00,15.021253265533273,15.082851576210658,15.021253265533273,15.065253257751465,3000,0.0,0.0,0.0,FXED
2023-09-29 00:00:00-04:00,15.162050107643532,15.188450103364243,15.082851798909505,15.1576509475708,6900,0.0,0.0,0.0,FXED
2023-10-02 00:00:00-04:00,15.126858058936309,15.126858058936309,14.5108713310038,14.924461364746094,20700,0.0,0.0,0.0,FXED
2023-10-03 00:00:00-04:00,14.774865881553943,14.774865881553943,14.704465866088867,14.704465866088867,1500,0.0,0.0,0.0,FXED
2023-10-04 00:00:00-04:00,15.751639321163028,15.751639321163028,14.682463645935059,14.682463645935059,4300,0.0,0.0,0.0,FXED
2023-10-05 00:00:00-04:00,14.76606076742625,14.76606076742625,14.74846076965332,14.74846076965332,500,0.0,0.0,0.0,FXED
2023-10-06 00:00:00-04:00,14.686861645237073,14.801258267590676,14.679820639459628,14.752859115600586,2300,0.0,0.0,0.0,FXED
2023-10-09 00:00:00-04:00,14.774860277796108,14.827658590941002,14.774860277796108,14.81005859375,2400,0.0,0.0,0.0,FXED
2023-10-10 00:00:00-04:00,14.935900293173143,14.935900293173143,14.81886346240351,14.868142127990723,600,0.0,0.0,0.0,FXED
2023-10-11 00:00:00-04:00,14.959872917770035,14.981925964355469,14.955463317899694,14.981925964355469,4900,0.04,0.0,0.0,FXED
2023-10-12 00:00:00-04:00,14.986334080071275,14.986334080071275,14.845203344439694,14.88930606842041,10800,0.0,0.0,0.0,FXED
2023-10-13 00:00:00-04:00,14.9422346433294,14.951055526548322,14.889309344015869,14.893720626831055,2200,0.0,0.0,0.0,FXED
2023-10-16 00:00:00-04:00,14.854026405968044,14.854907989501953,14.774640145221708,14.854907989501953,1200,0.0,0.0,0.0,FXED
2023-10-17 00:00:00-04:00,14.968697808296671,14.968697808296671,14.854029674437873,14.929004669189453,5400,0.0,0.0,0.0,FXED
2023-10-18 00:00:00-04:00,14.809925592923724,14.880490980232937,14.72171843818432,14.730539321899414,2400,0.0,0.0,0.0,FXED
2023-10-19 00:00:00-04:00,14.695255537723877,14.695255537723877,14.598227500915527,14.598227500915527,800,0.0,0.0,0.0,FXED
2023-10-20 00:00:00-04:00,14.527660467071998,14.598225845180476,14.527660467071998,14.55853271484375,7900,0.0,0.0,0.0,FXED
2023-10-23 00:00:00-04:00,14.52765906823554,14.536479949951172,14.52765906823554,14.536479949951172,1100,0.0,0.0,0.0,FXED
2023-10-24 00:00:00-04:00,14.598227151313772,14.651152451438957,14.589407950371047,14.607048034667969,3200,0.0,0.0,0.0,FXED
2023-10-25 00:00:00-04:00,14.668797553357853,14.757004734660581,14.633515690283991,14.682029724121094,4600,0.0,0.0,0.0,FXED
2023-10-26 00:00:00-04:00,14.606868743896484,14.606868743896484,14.606868743896484,14.606868743896484,200,0.04,0.0,0.0,FXED
2023-10-27 00:00:00-04:00,14.677603271902182,14.677603271902182,14.562657244259379,14.63781452178955,4700,0.0,0.0,0.0,FXED
2023-10-30 00:00:00-04:00,14.628971991449445,14.65107647725119,14.5007636127495,14.518447875976562,5600,0.0,0.0,0.0,FXED
2023-10-31 00:00:00-04:00,14.606868685395554,14.898652306351785,14.606868685395554,14.686446189880371,14100,0.0,0.0,0.0,FXED
2023-11-01 00:00:00-04:00,14.748338145148908,14.867704391479492,14.748338145148908,14.867704391479492,2100,0.0,0.0,0.0,FXED
2023-11-02 00:00:00-04:00,15.040124318537433,15.172752941704525,15.005641180077589,15.159490585327148,7300,0.0,0.0,0.0,FXED
2023-11-03 00:00:00-04:00,15.367277526214354,15.438012916837508,15.331910674135147,15.4026460647583,2400,0.0,0.0,0.0,FXED
2023-11-06 00:00:00-05:00,15.358434347482277,15.47337870438478,15.358434347482277,15.425631523132324,8800,0.0,0.0,0.0,FXED
2023-11-07 00:00:00-05:00,15.429166902355266,15.429166902355266,15.354009628295898,15.354009628295898,3600,0.0,0.0,0.0,FXED
2023-11-08 00:00:00-05:00,15.296542705800102,15.438013492320014,15.296542705800102,15.367278099060059,6300,0.0,0.0,0.0,FXED
2023-11-09 00:00:00-05:00,15.296534540077849,15.402638416558938,15.296534540077849,15.31864070892334,1200,0.0,0.0,0.0,FXED
2023-11-10 00:00:00-05:00,15.278854205718897,15.305378913879395,15.270012074177346,15.305378913879395,3500,0.0,0.0,0.0,FXED
2023-11-13 00:00:00-05:00,15.358557129097802,15.418822222908053,15.16358470916748,15.16358470916748,11800,0.04,0.0,0.0,FXED
2023-11-14 00:00:00-05:00,15.624424957125353,15.624424957125353,15.482626560753037,15.51541805267334,400,0.0,0.0,0.0,FXED
2023-11-15 00:00:00-05:00,15.518081691792288,15.59784352513761,15.518081691792288,15.571255683898926,3700,0.0,0.0,0.0,FXED
2023-11-16 00:00:00-05:00,15.651014835695362,15.651014835695362,15.577456675538329,15.584546089172363,1600,0.0,0.0,0.0,FXED
2023-11-17 00:00:00-05:00,15.633289905052253,15.686465579418215,15.606703758239746,15.606703758239746,9100,0.0,0.0,0.0,FXED
2023-11-20 00:00:00-05:00,15.597843865933719,15.704191852470585,15.597843865933719,15.699761390686035,6300,0.0,0.0,0.0,FXED
2023-11-21 00:00:00-05:00,15.637721608912088,15.704188664411665,15.540234565734863,15.540234565734863,1800,0.0,0.0,0.0,FXED
2023-11-22 00:00:00-05:00,15.668736142528678,15.668736142528678,15.482624713019606,15.562386512756348,15200,0.0,0.0,0.0,FXED
2023-11-24 00:00:00-05:00,15.526941645247568,15.584546089172363,15.526941645247568,15.584546089172363,100,0.0,0.0,0.0,FXED
2023-11-27 00:00:00-05:00,15.66892887467242,15.66892887467242,15.553455650505851,15.624516487121582,7700,0.04,0.0,0.0,FXED
2023-11-28 00:00:00-05:00,15.624519229279992,15.682256698608398,15.624519229279992,15.682256698608398,1700,0.0,0.0,0.0,FXED
2023-11-29 00:00:00-05:00,15.69914204754743,15.953184350397525,15.69914204754743,15.740001678466797,9600,0.0,0.0,0.0,FXED
2023-11-30 00:00:00-05:00,15.83237331345872,15.898993607292702,15.739994031082654,15.819937705993652,1900,0.0,0.0,0.0,FXED
2023-12-01 00:00:00-05:00,15.846580110028516,15.97093613718344,15.846580110028516,15.913200378417969,4300,0.0,0.0,0.0,FXED
2023-12-04 00:00:00-05:00,15.908759117126465,16.01535121436163,15.908759117126465,15.908759117126465,10500,0.0,0.0,0.0,FXED
2023-12-05 00:00:00-05:00,15.908763604619761,15.922086985198407,15.837702751159668,15.837702751159668,3100,0.0,0.0,0.0,FXED
2023-12-06 00:00:00-05:00,16.095302478197368,16.095302478197368,15.803951737403175,15.886560440063477,5100,0.0,0.0,0.0,FXED
2023-12-07 00:00:00-05:00,15.962061870063142,15.979827510377666,15.819940135996363,15.886560440063477,3800,0.0,0.0,0.0,FXED
2023-12-08 00:00:00-05:00,15.864346552737137,16.00646821796595,15.855463736882351,15.939847946166992,4400,0.0,0.0,0.0,FXED
2023-12-11 00:00:00-05:00,15.837705776310887,15.908766643344277,15.651171635682509,15.886560440063477,7400,0.0,0.0,0.0,FXED
2023-12-12 00:00:00-05:00,15.838482615703384,15.910592511535315,15.838482615703384,15.9043607711792,3400,0.04,0.0,0.0,FXED
2023-12-13 00:00:00-05:00,15.899909998607567,16.10466766357422,15.899909998607567,16.10466766357422,2400,0.0,0.0,0.0,FXED
2023-12-14 00:00:00-05:00,16.318334875588857,16.34504307270924,16.193700018405544,16.254236221313477,4100,0.0,0.0,0.0,FXED
2023-12-15 00:00:00-05:00,16.36728727919149,16.36728727919149,16.238200299681747,16.318323135375977,4800,0.0,0.0,0.0,FXED
2023-12-18 00:00:00-05:00,16.282715057572606,16.30942153930664,16.282715057572606,16.30942153930664,600,0.0,0.0,0.0,FXED
2023-12-19 00:00:00-05:00,16.247103025650144,16.322773649349497,16.247103025650144,16.318323135375977,9000,0.0,0.0,0.0,FXED
2023-12-20 00:00:00-05:00,16.264911401397093,16.296070098876953,16.264911401397093,16.296070098876953,400,0.0,0.0,0.0,FXED
2023-12-21 00:00:00-05:00,16.353942308471307,16.353942308471307,16.184793825586063,16.269367218017578,4800,0.0,0.0,0.0,FXED
2023-12-22 00:00:00-05:00,16.407349941187288,16.407349941187288,16.23820153100412,16.32277488708496,1100,0.0,0.0,0.0,FXED
2023-12-26 00:00:00-05:00,16.23821331729844,16.34949493408203,16.14918768426703,16.34949493408203,8100,0.0,0.0,0.0,FXED
2023-12-27 00:00:00-05:00,16.371741473086676,16.398449656995144,16.362838745117188,16.362838745117188,13900,0.0,0.0,0.0,FXED
2023-12-28 00:00:00-05:00,16.371742665586567,16.469670982362203,16.362839936968612,16.39845085144043,3700,0.0,0.0,0.0,FXED
2023-12-29 00:00:00-05:00,16.41624934077292,16.41624934077292,16.32722379040228,16.393993377685547,2200,0.0,0.0,0.0,FXED
2024-01-02 00:00:00-05:00,16.327224865507112,16.34503031635791,16.22039385842357,16.282712936401367,7300,0.0,0.0,0.0,FXED
2024-01-03 00:00:00-05:00,16.309427880845874,16.32723334093945,16.175890326188327,16.26046371459961,8500,0.0,0.0,0.0,FXED
2024-01-04 00:00:00-05:00,16.30052468746143,16.30052468746143,16.158084406805916,16.264915466308594,1600,0.0,0.0,0.0,FXED
2024-01-05 00:00:00-05:00,16.238201179421125,16.340579986572266,16.238201179421125,16.340579986572266,32900,0.0,0.0,0.0,FXED
2024-01-08 00:00:00-05:00,16.273807243418236,16.416247428207903,16.211488176804433,16.361051559448242,8200,0.0,0.0,0.0,FXED
2024-01-09 00:00:00-05:00,16.416258134487254,16.416258134487254,16.3450379956444,16.35215950012207,900,0.0,0.0,0.0,FXED
2024-01-10 00:00:00-05:00,16.585403058351886,16.585403058351886,16.39845085144043,16.39845085144043,1700,0.0,0.0,0.0,FXED
2024-01-11 00:00:00-05:00,16.39845186589927,16.443062388057726,16.34492094102654,16.360088348388672,19400,0.04,0.0,0.0,FXED
2024-01-12 00:00:00-05:00,16.42075862397685,16.50551606683691,16.353843688964844,16.353843688964844,8400,0.0,0.0,0.0,FXED
2024-01-16 00:00:00-05:00,16.52335208525811,16.52335208525811,16.38060188293457,16.38060188293457,4000,0.0,0.0,0.0,FXED
2024-01-17 00:00:00-05:00,16.3805990307481,16.3805990307481,16.25569134917642,16.344018936157227,11400,0.0,0.0,0.0,FXED
2024-01-18 00:00:00-05:00,16.26373538112002,16.313697814941406,16.26373538112002,16.313697814941406,800,0.0,0.0,0.0,FXED
2024-01-19 00:00:00-05:00,16.17540144888634,16.2824649810791,16.17540144888634,16.2824649810791,5500,0.0,0.0,0.0,FXED
2024-01-22 00:00:00-05:00,16.389530069720745,16.389530069720745,16.29228033088583,16.3315372467041,4700,0.0,0.0,0.0,FXED
2024-01-23 00:00:00-05:00,16.353845573338763,16.478751651254843,16.318158851813173,16.38953399658203,1900,0.0,0.0,0.0,FXED
2024-01-24 00:00:00-05:00,16.371681826522032,16.541198351088525,16.292276314607946,16.367219924926758,15900,0.0,0.0,0.0,FXED
2024-01-25 00:00:00-05:00,16.335932018184337,16.416404724121094,16.255459312247584,16.416404724121094,23700,0.04,0.0,0.0,FXED
2024-01-26 00:00:00-05:00,16.434285090738566,16.478993093981444,16.344872495124697,16.402990341186523,12900,0.0,0.0,0.0,FXED
2024-01-29 00:00:00-05:00,16.487940493146798,16.487940493146798,16.353819847122196,16.411937713623047,1300,0.0,0.0,0.0,FXED
2024-01-30 00:00:00-05:00,16.39851976484238,16.487934062463946,16.371694963925147,16.478992462158203,7500,0.0,0.0,0.0,FXED
2024-01-31 00:00:00-05:00,16.398521423339844,16.453062973654415,16.373485622126065,16.398521423339844,3000,0.0,0.0,0.0,FXED
2024-02-01 00:00:00-05:00,16.371691225853088,16.487930297851562,16.371691225853088,16.487930297851562,3000,0.0,0.0,0.0,FXED
2024-02-02 00:00:00-05:00,16.41640662193051,16.470054530278265,16.41640662193051,16.452171325683594,12100,0.0,0.0,0.0,FXED
2024-02-05 00:00:00-05:00,16.46110870865402,16.46110870865402,16.255457024836918,16.309104919433594,3200,0.0,0.0,0.0,FXED
2024-02-06 00:00:00-05:00,16.24024963177792,16.259920120239258,16.210742193650816,16.259920120239258,1600,0.0,0.0,0.0,FXED
2024-02-07 00:00:00-05:00,16.23757752652277,16.335933443568816,16.211648074400973,16.29122543334961,6900,0.0,0.0,0.0,FXED
2024-02-08 00:00:00-05:00,16.380636034362755,16.380636034362755,16.228632244953754,16.30552864074707,2300,0.0,0.0,0.0,FXED
2024-02-09 00:00:00-05:00,16.33593260626962,16.40746371351781,16.32699100468408,16.33146095275879,4900,0.0,0.0,0.0,FXED
2024-02-12 00:00:00-05:00,16.37170141134091,16.461115744175153,16.309111889987907,16.385114669799805,2800,0.0,0.0,0.0,FXED
2024-02-13 00:00:00-05:00,16.407509763634202,16.492639938495376,16.217537594391416,16.353744506835938,17000,0.04,0.0,0.0,FXED
2024-02-14 00:00:00-05:00,16.344779163037735,16.344779163037735,16.237248676959407,16.304454803466797,1300,0.0,0.0,0.0,FXED
2024-02-15 00:00:00-05:00,16.407508850097656,16.407508850097656,16.2551725400121,16.407508850097656,7600,0.0,0.0,0.0,FXED
2024-02-16 00:00:00-05:00,16.420943760909424,16.465747833251953,16.420943760909424,16.465747833251953,2300,0.0,0.0,0.0,FXED
2024-02-20 00:00:00-05:00,16.53295904516219,16.53295904516219,16.44334917291435,16.474712371826172,2500,0.0,0.0,0.0,FXED
2024-02-21 00:00:00-05:00,16.461277048518422,16.523106154992615,16.36270598483965,16.438873291015625,7900,0.0,0.0,0.0,FXED
2024-02-22 00:00:00-05:00,16.446940121197855,16.446940121197855,16.317901441399208,16.43439483642578,2000,0.0,0.0,0.0,FXED
2024-02-23 00:00:00-05:00,16.470227734132003,16.532955828918972,16.425423661307132,16.5015926361084,3500,0.0,0.0,0.0,FXED
2024-02-26 00:00:00-05:00,16.61385562565549,16.61385562565549,16.416286067287118,16.49711036682129,3200,0.04,0.0,0.0,FXED
2024-02-27 00:00:00-05:00,16.456703186035156,16.542016988908976,16.38036834103201,16.456703186035156,2600,0.0,0.0,0.0,FXED
2024-02-28 00:00:00-05:00,16.34443800270645,16.506084845044118,16.34443800270645,16.40730094909668,1300,0.0,0.0,0.0,FXED
2024-02-29 00:00:00-05:00,16.55997520398124,16.55997520398124,16.4162879247487,16.429758071899414,13400,0.0,0.0,0.0,FXED
2024-03-01 00:00:00-05:00,16.542015948513956,16.550996618707604,16.434249619077907,16.533035278320312,7600,0.0,0.0,0.0,FXED
2024-03-04 00:00:00-05:00,16.542010954115295,16.542010954115295,16.476453623093818,16.488128662109375,3400,0.0,0.0,0.0,FXED
2024-03-05 00:00:00-05:00,16.48454155335088,16.515073776245117,16.43514872421325,16.515073776245117,600,0.0,0.0,0.0,FXED
2024-03-06 00:00:00-05:00,16.51506458322561,16.550987243652344,16.488124300792283,16.550987243652344,10400,0.0,0.0,0.0,FXED
2024-03-07 00:00:00-05:00,16.529443352820394,16.538424023014038,16.452210959465198,16.533035278320312,1700,0.0,0.0,0.0,FXED
2024-03-08 00:00:00-05:00,16.539312207724983,16.550987243652344,16.539312207724983,16.550987243652344,1100,0.0,0.0,0.0,FXED
2024-03-11 00:00:00-04:00,16.57792698064775,16.76651751590976,16.57792698064775,16.613849639892578,33200,0.0,0.0,0.0,FXED
2024-03-12 00:00:00-04:00,16.631859892756722,16.703859219351365,16.631859892756722,16.645360946655273,2400,0.04,0.0,0.0,FXED
2024-03-13 00:00:00-04:00,16.672348022460938,16.77584687515012,16.672348022460938,16.672348022460938,1500,0.0,0.0,0.0,FXED
2024-03-14 00:00:00-04:00,16.613856729133293,16.766855485989407,16.550857543945312,16.550857543945312,9700,0.0,0.0,0.0,FXED
2024-03-15 00:00:00-04:00,16.433859302396073,16.667857502093604,16.433859302396073,16.550857543945312,5200,0.0,0.0,0.0,FXED
2024-03-18 00:00:00-04:00,16.523858267111518,16.6768570183477,16.523858267111518,16.568857192993164,12100,0.0,0.0,0.0,FXED
2024-03-19 00:00:00-04:00,16.49685788162314,16.685857146843826,16.46085908423762,16.568857192993164,11900,0.0,0.0,0.0,FXED
2024-03-20 00:00:00-04:00,16.46085469519156,16.658852319516217,16.44285444299881,16.58685302734375,7900,0.0,0.0,0.0,FXED
2024-03-21 00:00:00-04:00,16.667851699062105,16.78484989987759,16.47885249270054,16.631851196289062,3200,0.0,0.0,0.0,FXED
2024-03-22 00:00:00-04:00,16.568848288841636,16.838845132232333,16.568848288841636,16.65884780883789,17100,0.0,0.0,0.0,FXED
2024-03-25 00:00:00-04:00,16.51485014154222,16.820847495839864,16.51485014154222,16.672348022460938,11500,0.0,0.0,0.0,FXED
2024-03-26 00:00:00-04:00,16.663339614868164,16.81215880039608,16.517224762627148,16.663339614868164,5900,0.04,0.0,0.0,FXED
2024-03-27 00:00:00-04:00,16.87528813961083,16.87528813961083,16.685881660031068,16.721960067749023,16800,0.0,0.0,0.0,FXED
2024-03-28 00:00:00-04:00,16.712941007240687,16.919485253271496,16.622746705337093,16.856348037719727,14900,0.0,0.0,0.0,FXED
2024-04-01 00:00:00-04:00,16.721956488488328,16.812149047851562,16.721956488488328,16.812149047851562,4600,0.0,0.0,0.0,FXED
2024-04-02 00:00:00-04:00,16.721967333164773,16.83019916271723,16.631772994995117,16.631772994995117,7600,0.0,0.0,0.0,FXED
2024-04-03 00:00:00-04:00,16.632668397555616,16.767057551344703,16.63176695339241,16.699411392211914,13100,0.0,0.0,0.0,FXED
2024-04-04 00:00:00-04:00,16.78509509064384,16.78509509064384,16.631765302764983,16.70842933654785,5800,0.0,0.0,0.0,FXED
2024-04-05 00:00:00-04:00,16.78508905466984,16.79410865310313,16.622739723495574,16.694894790649414,8000,0.0,0.0,0.0,FXED
2024-04-08 00:00:00-04:00,16.640785778851296,16.81215305877527,16.640785778851296,16.667842864990234,5700,0.0,0.0,0.0,FXED
2024-04-09 00:00:00-04:00,16.662432978316712,16.830192766460666,16.662432978316712,16.685882568359375,9600,0.0,0.0,0.0,FXED
2024-04-10 00:00:00-04:00,16.568625538444405,16.685876889378132,16.559605939093707,16.60921287536621,4300,0.0,0.0,0.0,FXED
2024-04-11 00:00:00-04:00,16.595655637594845,16.595655637594845,16.4781473104032,16.536901473999023,18400,0.04,0.0,0.0,FXED
2024-04-12 00:00:00-04:00,16.47815194557765,16.55950335680684,16.460073471069336,16.460073471069336,21000,0.0,0.0,0.0,FXED
2024-04-15 00:00:00-04:00,16.577579943370445,16.577579943370445,16.270252807962073,16.367874145507812,7700,0.0,0.0,0.0,FXED
2024-04-16 00:00:00-04:00,16.225062042847306,16.225062042847306,16.09851443096383,16.20698356628418,6400,0.0,0.0,0.0,FXED
2024-04-17 00:00:00-04:00,16.17986838359481,16.33353201031297,16.17986838359481,16.188907623291016,13600,0.0,0.0,0.0,FXED
2024-04-18 00:00:00-04:00,16.243144989013672,16.3968086502768,16.243144989013672,16.243144989013672,2100,0.0,0.0,0.0,FXED
2024-04-19 00:00:00-04:00,16.188903905824276,16.360645972497633,16.188903905824276,16.238618850708008,8700,0.0,0.0,0.0,FXED
2024-04-22 00:00:00-04:00,16.34075617264813,16.46007133039259,16.170822672110024,16.419397354125977,3800,0.0,0.0,0.0,FXED
2024-04-23 00:00:00-04:00,16.45013608295831,16.60470484811185,16.43838662242647,16.577587127685547,19000,0.0,0.0,0.0,FXED
2024-04-24 00:00:00-04:00,16.505272251027332,16.6498966217041,16.505272251027332,16.6498966217041,6300,0.0,0.0,0.0,FXED
2024-04-25 00:00:00-04:00,16.54571115381568,16.613652079158133,16.378125726529678,16.550241470336914,10900,0.04,0.0,0.0,FXED
2024-04-26 00:00:00-04:00,16.46871712071545,16.55024556014948,16.379942246428147,16.455129623413086,8300,0.0,0.0,0.0,FXED
2024-04-29 00:00:00-04:00,16.423426172962245,16.60460090637207,16.423426172962245,16.60460090637207,7600,0.0,0.0,0.0,FXED
2024-04-30 00:00:00-04:00,16.604595904160416,16.604595904160416,16.45965685222024,16.486833572387695,5000,0.0,0.0,0.0,FXED
2024-05-01 00:00:00-04:00,16.486833572387695,16.604595904160416,16.305658893557585,16.486833572387695,13700,0.0,0.0,0.0,FXED
2024-05-02 00:00:00-04:00,16.486833936751022,16.52306783663195,16.468716122905644,16.482303619384766,5900,0.0,0.0,0.0,FXED
2024-05-03 00:00:00-04:00,16.515826012681586,16.60460090637207,16.40531008186951,16.60460090637207,4000,0.0,0.0,0.0,FXED
2024-05-06 00:00:00-04:00,16.64083171979511,16.695183432936698,16.542996217206518,16.595537185668945,7400,0.0,0.0,0.0,FXED
2024-05-07 00:00:00-04:00,16.662578751579947,16.68160367420433,16.595544883351984,16.6498966217041,3600,0.0,0.0,0.0,FXED
2024-05-08 00:00:00-04:00,16.64627265789236,16.776718897472374,16.58648523003749,16.6951904296875,15100,0.0,0.0,0.0,FXED
2024-05-09 00:00:00-04:00,16.64083217449234,16.686124982046284,16.50495029621079,16.572891235351562,10900,0.0,0.0,0.0,FXED
2024-05-10 00:00:00-04:00,16.658952222241847,16.658952222241847,16.532130948685463,16.575613021850586,9000,0.0,0.0,0.0,FXED
2024-05-13 00:00:00-04:00,16.68636866866097,16.72268368792375,16.622819116546516,16.668212890625,2100,0.04,0.0,0.0,FXED
2024-05-14 00:00:00-04:00,16.749913160053453,16.749913160053453,16.56834160056011,16.620088577270508,7000,0.0,0.0,0.0,FXED
2024-05-15 00:00:00-04:00,16.668217237657046,16.731766806345075,16.550195125868527,16.654598236083984,2300,0.0,0.0,0.0,FXED
2024-05-16 00:00:00-04:00,16.6772929202415,16.804392034185767,16.6772929202415,16.719961166381836,32500,0.0,0.0,0.0,FXED
2024-05-17 00:00:00-04:00,16.795319628664206,16.804398387606383,16.759004592895508,16.759004592895508,1900,0.0,0.0,0.0,FXED
2024-05-20 00:00:00-04:00,16.749927565549545,16.759004592895508,16.604670885667176,16.759004592895508,7300,0.0,0.0,0.0,FXED
2024-05-21 00:00:00-04:00,16.758999986077797,16.804393768310547,16.615559790052075,16.804393768310547,4400,0.0,0.0,0.0,FXED
2024-05-22 00:00:00-04:00,16.72269058227539,16.795318919148404,16.622825969726446,16.72269058227539,9600,0.0,0.0,0.0,FXED
2024-05-23 00:00:00-04:00,16.657316763855476,16.76807479588148,16.586504904473156,16.67275047302246,3700,0.0,0.0,0.0,FXED
2024-05-24 00:00:00-04:00,16.550186796658323,16.659130096435547,16.550186796658323,16.659130096435547,12900,0.0,0.0,0.0,FXED
2024-05-28 00:00:00-04:00,16.631900787353516,16.64370334384275,16.627362274947664,16.631900787353516,3300,0.0,0.0,0.0,FXED
2024-05-29 00:00:00-04:00,16.440833430770056,16.65009653131919,16.440833430770056,16.57822036743164,6800,0.04,0.0,0.0,FXED
2024-05-30 00:00:00-04:00,16.577309779714852,16.61370426891129,16.386243917587837,16.54546546936035,5700,0.0,0.0,0.0,FXED
2024-05-31 00:00:00-04:00,16.68649390500042,16.759281158447266,16.595509404345613,16.759281158447266,19400,0.0,0.0,0.0,FXED
2024-06-03 00:00:00-04:00,16.78656693090762,16.813861049915143,16.78201675415039,16.78201675415039,1800,0.0,0.0,0.0,FXED
2024-06-04 00:00:00-04:00,16.795665156214383,16.841158250503348,16.772919476761952,16.79111671447754,11500,0.0,0.0,0.0,FXED
2024-06-05 00:00:00-04:00,16.800220489501953,16.800220489501953,16.795670310984505,16.800220489501953,900,0.0,0.0,0.0,FXED
2024-06-06 00:00:00-04:00,16.859363346407864,16.859363346407864,16.70469022450009,16.81842041015625,7800,0.0,0.0,0.0,FXED
2024-06-07 00:00:00-04:00,16.759275091118887,16.904849545310533,16.704685104643115,16.809316635131836,6300,0.0,0.0,0.0,FXED
2024-06-10 00:00:00-04:00,16.795673345923902,16.795673345923902,16.670116509385657,16.76837921142578,5500,0.0,0.0,0.0,FXED
2024-06-11 00:00:00-04:00,16.686307212765026,16.81396320999303,16.640716903214273,16.73189926147461,4300,0.04,0.0,0.0,FXED
2024-06-12 00:00:00-04:00,16.786609077492486,16.923381754239394,16.595127677878605,16.690868377685547,32600,0.0,0.0,0.0,FXED
2024-06-13 00:00:00-04:00,16.74740709284005,16.859560273190464,16.74740709284005,16.804851531982422,1200,0.0,0.0,0.0,FXED
2024-06-14 00:00:00-04:00,16.75925698468342,16.841320953929994,16.695429839527037,16.768375396728516,9000,0.0,0.0,0.0,FXED
2024-06-17 00:00:00-04:00,16.686316330955687,16.75014523402823,16.658962825941522,16.72734832763672,4400,0.0,0.0,0.0,FXED
2024-06-18 00:00:00-04:00,16.695432256708774,16.76381948736851,16.658960342407227,16.658960342407227,2300,0.0,0.0,0.0,FXED
2024-06-20 00:00:00-04:00,16.77749380877361,16.795730632863794,16.699989915129215,16.768375396728516,7800,0.0,0.0,0.0,FXED
2024-06-21 00:00:00-04:00,16.722783151122176,16.795728699928723,16.70454632913077,16.732812881469727,2600,0.0,0.0,0.0,FXED
2024-06-24 00:00:00-04:00,16.786620757435706,16.868684768414862,16.768383924071415,16.8331241607666,4700,0.0,0.0,0.0,FXED
2024-06-25 00:00:00-04:00,16.84133820023392,16.84133820023392,16.768234252929688,16.768234252929688,1500,0.04,0.0,0.0,FXED
2024-06-26 00:00:00-04:00,16.786513239806524,16.841340772926284,16.742650516136372,16.826719284057617,18800,0.0,0.0,0.0,FXED
2024-06-27 00:00:00-04:00,16.96927304513577,16.96927304513577,16.795650482177734,16.795650482177734,3000,0.0,0.0,0.0,FXED
2024-06-28 00:00:00-04:00,16.836768014543175,16.836768014543175,16.786510467529297,16.786510467529297,9300,0.0,0.0,0.0,FXED
2024-07-01 00:00:00-04:00,16.786513112023915,16.786513112023915,16.695132728896017,16.722545623779297,2500,0.0,0.0,0.0,FXED
2024-07-02 00:00:00-04:00,16.795654677445416,16.795654677445416,16.76824177424514,16.777379989624023,3600,0.0,0.0,0.0,FXED
2024-07-03 00:00:00-04:00,16.83220111038516,16.932719698226293,16.83220111038516,16.931804656982422,5200,0.0,0.0,0.0,FXED
2024-07-05 00:00:00-04:00,16.925407674238993,17.005823239744306,16.925407674238993,16.996685028076172,4600,0.0,0.0,0.0,FXED
2024-07-08 00:00:00-04:00,16.960131973339614,17.019529476985976,16.914442658495116,17.01496124267578,13700,0.0,0.0,0.0,FXED
2024-07-09 00:00:00-04:00,16.86874995915423,16.872406637769306,16.845905303955078,16.845905303955078,4700,0.0,0.0,0.0,FXED
2024-07-10 00:00:00-04:00,16.841343358794013,16.95099844187029,16.841343358794013,16.946430206298828,6400,0.0,0.0,0.0,FXED
2024-07-11 00:00:00-04:00,17.024272106945975,17.08013343811035,17.024272106945975,17.08013343811035,3800,0.04,0.0,0.0,FXED
2024-07-12 00:00:00-04:00,17.21658049182789,17.35394822847653,17.152476479633634,17.16163444519043,16100,0.0,0.0,0.0,FXED
2024-07-15 00:00:00-04:00,17.143318784311248,17.17079268141472,17.069141532846235,17.115846633911133,7700,0.0,0.0,0.0,FXED
2024-07-16 00:00:00-04:00,17.125002765145044,17.179948806762695,17.125002765145044,17.179948806762695,500,0.0,0.0,0.0,FXED
2024-07-17 00:00:00-04:00,16.987634602269722,17.234894403217382,16.987634602269722,17.207422256469727,12300,0.0,0.0,0.0,FXED
2024-07-18 00:00:00-04:00,17.179955183567756,17.20742908792585,17.12409210205078,17.12409210205078,2300,0.0,0.0,0.0,FXED
2024-07-19 00:00:00-04:00,17.081963231384783,17.081963231384783,17.05174351501905,17.06089973449707,2600,0.0,0.0,0.0,FXED
2024-07-22 00:00:00-04:00,17.152473206744638,17.207420989600756,17.089284479152195,17.186357498168945,12900,0.0,0.0,0.0,FXED
2024-07-23 00:00:00-04:00,17.157057930198583,17.198267905682222,17.097532021899212,17.166215896606445,8400,0.0,0.0,0.0,FXED
2024-07-24 00:00:00-04:00,17.115844415307414,17.115844415307414,16.987634658813477,16.987634658813477,10600,0.0,0.0,0.0,FXED
2024-07-25 00:00:00-04:00,16.996813883055864,17.051878663320377,16.979375623177457,17.02434539794922,3500,0.04,0.0,0.0,FXED
2024-07-26 00:00:00-04:00,17.079413254250323,17.125300282952477,17.063811244376886,17.120712280273438,3600,0.0,0.0,0.0,FXED
2024-07-29 00:00:00-04:00,17.024345890353835,17.106943938378535,17.024345890353835,17.07206916809082,2000,0.0,0.0,0.0,FXED
2024-07-30 00:00:00-04:00,17.081242620031773,17.088585872779763,17.01516559864174,17.077571868896484,7900,0.0,0.0,0.0,FXED
2024-07-31 00:00:00-04:00,17.108779581740986,17.108779581740986,17.084917068481445,17.084917068481445,1000,0.0,0.0,0.0,FXED
2024-08-01 00:00:00-04:00,17.07023197077013,17.08399772644043,17.07023197077013,17.08399772644043,300,0.0,0.0,0.0,FXED
2024-08-02 00:00:00-04:00,16.987636516986854,17.134477101373733,16.9417477403173,17.056467056274414,10400,0.0,0.0,0.0,FXED
2024-08-05 00:00:00-04:00,16.88668539847458,16.88668539847458,16.638891220092773,16.638891220092773,2300,0.0,0.0,0.0,FXED
2024-08-06 00:00:00-04:00,16.703131265918614,16.950923630761448,16.703131265918614,16.934404373168945,11700,0.0,0.0,0.0,FXED
2024-08-07 00:00:00-04:00,16.905039117224753,17.024346440181503,16.84997433358917,16.868328094482422,8200,0.0,0.0,0.0,FXED
2024-08-08 00:00:00-04:00,16.969282841733662,16.969282841733662,16.87750702894584,16.941749572753906,8100,0.0,0.0,0.0,FXED
2024-08-09 00:00:00-04:00,17.033522368428695,17.033522368428695,16.95092432659788,16.960102081298828,1800,0.0,0.0,0.0,FXED
2024-08-12 00:00:00-04:00,16.86812930020546,16.96010418301173,16.86812930020546,16.937110900878906,4300,0.04,0.0,0.0,FXED
2024-08-13 00:00:00-04:00,17.01344488616916,17.01344488616916,16.969298564892938,16.98861312866211,7100,0.0,0.0,0.0,FXED
2024-08-14 00:00:00-04:00,17.015289039397857,17.079670933457518,17.015289039397857,17.049320220947266,5100,0.0,0.0,0.0,FXED
2024-08-15 00:00:00-04:00,17.015288874741366,17.098066096095625,17.015288874741366,17.084270477294922,2100,0.0,0.0,0.0,FXED
2024-08-16 00:00:00-04:00,17.116456371134245,17.199233568052183,17.116456371134245,17.14864730834961,10700,0.0,0.0,0.0,FXED
2024-08-19 00:00:00-04:00,17.052083168940527,17.37399270480882,17.052083168940527,17.300413131713867,9400,0.0,0.0,0.0,FXED
2024-08-20 00:00:00-04:00,17.300410634680215,17.300410634680215,17.181763743688453,17.200159072875977,3400,0.0,0.0,0.0,FXED
2024-08-21 00:00:00-04:00,17.263619326798903,17.305007934570312,17.20843334692042,17.305007934570312,5300,0.0,0.0,0.0,FXED
2024-08-22 00:00:00-04:00,17.20843570689878,17.364792496114234,17.20843570689878,17.33260154724121,2400,0.0,0.0,0.0,FXED
2024-08-23 00:00:00-04:00,17.42917380055367,17.42917380055367,17.318803594801405,17.401580810546875,4300,0.0,0.0,0.0,FXED
2024-08-26 00:00:00-04:00,17.4200142554718,17.429231405376328,17.383147413845265,17.393285751342773,2800,0.04,0.0,0.0,FXED
2024-08-27 00:00:00-04:00,17.410796366459227,17.429230665485733,17.28175978925673,17.337060928344727,9600,0.0,0.0,0.0,FXED
2024-08-28 00:00:00-04:00,17.23567858203391,17.429233479083184,17.23567858203391,17.36102867126465,500,0.0,0.0,0.0,FXED
2024-08-29 00:00:00-04:00,17.475313108862107,17.475313108862107,17.429229123364824,17.456880569458008,12400,0.0,0.0,0.0,FXED
2024-08-30 00:00:00-04:00,17.438447904666155,17.45503807067871,17.438447904666155,17.45503807067871,600,0.0,0.0,0.0,FXED
2024-09-03 00:00:00-04:00,17.60435367502934,17.60435367502934,17.392364501953125,17.392364501953125,1000,0.0,0.0,0.0,FXED
2024-09-04 00:00:00-04:00,17.44766736863535,17.549054269259763,17.44766736863535,17.526010513305664,10500,0.0,0.0,0.0,FXED
2024-09-05 00:00:00-04:00,17.572094135056282,17.572094135056282,17.55734634399414,17.55734634399414,4800,0.0,0.0,0.0,FXED
2024-09-06 00:00:00-04:00,17.687305469220746,17.687305469220746,17.484531697157966,17.553659439086914,12500,0.0,0.0,0.0,FXED
2024-09-09 00:00:00-04:00,17.5767051480412,17.678092055497665,17.5767051480412,17.636615753173828,6200,0.0,0.0,0.0,FXED
2024-09-10 00:00:00-04:00,17.53983326545671,17.59513440001654,17.513103006659552,17.592369079589844,8400,0.0,0.0,0.0,FXED
2024-09-11 00:00:00-04:00,17.68750262601934,17.68750262601934,17.45659527643245,17.6043758392334,6300,0.04,0.0,0.0,FXED
2024-09-12 00:00:00-04:00,17.44735877104698,17.6320853553898,17.44735877104698,17.6043758392334,2400,0.0,0.0,0.0,FXED
2024-09-13 00:00:00-04:00,17.659796512211564,17.853757858276367,17.65517737824806,17.853757858276367,7400,0.0,0.0,0.0,FXED
2024-09-16 00:00:00-04:00,17.779868089627108,17.836210250854492,17.742922063573058,17.836210250854492,7300,0.0,0.0,0.0,FXED
2024-09-17 00:00:00-04:00,17.74291924470824,17.826046028439798,17.74291924470824,17.779865264892578,5600,0.0,0.0,0.0,FXED
2024-09-18 00:00:00-04:00,17.798342508567078,17.89070581931461,17.742923465108383,17.830669403076172,18400,0.0,0.0,0.0,FXED
2024-09-19 00:00:00-04:00,17.733684501345362,17.83528253348588,17.733684501345362,17.779865264892578,63500,0.0,0.0,0.0,FXED
2024-09-20 00:00:00-04:00,17.812195925025186,17.84452281869297,17.761396017351935,17.8260498046875,10400,0.0,0.0,0.0,FXED
2024-09-23 00:00:00-04:00,17.844524383544922,17.899941668737497,17.80758011397778,17.844524383544922,8900,0.0,0.0,0.0,FXED
2024-09-24 00:00:00-04:00,18.020010313248893,18.020010313248893,17.807575968065972,17.862993240356445,12900,0.0,0.0,0.0,FXED
2024-09-25 00:00:00-04:00,17.788953297746616,17.835231552403513,17.77136879671143,17.807464599609375,3500,0.04,0.0,0.0,FXED
2024-09-26 00:00:00-04:00,17.835232977110188,17.87225381845808,17.78895471875651,17.825977325439453,4400,0.0,0.0,0.0,FXED
2024-09-27 00:00:00-04:00,18.085127623198634,18.112892808802748,17.853741661378802,17.86669921875,9200,0.0,0.0,0.0,FXED
2024-09-30 00:00:00-04:00,17.872245592283722,17.872245592283722,17.724158764382945,17.7426700592041,4200,0.0,0.0,0.0,FXED
2024-10-01 00:00:00-04:00,17.751931146169454,17.759334960232902,17.70565289493596,17.738048553466797,1900,0.0,0.0,0.0,FXED
2024-10-02 00:00:00-04:00,17.705648477801436,17.835225783594012,17.705648477801436,17.781543731689453,15800,0.0,0.0,0.0,FXED
2024-10-03 00:00:00-04:00,17.798206329345703,17.798206329345703,17.798206329345703,17.798206329345703,800,0.0,0.0,0.0,FXED
2024-10-04 00:00:00-04:00,17.81671811014209,17.81671811014209,17.724163377282206,17.779695510864258,8400,0.0,0.0,0.0,FXED
2024-10-07 00:00:00-04:00,17.71398324431206,17.71398324431206,17.631609194085172,17.65937614440918,800,0.0,0.0,0.0,FXED
2024-10-08 00:00:00-04:00,17.603841722296615,17.705650329589844,17.603841722296615,17.705650329589844,15800,0.0,0.0,0.0,FXED
2024-10-09 00:00:00-04:00,17.603838344961645,17.724158226982563,17.603838344961645,17.685285568237305,4800,0.0,0.0,0.0,FXED
2024-10-10 00:00:00-04:00,17.502034524996215,17.650121403684587,17.502034524996215,17.64549446105957,7800,0.0,0.0,0.0,FXED
2024-10-11 00:00:00-04:00,17.548104805682353,17.705778121948242,17.548104805682353,17.705778121948242,4300,0.04,0.0,0.0,FXED
2024-10-14 00:00:00-04:00,17.77070510574446,17.77070510574446,17.668680657749825,17.738243103027344,12000,0.0,0.0,0.0,FXED
2024-10-15 00:00:00-04:00,17.811516458357815,17.900554342315814,17.799458636795404,17.830066680908203,4900,0.0,0.0,0.0,FXED
2024-10-16 00:00:00-04:00,17.844901954561408,17.928376170670152,17.844901954561408,17.900550842285156,4400,0.0,0.0,0.0,FXED
2024-10-17 00:00:00-04:00,17.84490145203272,18.011849879548784,17.84490145203272,17.94228744506836,9400,0.0,0.0,0.0,FXED
2024-10-18 00:00:00-04:00,17.927452497942767,17.927452497942767,17.84583222724017,17.88200569152832,4100,0.0,0.0,0.0,FXED
2024-10-21 00:00:00-04:00,18.132426572912568,18.132426572912568,17.742880749832388,17.766069412231445,11100,0.0,0.0,0.0,FXED
2024-10-22 00:00:00-04:00,17.817078704796685,17.817078704796685,17.69650580582095,17.789255142211914,4200,0.0,0.0,0.0,FXED
2024-10-23 00:00:00-04:00,17.63157832457627,17.724327642679498,17.622303215861336,17.629722595214844,5700,0.0,0.0,0.0,FXED
2024-10-24 00:00:00-04:00,17.705782261798333,17.715057373046875,17.640858252105126,17.715057373046875,9600,0.0,0.0,0.0,FXED
2024-10-25 00:00:00-04:00,17.668577526140016,17.742932330825298,17.63511848449707,17.63511848449707,2600,0.04,0.0,0.0,FXED
2024-10-28 00:00:00-04:00,17.659290087662637,17.696468391403133,17.631406359857266,17.679737091064453,5400,0.0,0.0,0.0,FXED
2024-10-29 00:00:00-04:00,17.51987404490126,17.612818026457568,17.5012848940382,17.575639724731445,8400,0.0,0.0,0.0,FXED
2024-10-30 00:00:00-04:00,17.48269213852376,17.594225247946785,17.48269213852376,17.547752380371094,1700,0.0,0.0,0.0,FXED
2024-10-31 00:00:00-04:00,17.584934921397036,17.584934921397036,17.445519830516872,17.499425888061523,2500,0.0,0.0,0.0,FXED
2024-11-01 00:00:00-04:00,17.399042390978323,17.494774900728025,17.380455017089844,17.380455017089844,2700,0.0,0.0,0.0,FXED
2024-11-04 00:00:00-05:00,17.473402309366268,17.473402309366268,17.39904747381506,17.446449279785156,4100,0.0,0.0,0.0,FXED
2024-11-05 00:00:00-05:00,17.35257380216959,17.52916717529297,17.33398465283895,17.52916717529297,4000,0.0,0.0,0.0,FXED
2024-11-06 00:00:00-05:00,17.510574466596957,17.61281299437465,17.454808802699347,17.491985321044922,7800,0.0,0.0,0.0,FXED
2024-11-07 00:00:00-05:00,17.54403494661421,17.554258445677224,17.529165047162063,17.549612045288086,1500,0.0,0.0,0.0,FXED
2024-11-08 00:00:00-05:00,17.60352443259474,17.715055798474072,17.60352443259474,17.68717384338379,14500,0.0,0.0,0.0,FXED
2024-11-11 00:00:00-05:00,17.798701823407104,17.798701823407104,17.584931935504684,17.622108459472656,2700,0.0,0.0,0.0,FXED
2024-11-12 00:00:00-05:00,17.59416356038526,17.59416356038526,17.491710662841797,17.491710662841797,5500,0.04,0.0,0.0,FXED
2024-11-13 00:00:00-05:00,17.528970868203455,17.528970868203455,17.482401517295987,17.50102996826172,2900,0.0,0.0,0.0,FXED
2024-11-14 00:00:00-05:00,17.463771342159358,17.463771342159358,17.41720199584961,17.41720199584961,1300,0.0,0.0,0.0,FXED
2024-11-15 00:00:00-05:00,17.39857292175293,17.417201370210357,17.389258697524216,17.39857292175293,7900,0.0,0.0,0.0,FXED
2024-11-18 00:00:00-05:00,17.54760065052941,17.54760065052941,17.422792151397847,17.426517486572266,5200,0.0,0.0,0.0,FXED
2024-11-19 00:00:00-05:00,17.42185829522987,17.58485278452566,17.42185829522987,17.496370315551758,10200,0.0,0.0,0.0,FXED
2024-11-20 00:00:00-05:00,17.35200181580848,17.473084954381193,17.35200181580848,17.370630264282227,5300,0.0,0.0,0.0,FXED
2024-11-21 00:00:00-05:00,17.445141465117924,17.501026807923335,17.398572122619953,17.463769912719727,3500,0.0,0.0,0.0,FXED
2024-11-22 00:00:00-05:00,17.510339736938477,17.54666574371331,17.473084617216497,17.510339736938477,10700,0.0,0.0,0.0,FXED
2024-11-25 00:00:00-05:00,17.592306572131946,17.640739477861185,17.556913226541084,17.584854125976562,4100,0.0,0.0,0.0,FXED
2024-11-26 00:00:00-05:00,17.696856278838467,17.696856278838467,17.482179641723633,17.482179641723633,3800,0.04,0.0,0.0,FXED
2024-11-27 00:00:00-05:00,17.57551977667983,17.597921020776592,17.519517556577163,17.547517776489258,28900,0.0,0.0,0.0,FXED
2024-11-29 00:00:00-05:00,17.65952491760254,17.65952491760254,17.65952491760254,17.65952491760254,700,0.0,0.0,0.0,FXED
2024-12-02 00:00:00-05:00,17.566184997558594,17.58485299685772,17.566184997558594,17.566184997558594,2500,0.0,0.0,0.0,FXED
2024-12-03 00:00:00-05:00,17.612852854425675,17.612852854425675,17.491512654012368,17.52884864807129,48600,0.0,0.0,0.0,FXED
2024-12-04 00:00:00-05:00,17.323511826413284,17.547522548015472,17.323511826413284,17.527921676635742,9600,0.0,0.0,0.0,FXED
2024-12-05 00:00:00-05:00,17.554054993893775,17.594191380415435,17.51018714291661,17.575523376464844,11700,0.0,0.0,0.0,FXED
2024-12-06 00:00:00-05:00,17.588586591253225,17.64085556610993,17.566185347703435,17.6035213470459,9500,0.0,0.0,0.0,FXED
2024-12-09 00:00:00-05:00,17.609123748553678,17.6315249964616,17.556854763528122,17.593257904052734,10500,0.0,0.0,0.0,FXED
2024-12-10 00:00:00-05:00,17.87420431855896,17.87420431855896,17.519521144891907,17.575523376464844,12600,0.0,0.0,0.0,FXED
2024-12-11 00:00:00-05:00,17.58207090819866,17.62229095054393,17.566169504835308,17.575523376464844,2800,0.04,0.0,0.0,FXED
2024-12-12 00:00:00-05:00,17.58020220190632,17.58487824642667,17.453927591030432,17.505373001098633,10100,0.0,0.0,0.0,FXED
2024-12-13 00:00:00-05:00,17.631646960756466,17.631646960756466,17.463280819140486,17.499759674072266,3100,0.0,0.0,0.0,FXED
2024-12-16 00:00:00-05:00,17.47169239052896,17.47169239052896,17.313615041131502,17.416505813598633,5900,0.0,0.0,0.0,FXED
2024-12-17 00:00:00-05:00,17.410896310846347,17.41650898994913,17.360385767058055,17.3613224029541,6800,0.0,0.0,0.0,FXED
2024-12-18 00:00:00-05:00,17.405280061301017,17.481980713077093,17.210723876953125,17.210723876953125,6900,0.0,0.0,0.0,FXED
2024-12-19 00:00:00-05:00,17.163964890567193,17.163964890567193,17.10784343522773,17.123743057250977,4200,0.0,0.0,0.0,FXED
2024-12-20 00:00:00-05:00,17.145252235951446,17.229435286896134,17.12654449483743,17.203245162963867,9600,0.0,0.0,0.0,FXED
2024-12-23 00:00:00-05:00,17.36038415393206,17.36038415393206,17.135896635432257,17.169570922851562,2100,0.0,0.0,0.0,FXED
2024-12-24 00:00:00-05:00,17.112531355709987,17.245628241551053,17.112531355709987,17.239925384521484,8600,0.296,0.0,0.0,FXED
2024-12-26 00:00:00-05:00,17.274148509978158,17.28365568874058,17.217107250712544,17.250381469726562,2200,0.0,0.0,0.0,FXED
2024-12-27 00:00:00-05:00,17.13154168906846,17.245624189179708,17.12203451184108,17.16481590270996,14700,0.0,0.0,0.0,FXED
2024-12-30 00:00:00-05:00,17.16481633700797,17.20094288606261,17.131542122524575,17.188583374023438,5800,0.0,0.0,0.0,FXED
2024-12-31 00:00:00-05:00,17.23231379815229,17.24562348306393,17.21710376585817,17.24277114868164,5600,0.0,0.0,0.0,FXED
2025-01-02 00:00:00-05:00,17.411994927676048,17.44526913722225,17.369213542072583,17.392980575561523,4200,0.0,0.0,0.0,FXED
2025-01-03 00:00:00-05:00,17.274153381445146,17.549854390069896,17.274153381445146,17.473798751831055,19500,0.0,0.0,0.0,FXED
2025-01-06 00:00:00-05:00,17.435767918015863,17.435767918015863,17.340697938271443,17.411048889160156,6900,0.0,0.0,0.0,FXED
2025-01-07 00:00:00-05:00,17.968162091213244,17.968162091213244,17.264646953473477,17.288414001464844,6400,0.0,0.0,0.0,FXED
2025-01-08 00:00:00-05:00,17.269393392445696,17.269393392445696,17.160061758746906,17.245624542236328,12700,0.0,0.0,0.0,FXED
2025-01-10 00:00:00-05:00,17.12203968495959,17.25038389634314,16.96042124988132,17.059293746948242,15800,0.0,0.0,0.0,FXED
2025-01-13 00:00:00-05:00,17.037419691237698,17.06118672456527,16.903372680349808,16.93189239501953,9300,0.0,0.0,0.0,FXED
2025-01-14 00:00:00-05:00,17.18858528284515,17.207599639892578,17.150558382059184,17.207599639892578,6500,0.0,0.0,0.0,FXED
2025-01-15 00:00:00-05:00,17.369213542072583,17.392980575561523,17.35970636601532,17.392980575561523,2100,0.0,0.0,0.0,FXED
2025-01-16 00:00:00-05:00,17.42633122423946,17.445385425775406,17.359635158376722,17.440622329711914,7800,0.04,0.0,0.0,FXED
2025-01-17 00:00:00-05:00,17.55210336858689,17.55210336858689,17.460635904322217,17.47683334350586,7100,0.0,0.0,0.0,FXED
2025-01-21 00:00:00-05:00,17.550191088468235,17.550191088468235,17.45491281504564,17.532087326049805,12000,0.0,0.0,0.0,FXED
2025-01-22 00:00:00-05:00,17.5787755931324,17.632130991550568,17.512079527827726,17.558767318725586,8600,0.0,0.0,0.0,FXED
2025-01-23 00:00:00-05:00,17.512078223808622,17.55971826690735,17.44538398075223,17.502552032470703,13300,0.0,0.0,0.0,FXED
2025-01-24 00:00:00-05:00,17.58449331918357,17.597832170589136,17.512081892329842,17.52637481689453,1700,0.0,0.0,0.0,FXED
2025-01-27 00:00:00-05:00,17.39775099090294,17.702640089365868,17.39775099090294,17.640708923339844,13100,0.0,0.0,0.0,FXED
2025-01-28 00:00:00-05:00,17.74265392739948,17.74265392739948,17.682629099785306,17.716928482055664,600,0.0,0.0,0.0,FXED
2025-01-29 00:00:00-05:00,17.521614677798297,17.650240130239236,17.483504442232114,17.493032455444336,5400,0.0,0.0,0.0,FXED
2025-01-30 00:00:00-05:00,17.61716011826872,17.64580474029428,17.502576166416105,17.569416046142578,14300,0.04,0.0,0.0,FXED
2025-01-31 00:00:00-05:00,17.760390655999775,17.760390655999775,17.64676284790039,17.64676284790039,1600,0.0,0.0,0.0,FXED
2025-02-03 00:00:00-05:00,17.378443339921844,17.588511770783562,17.340248086356116,17.506393432617188,10000,0.0,0.0,0.0,FXED
2025-02-04 00:00:00-05:00,17.559869177861795,17.59806443979586,17.464384665527305,17.48921012878418,53300,0.0,0.0,0.0,FXED
2025-02-05 00:00:00-05:00,17.607609392724505,17.63338918549936,17.607609392724505,17.612382888793945,1300,0.0,0.0,0.0,FXED
2025-02-06 00:00:00-05:00,17.61716522102333,17.6362610341547,17.53122768755487,17.601886749267578,8800,0.0,0.0,0.0,FXED
2025-02-07 00:00:00-05:00,17.645806001457522,17.645806001457522,17.493028602234965,17.55031967163086,4900,0.0,0.0,0.0,FXED
2025-02-10 00:00:00-05:00,17.64580606420416,17.64580606420416,17.502577479579987,17.52167510986328,7400,0.0,0.0,0.0,FXED
2025-02-11 00:00:00-05:00,17.578968015396345,17.594246485468705,17.531225755952214,17.593290328979492,8200,0.0,0.0,0.0,FXED
2025-02-12 00:00:00-05:00,17.521671955816906,17.55031657483531,17.512123142394124,17.52071762084961,6100,0.0,0.0,0.0,FXED
2025-02-13 00:00:00-05:00,17.67478722124149,17.67478722124149,17.62694066416931,17.646080017089844,9400,0.04,0.0,0.0,FXED
2025-02-14 00:00:00-05:00,17.765695894084676,17.856605070634743,17.76091014387056,17.801101684570312,5900,0.0,0.0,0.0,FXED
2025-02-18 00:00:00-05:00,17.703495132568033,17.789620390042096,17.674786105000333,17.74368667602539,8300,0.0,0.0,0.0,FXED
2025-02-19 00:00:00-05:00,17.72454732431359,17.744643096042267,17.72454732431359,17.74368667602539,2300,0.0,0.0,0.0,FXED
2025-02-20 00:00:00-05:00,17.75134298206212,17.77430984074653,17.71306610107422,17.71306610107422,1200,0.0,0.0,0.0,FXED
2025-02-21 00:00:00-05:00,17.760910359399055,17.773351119832018,17.684354782104492,17.684354782104492,11500,0.0,0.0,0.0,FXED
2025-02-24 00:00:00-05:00,17.780052480476172,17.789622157282732,17.77048280366961,17.7752685546875,3500,0.0,0.0,0.0,FXED
2025-02-25 00:00:00-05:00,17.756126878928605,17.866175409968093,17.741773278210534,17.818328857421875,22400,0.0,0.0,0.0,FXED
2025-02-26 00:00:00-05:00,17.871919021915343,17.871919021915343,17.73220503295444,17.756128311157227,18200,0.0,0.0,0.0,FXED
2025-02-27 00:00:00-05:00,17.841478644748936,17.90477349061645,17.80120027275799,17.828052520751953,1300,0.04,0.0,0.0,FXED
2025-02-28 00:00:00-05:00,17.914368072748292,17.914368072748292,17.712974336042283,17.85395050048828,2800,0.0,0.0,0.0,FXED
2025-03-03 00:00:00-05:00,17.93546809206245,17.93546809206245,17.789697647094727,17.789697647094727,14300,0.0,0.0,0.0,FXED
2025-03-04 00:00:00-05:00,17.655426045061535,17.792564543114754,17.655426045061535,17.69858169555664,17500,0.0,0.0,0.0,FXED
2025-03-05 00:00:00-05:00,17.703378167290722,17.703378167290722,17.61706868468607,17.683238983154297,1000,0.0,0.0,0.0,FXED
2025-03-06 00:00:00-05:00,17.66502278498736,17.693793838785574,17.501990471809087,17.538433074951172,11700,0.0,0.0,0.0,FXED
2025-03-07 00:00:00-05:00,17.57870864868164,17.606519382496263,17.53075872917253,17.57870864868164,4500,0.0,0.0,0.0,FXED
2025-03-10 00:00:00-04:00,17.72256234202837,17.72256234202837,17.473218706777267,17.48472785949707,8800,0.0,0.0,0.0,FXED
2025-03-11 00:00:00-04:00,17.434859525979103,17.434859525979103,17.379236221313477,17.379236221313477,4000,0.0,0.0,0.0,FXED
2025-03-12 00:00:00-04:00,17.281414280257287,17.444446559473754,17.281414280257287,17.399372100830078,14600,0.0,0.0,0.0,FXED
2025-03-13 00:00:00-04:00,17.56949347198633,17.56949347198633,17.338822013914704,17.36765480041504,10000,0.04,0.0,0.0,FXED
2025-03-14 00:00:00-04:00,17.444548736457183,17.492606445485123,17.425325652846006,17.46377182006836,7300,0.0,0.0,0.0,FXED
2025-03-17 00:00:00-04:00,17.54065581801307,17.569490432739258,17.48298842177417,17.569490432739258,7800,0.0,0.0,0.0,FXED
2025-03-18 00:00:00-04:00,17.588716729959533,17.588716729959533,17.50221469413891,17.540660858154297,15400,0.0,0.0,0.0,FXED
2025-03-19 00:00:00-04:00,17.598326624192325,17.598326624192325,17.540659216779495,17.579105377197266,7000,0.0,0.0,0.0,FXED
2025-03-20 00:00:00-04:00,17.588715275612923,17.646384516867545,17.588715275612923,17.617549896240234,2000,0.0,0.0,0.0,FXED
2025-03-21 00:00:00-04:00,17.58871508408788,17.61754970440121,17.579105377197266,17.579105377197266,6300,0.0,0.0,0.0,FXED
2025-03-24 00:00:00-04:00,17.58871841430664,17.627164582003747,17.492606661492232,17.58871841430664,3700,0.0,0.0,0.0,FXED
2025-03-25 00:00:00-04:00,17.925112954290178,17.925112954290178,17.607939440706783,17.63677406311035,7700,0.0,0.0,0.0,FXED
2025-03-26 00:00:00-04:00,17.59832992496918,17.60794146687638,17.46377200469669,17.502216339111328,3400,0.0,0.0,0.0,FXED
2025-03-27 00:00:00-04:00,17.47332033945114,17.579278220756514,17.454056773327423,17.560012817382812,7400,0.04,0.0,0.0,FXED
2025-03-28 00:00:00-04:00,17.771926834520634,17.771926834520634,17.415524256111226,17.434789657592773,9800,0.0,0.0,0.0,FXED
2025-03-31 00:00:00-04:00,17.40589352300038,17.463687896728516,17.376997254761317,17.463687896728516,7500,0.0,0.0,0.0,FXED
2025-04-01 00:00:00-04:00,17.338463900874327,17.55037779825288,17.338463900874327,17.444421768188477,4100,0.0,0.0,0.0,FXED
2025-04-02 00:00:00-04:00,17.444420036928832,17.511847095891632,17.444420036928832,17.48776626586914,6500,0.0,0.0,0.0,FXED
2025-04-03 00:00:00-04:00,17.42515549857785,17.434788198512486,17.222872474449847,17.227689743041992,3500,0.0,0.0,0.0,FXED
2025-04-04 00:00:00-04:00,17.039859100488815,17.039859100488815,16.81831064511763,16.866474151611328,10600,0.0,0.0,0.0,FXED
2025-04-07 00:00:00-04:00,16.500437172919533,16.747991875642423,16.433010107936603,16.45805549621582,6500,0.0,0.0,0.0,FXED
2025-04-08 00:00:00-04:00,16.635290939624,16.827939408770362,16.25673486968816,16.33572006225586,14900,0.0,0.0,0.0,FXED
2025-04-09 00:00:00-04:00,16.33668466196108,16.87706756591797,16.31742109890311,16.87706756591797,7900,0.0,0.0,0.0,FXED
2025-04-10 00:00:00-04:00,16.779779855173473,16.779779855173473,16.346317530046402,16.5582332611084,18900,0.0,0.0,0.0,FXED
2025-04-11 00:00:00-04:00,16.490803246002578,16.490803246002578,16.433007054826902,16.466720581054688,3800,0.0,0.0,0.0,FXED
2025-04-14 00:00:00-04:00,16.23072910878699,16.75088207153712,16.23072910878699,16.684417724609375,21100,0.0,0.0,0.0,FXED
2025-04-15 00:00:00-04:00,16.519320330158223,16.794481265605445,16.519320330158223,16.755861282348633,9900,0.04,0.0,0.0,FXED
2025-04-16 00:00:00-04:00,16.818620676428388,16.857238824708798,16.712417546027936,16.780000686645508,10200,0.0,0.0,0.0,FXED
2025-04-17 00:00:00-04:00,16.96344190779853,16.96344190779853,16.91516876220703,16.91516876220703,300,0.0,0.0,0.0,FXED
2025-04-21 00:00:00-04:00,17.08895809676467,17.08895809676467,16.70276549677908,16.726903915405273,4600,0.0,0.0,0.0,FXED
2025-04-22 00:00:00-04:00,16.857238777694274,16.919995340165194,16.833102204898527,16.91516876220703,9600,0.0,0.0,0.0,FXED
2025-04-23 00:00:00-04:00,17.233778126071577,17.233778126071577,16.98758026971907,17.079301834106445,2700,0.0,0.0,0.0,FXED
2025-04-24 00:00:00-04:00,17.122746439751094,17.185501160121408,17.088954869858632,17.156538009643555,6100,0.0,0.0,0.0,FXED
2025-04-25 00:00:00-04:00,17.10826394256662,17.195157081675518,17.10826394256662,17.1710205078125,2800,0.0,0.0,0.0,FXED
2025-04-28 00:00:00-04:00,17.175847947294248,17.22894767016157,17.13722795811535,17.214466094970703,6900,0.0,0.0,0.0,FXED
2025-04-29 00:00:00-04:00,17.15060276285568,17.204790842133693,17.15060276285568,17.195114135742188,900,0.04,0.0,0.0,FXED
2025-04-30 00:00:00-04:00,17.030613519644312,17.14673030301957,17.001583400978998,17.09834861755371,7500,0.0,0.0,0.0,FXED
2025-05-01 00:00:00-04:00,17.11769844838633,17.11769844838633,17.059638223203905,17.070283889770508,4100,0.0,0.0,0.0,FXED
2025-05-02 00:00:00-04:00,17.040291852427874,17.175762061177828,17.040291852427874,17.12738037109375,7700,0.0,0.0,0.0,FXED
2025-05-05 00:00:00-04:00,16.982235174309064,17.0548095703125,16.982235174309064,17.0548095703125,1900,0.0,0.0,0.0,FXED
2025-05-06 00:00:00-04:00,17.045126416844457,17.06447982788086,16.98222875379759,17.06447982788086,2200,0.0,0.0,0.0,FXED
2025-05-07 00:00:00-04:00,17.117702149748244,17.1854372481315,17.088672030879845,17.146730422973633,12100,0.0,0.0,0.0,FXED
2025-05-08 00:00:00-04:00,17.117700759050866,17.139955520629883,17.117700759050866,17.139955520629883,1200,0.0,0.0,0.0,FXED
2025-05-09 00:00:00-04:00,17.165118958931664,17.204792906203643,17.09835096877019,17.16802215576172,3700,0.0,0.0,0.0,FXED
2025-05-12 00:00:00-04:00,17.378964676826612,17.378964676826612,17.224141077816704,17.262847900390625,10900,0.0,0.0,0.0,FXED
2025-05-13 00:00:00-04:00,17.2376889423302,17.320907138432794,17.2376889423302,17.30155372619629,5400,0.0,0.0,0.0,FXED
2025-05-14 00:00:00-04:00,17.214468393458038,17.254140492274495,17.214468393458038,17.23381996154785,1900,0.0,0.0,0.0,FXED
2025-05-15 00:00:00-04:00,17.188238166715152,17.26291449695071,17.188238166715152,17.258066177368164,7900,0.04,0.0,0.0,FXED
2025-05-16 00:00:00-04:00,17.282309652454078,17.359895706176758,17.26291267657405,17.359895706176758,1900,0.0,0.0,0.0,FXED
2025-05-19 00:00:00-04:00,17.53446478950214,17.53446478950214,17.292008140394092,17.359895706176758,17100,0.0,0.0,0.0,FXED
2025-05-20 00:00:00-04:00,17.379292075942313,17.485973589764445,17.321103000129046,17.39383888244629,4800,0.0,0.0,0.0,FXED
2025-05-21 00:00:00-04:00,17.33855818103137,17.369592229049992,17.127135607371688,17.15041160583496,7800,0.0,0.0,0.0,FXED
2025-05-22 00:00:00-04:00,17.195027548087445,17.204726037402164,17.146536951311546,17.175630569458008,4300,0.0,0.0,0.0,FXED
2025-05-23 00:00:00-04:00,17.03015282641465,17.185324918470577,17.03015282641465,17.165929794311523,23700,0.0,0.0,0.0,FXED
2025-05-27 00:00:00-04:00,17.34050070657177,17.34050070657177,17.243519515713672,17.3114070892334,3700,0.0,0.0,0.0,FXED
2025-05-28 00:00:00-04:00,17.369594412882353,17.40838836513101,17.272611382058173,17.36474609375,9000,0.0,0.0,0.0,FXED
2025-05-29 00:00:00-04:00,17.214083743924554,17.35988492753161,17.1713170776379,17.316144943237305,2400,0.04,0.0,0.0,FXED
2025-05-30 00:00:00-04:00,17.31128815745226,17.389047942594196,17.28212939673623,17.35502815246582,7000,0.0,0.0,0.0,FXED
2025-06-02 00:00:00-04:00,17.27337642301159,17.316144943237305,17.252964553936852,17.316144943237305,3900,0.0,0.0,0.0,FXED
2025-06-03 00:00:00-04:00,17.339474733090604,17.427926174290377,17.339474733090604,17.398765563964844,67400,0.0,0.0,0.0,FXED
2025-06-04 00:00:00-04:00,17.379322502394697,17.393903732299805,17.321974608605156,17.393903732299805,1100,0.0,0.0,0.0,FXED
2025-06-05 00:00:00-04:00,17.418206326252562,17.418206326252562,17.32100614379007,17.38904571533203,4200,0.0,0.0,0.0,FXED
2025-06-06 00:00:00-04:00,17.367660923222537,17.40362548828125,17.331696358163825,17.40362548828125,1600,0.0,0.0,0.0,FXED
2025-06-09 00:00:00-04:00,17.408485502275163,17.52512608786162,17.398765298981356,17.411401748657227,16300,0.0,0.0,0.0,FXED
2025-06-10 00:00:00-04:00,17.427925993287086,17.506657230227326,17.42015057219006,17.481386184692383,6800,0.0,0.0,0.0,FXED
2025-06-11 00:00:00-04:00,17.515405205954757,17.593164975353282,17.44736563947344,17.500823974609375,12600,0.0,0.0,0.0,FXED
2025-06-12 00:00:00-04:00,17.437504382661707,17.49595359900943,17.427762536925904,17.464780807495117,12900,0.04,0.0,0.0,FXED
2025-06-13 00:00:00-04:00,17.38879494742168,17.45893511355123,17.348853942067343,17.368337631225586,6200,0.0,0.0,0.0,FXED
2025-06-16 00:00:00-04:00,17.44529859567507,17.446272222807405,17.291380037682053,17.344959259033203,8500,0.0,0.0,0.0,FXED
2025-06-17 00:00:00-04:00,17.3829493462212,17.445296779473612,17.310861926525362,17.387821197509766,2400,0.0,0.0,0.0,FXED
2025-06-18 00:00:00-04:00,17.414126067677547,17.525180890501865,17.37905690597188,17.452119827270508,5800,0.0,0.0,0.0,FXED
2025-06-20 00:00:00-04:00,17.515440392182132,17.54369230723904,17.398541938785858,17.530054092407227,15500,0.0,0.0,0.0,FXED
2025-06-23 00:00:00-04:00,17.525180228261277,17.525180228261277,17.45698916192857,17.476472854614258,7100,0.0,0.0,0.0,FXED
2025-06-24 00:00:00-04:00,17.622593951165637,17.642077640664457,17.495951827490206,17.5397891998291,9900,0.0,0.0,0.0,FXED
2025-06-25 00:00:00-04:00,17.340089519128004,17.534922737212835,17.340089519128004,17.452119827270508,3000,0.0,0.0,0.0,FXED
2025-06-26 00:00:00-04:00,17.613214663426508,17.70108375058195,17.603451017692567,17.64250373840332,10600,0.04,0.0,0.0,FXED
2025-06-27 00:00:00-04:00,17.632742434456894,17.691324316640742,17.505818747509075,17.589784622192383,5900,0.0,0.0,0.0,FXED
2025-06-30 00:00:00-04:00,17.682534127244974,17.691321967073023,17.582947920318794,17.64250373840332,4100,0.0,0.0,0.0,FXED
2025-07-01 00:00:00-04:00,17.71084822508547,17.817270665007896,17.701084578894648,17.76454734802246,6600,0.0,0.0,0.0,FXED
2025-07-02 00:00:00-04:00,17.756735558721697,17.81726904225652,17.7010829667252,17.803600311279297,8500,0.0,0.0,0.0,FXED
2025-07-03 00:00:00-04:00,17.842652971378943,17.842652971378943,17.798717498779297,17.798717498779297,700,0.0,0.0,0.0,FXED
2025-07-07 00:00:00-04:00,18.06233018730772,18.06233018730772,17.779190063476562,17.779190063476562,7900,0.0,0.0,0.0,FXED
2025-07-08 00:00:00-04:00,17.71279978376446,17.75966453552246,17.71279978376446,17.75966453552246,6500,0.0,0.0,0.0,FXED
2025-07-09 00:00:00-04:00,18.355234517566856,18.355234517566856,17.76943062663027,17.842655181884766,7800,0.0,0.0,0.0,FXED
2025-07-10 00:00:00-04:00,17.857302105115046,17.965674301084018,17.847538458350456,17.92076301574707,78100,0.0,0.0,0.0,FXED
2025-07-11 00:00:00-04:00,17.85729990374464,17.954932634904388,17.7996956984924,17.8768253326416,3800,0.0,0.0,0.0,FXED
2025-07-14 00:00:00-04:00,17.85729775080379,17.935405043649677,17.76942681357408,17.837770462036133,16600,0.0,0.0,0.0,FXED
2025-07-15 00:00:00-04:00,17.818199865579896,17.886695340656015,17.68121264804938,17.80548095703125,34200,0.04,0.0,0.0,FXED
2025-07-16 00:00:00-04:00,17.816248164651938,17.887677497218796,17.759495504185665,17.820161819458008,15200,0.0,0.0,0.0,FXED
2025-07-17 00:00:00-04:00,17.909197952300154,17.994325983322764,17.818198507741997,17.935617446899414,6300,0.0,0.0,0.0,FXED
2025-07-18 00:00:00-04:00,18.013900389055934,18.013900389055934,17.87691314948189,17.8945255279541,2100,0.0,0.0,0.0,FXED
2025-07-21 00:00:00-04:00,17.89648087076063,17.89648087076063,17.7692768515018,17.837770462036133,11300,0.0,0.0,0.0,FXED
2025-07-22 00:00:00-04:00,17.984545909123444,18.004116048801254,17.837773594162346,17.95519256591797,13600,0.0,0.0,0.0,FXED
2025-07-23 00:00:00-04:00,17.906267216723442,18.043256328156875,17.886698943356873,17.95519256591797,9100,0.0,0.0,0.0,FXED
2025-07-24 00:00:00-04:00,18.01390075156329,18.043255960481826,17.93562206075841,17.989439010620117,8700,0.0,0.0,0.0,FXED
2025-07-25 00:00:00-04:00,17.75949244935469,18.043253836564613,17.75949244935469,17.92974853515625,21300,0.0,0.0,0.0,FXED
2025-07-28 00:00:00-04:00,17.769278382471658,17.994329369706154,17.769278382471658,17.847557067871094,5500,0.0,0.0,0.0,FXED
2025-07-29 00:00:00-04:00,17.933855073811728,17.99465472023357,17.847559827181428,17.921106338500977,11900,0.04,0.0,0.0,FXED
2025-07-30 00:00:00-04:00,17.984848452212308,18.01426817949108,17.879920149039073,17.979944229125977,7700,0.0,0.0,0.0,FXED
2025-07-31 00:00:00-04:00,17.778915411807226,17.97504320062104,17.778915411807226,17.920127868652344,3400,0.0,0.0,0.0,FXED
2025-08-01 00:00:00-04:00,17.651431735693475,17.93581681145567,17.651431735693475,17.875017166137695,14000,0.0,0.0,0.0,FXED
2025-08-04 00:00:00-04:00,17.935813092044445,18.033875085021325,17.906393371903807,17.96523094177246,4200,0.0,0.0,0.0,FXED
2025-08-05 00:00:00-04:00,18.05349248877853,18.122136648213626,17.91620416990834,18.043685913085938,3200,0.0,0.0,0.0,FXED
2025-08-06 00:00:00-04:00,18.0927164799466,18.149591993118698,18.014265754842107,18.023090362548828,3500,0.0,0.0,0.0,FXED
2025-08-07 00:00:00-04:00,18.009361267089844,18.102520917274926,17.93973702113065,18.009361267089844,8200,0.0,0.0,0.0,FXED
2025-08-08 00:00:00-04:00,18.014265424207192,18.053489850833095,17.955425978649146,17.977001190185547,9200,0.0,0.0,0.0,FXED
2025-08-11 00:00:00-04:00,17.945621176528004,18.03387848316773,17.89659017080059,17.970138549804688,11700,0.0,0.0,0.0,FXED
2025-08-12 00:00:00-04:00,18.063299459807624,18.18097650028119,17.945622419334057,18.064279556274414,25100,0.0,0.0,0.0,FXED
2025-08-13 00:00:00-04:00,18.131942398092573,18.180975274322357,18.092717967521725,18.156457901000977,4600,0.0,0.0,0.0,FXED
2025-08-14 00:00:00-04:00,17.954996368248594,18.17120254084442,17.954996368248594,18.082754135131836,5400,0.04,0.0,0.0,FXED
2025-08-15 00:00:00-04:00,18.15842385758183,18.19085581023886,18.056216907484906,18.176115036010742,8200,0.0,0.0,0.0,FXED
2025-08-18 00:00:00-04:00,18.00413013516148,18.14171568494649,18.00413013516148,18.087665557861328,15100,0.0,0.0,0.0,FXED
2025-08-19 00:00:00-04:00,18.15449080781236,18.17119789123535,18.10240512094209,18.17119789123535,7700,0.0,0.0,0.0,FXED
2025-08-20 00:00:00-04:00,18.20756073188667,18.210509261274403,18.151542422444617,18.19773292541504,5200,0.0,0.0,0.0,FXED
2025-08-21 00:00:00-04:00,18.161371617864457,18.200682846757427,18.07292322731783,18.14171600341797,4700,0.0,0.0,0.0,FXED
2025-08-22 00:00:00-04:00,18.264559333315812,18.34809475085628,18.190853596681485,18.296009063720703,4000,0.0,0.0,0.0,FXED
2025-08-25 00:00:00-04:00,18.289133824468035,18.29896163308151,18.230166972787178,18.274391174316406,6800,0.0,0.0,0.0,FXED
2025-08-26 00:00:00-04:00,18.269477448145466,18.286184534647912,18.25080405021689,18.264562606811523,2200,0.0,0.0,0.0,FXED
2025-08-27 00:00:00-04:00,17.98447331284423,18.328439038661312,17.98447331284423,18.295024871826172,9900,0.0,0.0,0.0,FXED
2025-08-28 00:00:00-04:00,18.298965397533326,18.327526092529297,18.298965397533326,18.327526092529297,3500,0.04,0.0,0.0,FXED
2025-08-29 00:00:00-04:00,18.308815763997202,18.367907703688466,18.298966794298845,18.33146858215332,7400,0.0,0.0,0.0,FXED
2025-09-02 00:00:00-04:00,18.308814692190015,18.308814692190015,18.239873786836228,18.25464630126953,7200,0.0,0.0,0.0,FXED
2025-09-03 00:00:00-04:00,18.298966883065106,18.348209853296883,18.27434539794922,18.27434539794922,5100,0.0,0.0,0.0,FXED
2025-09-04 00:00:00-04:00,18.230027327262786,18.406318826864535,18.230027327262786,18.362985610961914,3700,0.0,0.0,0.0,FXED
2025-09-05 00:00:00-04:00,18.515637930069687,18.515637930069687,18.410257902344036,18.46245574951172,8000,0.0,0.0,0.0,FXED
2025-09-08 00:00:00-04:00,18.44768175413792,18.55503231852753,18.44768175413792,18.515636444091797,2200,0.0,0.0,0.0,FXED
2025-09-09 00:00:00-04:00,18.535334381309664,18.55503231852753,18.466393479545815,18.515636444091797,4200,0.0,0.0,0.0,FXED
2025-09-10 00:00:00-04:00,18.54419901660731,18.54419901660731,18.438817118840277,18.515636444091797,1000,0.0,0.0,0.0,FXED
2025-09-11 00:00:00-04:00,18.609202990979064,18.609202990979064,18.525487686776096,18.54124641418457,10800,0.0,0.0,0.0,FXED
2025-09-12 00:00:00-04:00,18.387606380380653,18.623976027122414,18.387606380380653,18.57965660095215,5200,0.0,0.0,0.0,FXED
2025-09-15 00:00:00-04:00,18.551029830205696,18.643804585490205,18.525369608845732,18.58458709716797,10200,0.04,0.0,0.0,FXED
2025-09-16 00:00:00-04:00,18.732634680375845,18.732634680375845,18.51056671142578,18.51056671142578,2500,0.0,0.0,0.0,FXED
2025-09-17 00:00:00-04:00,18.357590185053812,18.624071779233798,18.357590185053812,18.574722290039062,16300,0.0,0.0,0.0,FXED
2025-09-18 00:00:00-04:00,18.456286083802404,18.59347445463127,18.456286083802404,18.466154098510742,8300,0.0,0.0,0.0,FXED
2025-09-19 00:00:00-04:00,18.594460516057172,18.61420031006872,18.47602363447824,18.550046920776367,30700,0.0,0.0,0.0,FXED
2025-09-22 00:00:00-04:00,18.703027866299813,18.703027866299813,18.42667639220617,18.466154098510742,7700,0.0,0.0,0.0,FXED
2025-09-23 00:00:00-04:00,18.505631511915173,18.515501407953685,18.34771694027938,18.402000427246094,8200,0.0,0.0,0.0,FXED
2025-09-24 00:00:00-04:00,18.362520891900918,18.41680437901192,18.26579854595268,18.313173294067383,6800,0.0,0.0,0.0,FXED
2025-09-25 00:00:00-04:00,18.09110878320924,18.476025390567774,18.09110878320924,18.30824089050293,11200,0.0,0.0,0.0,FXED
2025-09-26 00:00:00-04:00,18.32304476206795,18.377328253835937,18.278631167211444,18.34377098083496,14200,0.0,0.0,0.0,FXED
2025-09-29 00:00:00-04:00,18.367507459937475,18.387289827369543,18.248817028445853,18.382343292236328,6700,0.04,0.0,0.0,FXED
2025-09-30 00:00:00-04:00,18.248817748952696,18.367508185130497,18.20925301252645,18.25870704650879,6800,0.0,0.0,0.0,FXED
2025-10-01 00:00:00-04:00,18.278487738833253,18.387288867479377,18.159797313537744,18.352670669555664,4100,0.0,0.0,0.0,FXED
2025-10-02 00:00:00-04:00,18.189470191983624,18.347725360652237,18.189470191983624,18.273544311523438,5800,0.0,0.0,0.0,FXED
2025-10-03 00:00:00-04:00,18.288379015670557,18.288379015670557,18.219142619468638,18.268596649169922,4300,0.0,0.0,0.0,FXED
2025-10-06 00:00:00-04:00,18.07078080246932,18.248818349142006,18.07078080246932,18.159799575805664,12100,0.0,0.0,0.0,FXED
2025-10-07 00:00:00-04:00,18.05099793435659,18.20727600288718,18.041106750198285,18.11528968811035,10700,0.0,0.0,0.0,FXED
2025-10-08 00:00:00-04:00,18.03121426584363,18.119244477919544,18.011431898953486,18.07572364807129,3200,0.0,0.0,0.0,FXED
2025-10-09 00:00:00-04:00,18.792819952607893,18.792819952607893,17.88285175312486,17.88779640197754,9300,0.0,0.0,0.0,FXED
2025-10-10 00:00:00-04:00,18.0470423188609,18.0470423188609,17.80372446442475,17.838342666625977,3100,0.0,0.0,0.0,FXED
2025-10-13 00:00:00-04:00,17.8235059333082,17.991652286888485,17.80372356546336,17.92736053466797,14900,0.0,0.0,0.0,FXED
2025-10-14 00:00:00-04:00,17.853177196790256,18.011432362887035,17.853177196790256,17.956043243408203,2500,0.0,0.0,0.0,FXED
2025-10-15 00:00:00-04:00,18.049016862797277,18.179577460159365,18.031213487984314,18.080669403076172,11800,0.0,0.0,0.0,FXED
2025-10-16 00:00:00-04:00,18.016236519570803,18.098511677357145,17.951805670525786,17.986499786376953,1800,0.04,0.0,0.0,FXED
2025-10-17 00:00:00-04:00,18.01623649137737,18.04795844640952,17.912154143986744,18.036062240600586,13000,0.0,0.0,0.0,FXED
2025-10-20 00:00:00-04:00,17.971630590038046,18.15501594543457,17.971630590038046,18.15501594543457,900,0.0,0.0,0.0,FXED
2025-10-21 00:00:00-04:00,18.100494730132528,18.27892268930107,18.100494730132528,18.189708709716797,16800,0.0,0.0,0.0,FXED
2025-10-22 00:00:00-04:00,18.33840039052153,18.33840039052153,18.08067129328573,18.13023567199707,3900,0.0,0.0,0.0,FXED
2025-10-23 00:00:00-04:00,18.090583935663552,18.25909903973286,18.090583935663552,18.18475341796875,9400,0.0,0.0,0.0,FXED
2025-10-24 00:00:00-04:00,18.413736868175434,18.413736868175434,18.189711168688675,18.22440528869629,13000,0.0,0.0,0.0,FXED
2025-10-27 00:00:00-04:00,18.338401428920367,18.3681400578311,18.19962494204594,18.298749923706055,3700,0.0,0.0,0.0,FXED
2025-10-28 00:00:00-04:00,18.23927285536876,18.316592527049817,18.23927285536876,18.293792724609375,1800,0.0,0.0,0.0,FXED
2025-10-29 00:00:00-04:00,18.273968751802943,18.273968751802943,18.13221821239843,18.19962501525879,4800,0.0,0.0,0.0,FXED
2025-10-30 00:00:00-04:00,18.110215631486817,18.169822753580704,18.015840530395508,18.015840530395508,4700,0.04,0.0,0.0,FXED
2025-10-31 00:00:00-04:00,17.86185526104302,18.142001865770354,17.86185526104302,18.108226776123047,11000,0.0,0.0,0.0,FXED
2025-11-03 00:00:00-05:00,18.11021462369975,18.130083663292055,18.03074036014645,18.070478439331055,4500,0.0,0.0,0.0,FXED
2025-11-04 00:00:00-05:00,18.093323982054386,18.093323982054386,18.00292232589975,18.04564094543457,7300,0.0,0.0,0.0,FXED
2025-11-05 00:00:00-05:00,17.841988230136888,18.147964996738015,17.841988230136888,18.034713745117188,8500,0.0,0.0,0.0,FXED
2025-11-06 00:00:00-05:00,18.030738220101174,18.097297410538065,17.992987807282713,18.04564094543457,2700,0.0,0.0,0.0,FXED
2025-11-07 00:00:00-05:00,17.961199543934136,18.100279023144065,17.941330505528207,18.0535888671875,8600,0.0,0.0,0.0,FXED
2025-11-10 00:00:00-05:00,18.18968725549513,18.199621774400075,18.08041133717219,18.140016555786133,12100,0.0,0.0,0.0,FXED
2025-11-11 00:00:00-05:00,18.090344631339043,18.19962244852544,18.078424345101013,18.16982078552246,12200,0.0,0.0,0.0,FXED
2025-11-12 00:00:00-05:00,18.110213235052687,18.259227230937107,18.110213235052687,18.164852142333984,10400,0.0,0.0,0.0,FXED
2025-11-13 00:00:00-05:00,18.209655852226927,18.209655852226927,18.010533660810392,18.065292358398438,10300,0.04,0.0,0.0,FXED
2025-11-14 00:00:00-05:00,18.02049030309627,18.080226202069653,17.960754404122888,18.05931854248047,6400,0.0,0.0,0.0,FXED
2025-11-17 00:00:00-05:00,18.120051208482113,18.120051208482113,17.88110381718334,17.930885314941406,4600,0.0,0.0,0.0,FXED
2025-11-18 00:00:00-05:00,17.791501831594946,18.008542716453142,17.791501831594946,17.925907135009766,7400,0.0,0.0,0.0,FXED
2025-11-19 00:00:00-05:00,17.77158796853351,17.90101606220445,17.77158796853351,17.87114906311035,1300,0.0,0.0,0.0,FXED
2025-11-20 00:00:00-05:00,17.88110519139407,17.934868833310667,17.85123818941384,17.874135971069336,7700,0.0,0.0,0.0,FXED
2025-11-21 00:00:00-05:00,17.90101710332085,17.910973403254584,17.886083602905273,17.886083602905273,3200,0.0,0.0,0.0,FXED
2025-11-24 00:00:00-05:00,17.920931267471715,18.040404978135086,17.920931267471715,17.990623474121094,7800,0.0,0.0,0.0,FXED
2025-11-25 00:00:00-05:00,18.026464925565545,18.124034006153764,18.01053446591092,18.073257446289062,4200,0.0,0.0,0.0,FXED
2025-11-26 00:00:00-05:00,18.120152968462005,18.15008782725844,18.080241726563603,18.145097732543945,14000,0.04,0.0,0.0,FXED
2025-11-28 00:00:00-05:00,18.160066588922522,18.160066588922522,18.14011001586914,18.14011001586914,1600,0.0,0.0,0.0,FXED
2025-12-01 00:00:00-05:00,18.18002124306877,18.18999952958682,18.05030732466123,18.120153427124023,6600,0.0,0.0,0.0,FXED
2025-12-02 00:00:00-05:00,18.10518790913461,18.18002220724348,18.04032999490933,18.1301326751709,6700,0.0,0.0,0.0,FXED
2025-12-03 00:00:00-05:00,18.189999085393268,18.189999085393268,18.092214544333217,18.165054321289062,5500,0.0,0.0,0.0,FXED
2025-12-04 00:00:00-05:00,18.172040393175347,18.242885660473416,18.140111016426935,18.209957122802734,6000,0.0,0.0,0.0,FXED
2025-12-05 00:00:00-05:00,18.110175214518026,18.27980227969006,18.110175214518026,18.219934463500977,4100,0.0,0.0,0.0,FXED
2025-12-08 00:00:00-05:00,18.3496493060839,18.3496493060839,18.158071142737448,18.1700439453125,2600,0.0,0.0,0.0,FXED
2025-12-09 00:00:00-05:00,18.07026391334586,18.269823934389013,18.07026391334586,18.14011001586914,114500,0.0,0.0,0.0,FXED
2025-12-10 00:00:00-05:00,18.010394732569825,18.249869810041922,18.010394732569825,18.234901428222656,8200,0.0,0.0,0.0,FXED
2025-12-11 00:00:00-05:00,18.259846178570893,18.28279642856567,18.180021787200886,18.21494483947754,4300,0.0,0.0,0.0,FXED
2025-12-12 00:00:00-05:00,18.20995710819574,18.249870256471986,18.13013271480691,18.190000534057617,1700,0.0,0.0,0.0,FXED
2025-12-15 00:00:00-05:00,18.120154427737848,18.20995710819574,18.120154427737848,18.190000534057617,14500,0.0,0.0,0.0,FXED
2025-12-16 00:00:00-05:00,18.270000457763672,18.270000457763672,18.110000610351562,18.18000030517578,4100,0.04,0.0,0.0,FXED
2025-12-17 00:00:00-05:00,17.989999771118164,18.25,17.989999771118164,18.209999084472656,10000,0.0,0.0,0.0,FXED
2025-12-18 00:00:00-05:00,18.110000610351562,18.260000228881836,18.110000610351562,18.184999465942383,900,0.0,0.0,0.0,FXED
2025-12-19 00:00:00-05:00,18.149999618530273,18.149999618530273,18.059999465942383,18.104000091552734,5800,0.0,0.0,0.0,FXED
2025-12-22 00:00:00-05:00,18.260000228881836,18.260000228881836,18.020000457763672,18.09000015258789,12300,0.0,0.0,0.0,FXED
2025-12-23 00:00:00-05:00,17.959999084472656,18.200000762939453,17.959999084472656,18.09000015258789,9000,0.0,0.0,0.0,FXED
2025-12-24 00:00:00-05:00,18.110000610351562,18.114999771118164,18.020000457763672,18.114999771118164,1200,0.0,0.0,0.0,FXED
2025-12-26 00:00:00-05:00,18.110000610351562,18.114999771118164,18.020099639892578,18.114999771118164,3,0.0,0.0,0.0,FXED
