Date,Open,High,Low,Close,Volume,Dividends,Stock Splits,Capital Gains,ticker
2016-06-10 00:00:00-04:00,33.38762835962351,33.53705111226964,33.30461396000036,33.454036712646484,44700,0.0,0.0,0.0,SPDN
2016-06-13 00:00:00-04:00,34.18454504174389,34.18454504174389,33.45403421302039,33.66986846923828,8800,0.0,0.0,0.0,SPDN
2016-06-14 00:00:00-04:00,33.70305741752604,33.935494458341594,33.68645771223653,33.78607177734375,53250,0.0,0.0,0.0,SPDN
2016-06-15 00:00:00-04:00,33.73627196495518,33.81928634643555,33.620054997557524,33.81928634643555,34700,0.0,0.0,0.0,SPDN
2016-06-16 00:00:00-04:00,34.10152887931177,34.13473146519906,33.925540924072266,33.925540924072266,33500,0.0,0.0,0.0,SPDN
2016-06-17 00:00:00-04:00,33.91889847090544,33.91889847090544,33.83588409423828,33.83588409423828,12750,0.0,0.0,0.0,SPDN
2016-06-20 00:00:00-04:00,33.968698034462,33.968698034462,33.354407587117585,33.63665008544922,50050,0.0,0.0,0.0,SPDN
2016-06-21 00:00:00-04:00,33.586850245191606,33.62005599877263,33.43742752075195,33.43742752075195,40500,0.0,0.0,0.0,SPDN
2016-06-22 00:00:00-04:00,33.603441948594565,33.603441948594565,33.52043075891878,33.57023620605469,35000,0.0,0.0,0.0,SPDN
2016-06-23 00:00:00-04:00,33.32121076387855,33.33781364077568,33.12198257446289,33.12198257446289,25200,0.0,0.0,0.0,SPDN
2016-06-24 00:00:00-04:00,34.01851082345476,34.38210522471514,33.849166570359,34.267547607421875,3200,0.0,0.0,0.0,SPDN
2016-06-27 00:00:00-04:00,34.78222598037303,35.03126275548948,34.6992116108846,35.0146598815918,3750,0.0,0.0,0.0,SPDN
2016-06-28 00:00:00-04:00,34.58300295093026,34.58300295093026,34.33894729614258,34.33894729614258,25300,0.0,0.0,0.0,SPDN
2016-06-29 00:00:00-04:00,33.97866510399063,33.97866510399063,33.749549865722656,33.749549865722656,26300,0.0,0.0,0.0,SPDN
2016-06-30 00:00:00-04:00,33.66819918562394,33.66819918562394,33.33781051635742,33.33781051635742,25850,0.0,0.0,0.0,SPDN
2016-07-01 00:00:00-04:00,33.25479650553676,33.25479650553676,33.188385009765625,33.188385009765625,13000,0.0,0.0,0.0,SPDN
2016-07-05 00:00:00-04:00,33.454041647217814,33.48558807373047,33.4208358824706,33.48558807373047,29500,0.0,0.0,0.0,SPDN
2016-07-06 00:00:00-04:00,34.20114195567058,34.20114195567058,33.22159445087164,33.238197326660156,15850,0.0,0.0,0.0,SPDN
2016-07-07 00:00:00-04:00,33.188387928417605,33.34279181965711,33.1219795934808,33.288002014160156,52700,0.0,0.0,0.0,SPDN
2016-07-08 00:00:00-04:00,32.85301427413707,32.85301427413707,32.756718874621626,32.78992462158203,15750,0.0,0.0,0.0,SPDN
2016-07-11 00:00:00-04:00,32.63054176210073,32.673709869384766,32.5707739468954,32.673709869384766,15800,0.0,0.0,0.0,SPDN
2016-07-12 00:00:00-04:00,32.574096382808335,32.574096382808335,32.391467925596736,32.44127655029297,31400,0.0,0.0,0.0,SPDN
2016-07-13 00:00:00-04:00,32.37486505069799,32.45787625851712,32.37486505069799,32.44127655029297,31000,0.0,0.0,0.0,SPDN
2016-07-14 00:00:00-04:00,32.20884559836131,32.3084597000377,32.17563984224411,32.2752571105957,102350,0.0,0.0,0.0,SPDN
2016-07-15 00:00:00-04:00,32.20718548340175,32.3914733087276,32.20718548340175,32.3250617980957,39400,0.0,0.0,0.0,SPDN
2016-07-18 00:00:00-04:00,32.22544479370117,32.34166176015491,32.19722022089457,32.22544479370117,42750,0.0,0.0,0.0,SPDN
2016-07-19 00:00:00-04:00,32.2752571105957,32.3084597000377,32.258654232537104,32.2752571105957,37350,0.0,0.0,0.0,SPDN
2016-07-20 00:00:00-04:00,32.07603059168967,32.19224758900112,32.061090215850015,32.12583923339844,64950,0.0,0.0,0.0,SPDN
2016-07-21 00:00:00-04:00,32.142428467055815,32.25864541502431,32.12582559353542,32.242042541503906,48000,0.0,0.0,0.0,SPDN
2016-07-22 00:00:00-04:00,32.22544450573473,32.22544450573473,32.09262466430664,32.09262466430664,50350,0.0,0.0,0.0,SPDN
2016-07-25 00:00:00-04:00,32.20882676942032,32.275238242831264,32.175621032714844,32.175621032714844,23000,0.0,0.0,0.0,SPDN
2016-07-26 00:00:00-04:00,32.19222390106758,32.242032506125796,32.109212725977244,32.175621032714844,48900,0.0,0.0,0.0,SPDN
2016-07-27 00:00:00-04:00,32.12583962341565,32.275262383680314,32.12583962341565,32.2088508605957,11600,0.0,0.0,0.0,SPDN
2016-07-28 00:00:00-04:00,32.32504368121613,32.32504368121613,32.14241846268271,32.175621032714844,16750,0.0,0.0,0.0,SPDN
2016-07-29 00:00:00-04:00,32.159044994537616,32.175644708431534,32.06440889195853,32.12583923339844,11850,0.0,0.0,0.0,SPDN
2016-08-01 00:00:00-04:00,32.12581559432998,32.19222390106758,32.0926098576245,32.175621032714844,46500,0.0,0.0,0.0,SPDN
2016-08-02 00:00:00-04:00,32.20884600007714,32.47282638115345,32.20884600007714,32.35826873779297,8000,0.0,0.0,0.0,SPDN
2016-08-03 00:00:00-04:00,32.45787224480327,32.45787224480327,32.24204123115826,32.258644104003906,30350,0.0,0.0,0.0,SPDN
2016-08-04 00:00:00-04:00,32.1756361652175,32.2420476698624,32.1756361652175,32.22544479370117,23900,0.0,0.0,0.0,SPDN
2016-08-05 00:00:00-04:00,32.04280738578419,32.076013128845474,31.959796194804927,31.99300193786621,20450,0.0,0.0,0.0,SPDN
2016-08-08 00:00:00-04:00,31.893384708682355,32.009604809396855,31.893384708682355,31.99300193786621,22650,0.0,0.0,0.0,SPDN
2016-08-09 00:00:00-04:00,31.959805128589068,31.99301088093242,31.876793914405525,31.976408004760742,4650,0.0,0.0,0.0,SPDN
2016-08-10 00:00:00-04:00,31.959804948393863,32.09262479034357,31.959804948393863,32.042816162109375,37400,0.0,0.0,0.0,SPDN
2016-08-11 00:00:00-04:00,31.976410765589282,31.976410765589282,31.858531284595173,31.893396377563477,14200,0.0,0.0,0.0,SPDN
2016-08-12 00:00:00-04:00,32.026209705919726,32.026209705919726,31.890068050764693,31.943195343017578,12200,0.0,0.0,0.0,SPDN
2016-08-15 00:00:00-04:00,31.843591690063473,31.843591690063473,31.777180178018934,31.843591690063477,21000,0.0,0.0,0.0,SPDN
2016-08-16 00:00:00-04:00,31.909987580212995,31.99300193786621,31.893384708682355,31.99300193786621,22200,0.0,0.0,0.0,SPDN
2016-08-17 00:00:00-04:00,32.042809411826,32.10922090214772,31.926592470437146,31.943195343017578,29300,0.0,0.0,0.0,SPDN
2016-08-18 00:00:00-04:00,32.026213107280554,32.026213107280554,31.843584656173828,31.860187530517578,8150,0.0,0.0,0.0,SPDN
2016-08-19 00:00:00-04:00,31.97641327038357,31.97641327038357,31.87679916362469,31.910001754760742,7000,0.0,0.0,0.0,SPDN
2016-08-22 00:00:00-04:00,31.976401088178434,31.983041603875776,31.87678701937001,31.943195343017578,30300,0.0,0.0,0.0,SPDN
2016-08-23 00:00:00-04:00,31.783813675201444,31.860187530517578,31.760570284455095,31.860187530517578,2700,0.0,0.0,0.0,SPDN
2016-08-24 00:00:00-04:00,31.959808218476095,32.05942231846205,31.860194118490142,32.00961685180664,18000,0.0,0.0,0.0,SPDN
2016-08-25 00:00:00-04:00,32.14243975074836,32.14243975074836,32.00961988263268,32.059425354003906,22250,0.0,0.0,0.0,SPDN
2016-08-26 00:00:00-04:00,32.059426396454676,32.22545202866665,31.84359529125198,32.14244079589844,62200,0.0,0.0,0.0,SPDN
2016-08-29 00:00:00-04:00,32.12583396138393,32.12583396138393,31.92660259391943,31.959808349609375,9850,0.0,0.0,0.0,SPDN
2016-08-30 00:00:00-04:00,31.926602462922396,32.02621972958349,31.90999958514555,32.00961685180664,8800,0.0,0.0,0.0,SPDN
2016-08-31 00:00:00-04:00,32.051119057611885,32.22544450573473,32.009613450917136,32.09262466430664,4400,0.0,0.0,0.0,SPDN
2016-09-01 00:00:00-04:00,32.142433292345224,32.24204738174759,32.04281603626805,32.09262466430664,9800,0.0,0.0,0.0,SPDN
2016-09-02 00:00:00-04:00,31.993003960758866,32.0096068333393,31.87678701937001,31.943195343017578,23750,0.0,0.0,0.0,SPDN
2016-09-06 00:00:00-04:00,31.910000035432827,31.976411547477365,31.843591690063473,31.843591690063477,950,0.0,0.0,0.0,SPDN
2016-09-07 00:00:00-04:00,31.910000035432827,31.9216217333731,31.843591690063473,31.843591690063477,2950,0.0,0.0,0.0,SPDN
2016-09-08 00:00:00-04:00,31.959801436373407,31.959801436373407,31.87679023177989,31.92659568786621,11600,0.0,0.0,0.0,SPDN
2016-09-09 00:00:00-04:00,32.22544422233454,32.69031524658203,32.14243300967506,32.69031524658203,28800,0.0,0.0,0.0,SPDN
2016-09-12 00:00:00-04:00,32.906131406868546,32.906131406868546,32.175621032714844,32.175621032714844,34350,0.0,0.0,0.0,SPDN
2016-09-13 00:00:00-04:00,32.47447984566764,32.78992814231323,32.45787697040475,32.657108306884766,29700,0.0,0.0,0.0,SPDN
2016-09-14 00:00:00-04:00,32.74011951652456,32.74011951652456,32.45787697040475,32.657108306884766,26050,0.0,0.0,0.0,SPDN
2016-09-15 00:00:00-04:00,32.65877222374473,32.65877222374473,32.275256201422636,32.37487030029297,28200,0.0,0.0,0.0,SPDN
2016-09-16 00:00:00-04:00,32.55749392771589,32.59069651126691,32.4246740934879,32.524288177490234,55700,0.0,0.0,0.0,SPDN
2016-09-19 00:00:00-04:00,32.27525138414709,32.524288177490234,32.25864850903426,32.524288177490234,26100,0.0,0.0,0.0,SPDN
2016-09-20 00:00:00-04:00,32.29185307708188,32.49108123779297,32.29185307708188,32.49108123779297,21100,0.0,0.0,0.0,SPDN
2016-09-21 00:00:00-04:00,32.30846326143487,32.4578860137581,32.07602927634343,32.14244079589844,36300,0.0,0.0,0.0,SPDN
2016-09-22 00:00:00-04:00,31.89339683822949,31.959808349609375,31.8601942492147,31.959808349609375,35550,0.0,0.0,0.0,SPDN
2016-09-23 00:00:00-04:00,31.926590178810237,32.10921859741211,31.926590178810237,32.10921859741211,1750,0.0,0.0,0.0,SPDN
2016-09-26 00:00:00-04:00,32.29185907901354,32.391473177883874,32.20884469105901,32.37487030029297,2450,0.0,0.0,0.0,SPDN
2016-09-27 00:00:00-04:00,32.32672864598538,32.32672864598538,32.14244079589844,32.14244079589844,7400,0.0,0.0,0.0,SPDN
2016-09-28 00:00:00-04:00,32.125821743437406,32.22543580594731,31.99300193786621,31.99300193786621,1150,0.0,0.0,0.0,SPDN
2016-09-29 00:00:00-04:00,31.9930137449616,32.35826755341165,31.9930137449616,32.3250617980957,14150,0.0,0.0,0.0,SPDN
2016-09-30 00:00:00-04:00,32.1042438574629,32.152389977473554,31.93655893948577,32.076019287109375,13150,0.0,0.0,0.0,SPDN
2016-10-03 00:00:00-04:00,32.19224626888915,32.2088491487779,32.059426396454676,32.14244079589844,4700,0.0,0.0,0.0,SPDN
2016-10-04 00:00:00-04:00,32.19224140880248,32.32506126118504,32.10424900868436,32.2918586730957,4800,0.0,0.0,0.0,SPDN
2016-10-05 00:00:00-04:00,32.22545202866665,32.22545202866665,32.07602927634343,32.14244079589844,2750,0.0,0.0,0.0,SPDN
2016-10-06 00:00:00-04:00,32.144101452022284,32.26031844933373,32.10923635282885,32.12583923339844,4950,0.0,0.0,0.0,SPDN
2016-10-07 00:00:00-04:00,32.10922272001501,32.358259489472395,32.10922272001501,32.242042541503906,11000,0.0,0.0,0.0,SPDN
2016-10-10 00:00:00-04:00,32.10921859741211,32.10921859741211,31.991339160554457,32.10921859741211,20800,0.0,0.0,0.0,SPDN
2016-10-11 00:00:00-04:00,32.05941181021467,32.557488480238035,32.05941181021467,32.40806579589844,48350,0.0,0.0,0.0,SPDN
2016-10-12 00:00:00-04:00,32.49107699089861,32.52428273556832,32.34331681046437,32.40806579589844,32600,0.0,0.0,0.0,SPDN
2016-10-13 00:00:00-04:00,32.64049616722479,32.7899188355053,32.44956790590498,32.5408821105957,4900,0.0,0.0,0.0,SPDN
2016-10-14 00:00:00-04:00,32.330029137945814,32.5408821105957,32.29516405979195,32.5408821105957,4100,0.0,0.0,0.0,SPDN
2016-10-17 00:00:00-04:00,32.524289779545086,32.640506744384766,32.524289779545086,32.640506744384766,5550,0.0,0.0,0.0,SPDN
2016-10-18 00:00:00-04:00,32.29185384287886,32.44127655029297,32.29185384287886,32.44127655029297,6400,0.0,0.0,0.0,SPDN
2016-10-19 00:00:00-04:00,32.391475677490234,32.43962180954666,32.308461283129596,32.391475677490234,20100,0.0,0.0,0.0,SPDN
2016-10-20 00:00:00-04:00,32.474474118563755,32.50767986323347,32.32505143422416,32.40806579589844,13800,0.0,0.0,0.0,SPDN
2016-10-21 00:00:00-04:00,32.474474118563755,32.499380010403094,32.37486005122872,32.40806579589844,13950,0.0,0.0,0.0,SPDN
2016-10-24 00:00:00-04:00,32.17563984224411,32.2752571105957,32.17563984224411,32.2752571105957,1000,0.0,0.0,0.0,SPDN
2016-10-25 00:00:00-04:00,32.34166454511116,32.37487030029297,32.34166454511116,32.37487030029297,1450,0.0,0.0,0.0,SPDN
2016-10-26 00:00:00-04:00,32.4744843991633,32.4744843991633,32.37487030029297,32.37487030029297,15000,0.0,0.0,0.0,SPDN
2016-10-27 00:00:00-04:00,32.4080761995773,32.557498931884766,32.4080761995773,32.557498931884766,1700,0.0,0.0,0.0,SPDN
2016-10-28 00:00:00-04:00,32.50104769506158,32.623905181884766,32.40807411944674,32.623905181884766,4000,0.0,0.0,0.0,SPDN
2016-10-31 00:00:00-04:00,32.57409971876248,32.623905181884766,32.524291088965285,32.623905181884766,3000,0.0,0.0,0.0,SPDN
2016-11-01 00:00:00-04:00,32.65711121749836,32.955956665516105,32.640508340755716,32.7567253112793,34950,0.0,0.0,0.0,SPDN
2016-11-02 00:00:00-04:00,32.97255379714867,33.00575637817383,32.85633684687464,33.00575637817383,18550,0.0,0.0,0.0,SPDN
2016-11-03 00:00:00-04:00,33.00575905130427,33.20499038696289,33.00575905130427,33.20499038696289,3950,0.0,0.0,0.0,SPDN
2016-11-04 00:00:00-04:00,33.23819613735177,33.23819613735177,33.009080893013014,33.20499038696289,16750,0.0,0.0,0.0,SPDN
2016-11-07 00:00:00-05:00,32.69031004585274,32.7085722563985,32.4744758605957,32.4744758605957,11350,0.0,0.0,0.0,SPDN
2016-11-08 00:00:00-05:00,32.640510008397264,32.640510008397264,32.25865332383173,32.37487030029297,17100,0.0,0.0,0.0,SPDN
2016-11-09 00:00:00-05:00,32.54089106155,32.570774970091456,31.893391598670235,32.026214599609375,39550,0.0,0.0,0.0,SPDN
2016-11-10 00:00:00-05:00,31.81037552904829,32.154048341447464,31.727364332820294,31.943195343017578,100300,0.0,0.0,0.0,SPDN
2016-11-11 00:00:00-05:00,31.976411096252942,32.14243670734629,31.976411096252942,32.00961685180664,52500,0.0,0.0,0.0,SPDN
2016-11-14 00:00:00-05:00,31.826978401628722,32.07601515698686,31.826978401628722,31.943195343017578,12650,0.0,0.0,0.0,SPDN
2016-11-15 00:00:00-05:00,31.84358495128284,31.89339040810116,31.727367996474065,31.74397087097168,4100,0.0,0.0,0.0,SPDN
2016-11-16 00:00:00-05:00,31.793773651123047,31.84358227042258,31.785473797910253,31.793773651123047,9050,0.0,0.0,0.0,SPDN
2016-11-17 00:00:00-05:00,31.71077109913139,31.71077109913139,31.644359588623047,31.644359588623047,4250,0.0,0.0,0.0,SPDN
2016-11-18 00:00:00-05:00,31.627747659547982,31.71076202392578,31.611147953346627,31.71076202392578,12100,0.0,0.0,0.0,SPDN
2016-11-21 00:00:00-05:00,31.66096291670102,31.66096291670102,31.461734715691744,31.478334426879883,32750,0.0,0.0,0.0,SPDN
2016-11-22 00:00:00-05:00,31.395323391568883,31.501581177192993,31.362117635644154,31.41192626953125,56400,0.0,0.0,0.0,SPDN
2016-11-23 00:00:00-05:00,31.46172415454085,31.478323860156756,31.362106920800812,31.37870979309082,7100,0.0,0.0,0.0,SPDN
2016-11-25 00:00:00-05:00,31.27910745615305,31.328916091702045,31.26250457763672,31.26250457763672,9100,0.0,0.0,0.0,SPDN
2016-11-28 00:00:00-05:00,31.335556877202606,31.39532470703125,31.27910772310038,31.39532470703125,28900,0.0,0.0,0.0,SPDN
2016-11-29 00:00:00-05:00,31.362111503045153,31.460066247196256,31.31894656212369,31.328908920288086,2700,0.0,0.0,0.0,SPDN
2016-11-30 00:00:00-05:00,31.245901832855107,31.445133209228516,31.245901832855107,31.445133209228516,10450,0.0,0.0,0.0,SPDN
2016-12-01 00:00:00-05:00,31.378706202367887,31.56133460998535,31.378706202367887,31.56133460998535,12150,0.0,0.0,0.0,SPDN
2016-12-02 00:00:00-05:00,31.494933362809345,31.556363686547364,31.478330487024078,31.528139114379883,5350,0.0,0.0,0.0,SPDN
2016-12-05 00:00:00-05:00,31.44512128225084,31.44512128225084,31.29569859831489,31.37870979309082,6950,0.0,0.0,0.0,SPDN
2016-12-06 00:00:00-05:00,31.37871270635358,31.37871270635358,31.229290008544922,31.229290008544922,4050,0.0,0.0,0.0,SPDN
2016-12-07 00:00:00-05:00,31.21269260048555,31.21269260048555,30.824195418156467,30.84743881225586,6800,0.0,0.0,0.0,SPDN
2016-12-08 00:00:00-05:00,30.782687490744486,30.830833612987753,30.681410900269338,30.76442527770996,4000,0.0,0.0,0.0,SPDN
2016-12-09 00:00:00-05:00,30.6581717573658,30.66481227514653,30.565198175085253,30.598403930664062,41300,0.0,0.0,0.0,SPDN
2016-12-12 00:00:00-05:00,30.59839308451668,30.648198533555313,30.5319815968998,30.6149959564209,11250,0.0,0.0,0.0,SPDN
2016-12-13 00:00:00-05:00,30.482182986892067,30.482182986892067,30.3327602729034,30.415771484375,12500,0.0,0.0,0.0,SPDN
2016-12-14 00:00:00-05:00,30.44897722356994,30.664808273315426,30.35434431586282,30.66480827331543,24350,0.0,0.0,0.0,SPDN
2016-12-15 00:00:00-05:00,30.555234816246784,30.615005807669792,30.41577444738483,30.498788833618164,6650,0.0,0.0,0.0,SPDN
2016-12-16 00:00:00-05:00,30.49878543580799,30.598399521515137,30.465579685014042,30.581796646118164,9100,0.0,0.0,0.0,SPDN
2016-12-19 00:00:00-05:00,30.598400420941164,30.598400420941164,30.482183456420895,30.4821834564209,10450,0.0,0.0,0.0,SPDN
2016-12-20 00:00:00-05:00,30.482188329857156,30.482188329857156,30.382571058620485,30.4406795501709,8600,0.0,0.0,0.0,SPDN
2016-12-21 00:00:00-05:00,30.43236851964044,30.465574264526367,30.425728003998085,30.465574264526367,8650,0.0,0.0,0.0,SPDN
2016-12-22 00:00:00-05:00,30.548594298683124,30.581800053176458,30.498788833618168,30.498788833618164,17150,0.0,0.0,0.0,SPDN
2016-12-23 00:00:00-05:00,30.548594298683124,30.548594298683124,30.498788833618168,30.498788833618164,6200,0.0,0.0,0.0,SPDN
2016-12-27 00:00:00-05:00,30.531992870453443,30.531992870453443,30.3659704234576,30.4323787689209,9600,0.0,0.0,0.0,SPDN
2016-12-28 00:00:00-05:00,30.531987128281052,30.68140983581543,30.498784545131432,30.68140983581543,13350,0.0,0.0,0.0,SPDN
2016-12-29 00:00:00-05:00,30.698012710727536,30.72457794392183,30.615001502841594,30.68140983581543,3750,0.0,0.0,0.0,SPDN
2016-12-30 00:00:00-05:00,30.731210550087003,30.880633219158764,30.71460767944861,30.797618865966797,8750,0.0,0.0,0.0,SPDN
2017-01-03 00:00:00-05:00,30.66480474839722,30.731216243253975,30.49546050319148,30.548587799072266,25100,0.0,0.0,0.0,SPDN
2017-01-04 00:00:00-05:00,30.58180031381843,30.58180031381843,30.36596924112236,30.399171829223633,7450,0.0,0.0,0.0,SPDN
2017-01-05 00:00:00-05:00,30.38920941670796,30.415771484375,30.382565733116465,30.415771484375,2850,0.0,0.0,0.0,SPDN
2017-01-06 00:00:00-05:00,30.382571774853826,30.382571774853826,30.216549318896174,30.299560546875,7250,0.0,0.0,0.0,SPDN
2017-01-09 00:00:00-05:00,30.26635197679334,30.399171829223633,30.26635197679334,30.399171829223633,1950,0.0,0.0,0.0,SPDN
2017-01-10 00:00:00-05:00,30.415771484375,30.415771484375,30.266348770386333,30.415771484375,1450,0.0,0.0,0.0,SPDN
2017-01-11 00:00:00-05:00,30.3327579498291,30.48218065237403,30.316155075471386,30.3327579498291,4250,0.0,0.0,0.0,SPDN
2017-01-12 00:00:00-05:00,30.399171829223633,30.465583338776312,30.382568951835463,30.399171829223633,1100,0.0,0.0,0.0,SPDN
2017-01-13 00:00:00-05:00,30.27963065188911,30.365963698544526,30.27963065188911,30.3327579498291,6350,0.0,0.0,0.0,SPDN
2017-01-17 00:00:00-05:00,30.482186216164482,30.482186216164482,30.36596924112236,30.399171829223633,6550,0.0,0.0,0.0,SPDN
2017-01-18 00:00:00-05:00,30.40082806750408,30.40082806750408,30.365962982177734,30.365962982177734,700,0.0,0.0,0.0,SPDN
2017-01-19 00:00:00-05:00,30.341060594735726,30.498786332305905,30.332760740130617,30.4821834564209,3250,0.0,0.0,0.0,SPDN
2017-01-20 00:00:00-05:00,30.415774706611803,30.415774706611803,30.33276348634602,30.399171829223633,37450,0.0,0.0,0.0,SPDN
2017-01-23 00:00:00-05:00,30.42241700006277,30.5485963422382,30.38257072534025,30.44898223876953,12600,0.0,0.0,0.0,SPDN
2017-01-24 00:00:00-05:00,30.41246150250578,30.43238305895054,30.216551947425284,30.266357421875,10650,0.0,0.0,0.0,SPDN
2017-01-25 00:00:00-05:00,30.03391218327709,30.13352626155001,29.967500686645508,29.967500686645508,62800,0.0,0.0,0.0,SPDN
2017-01-26 00:00:00-05:00,29.98410784380021,30.050519349918158,29.96750496727072,30.033916473388672,8150,0.0,0.0,0.0,SPDN
2017-01-27 00:00:00-05:00,30.05052375793457,30.06712663689948,30.017318000004746,30.05052375793457,10400,0.0,0.0,0.0,SPDN
2017-01-30 00:00:00-05:00,30.276307739302045,30.365962624327196,30.233139634164193,30.24974250793457,6550,0.0,0.0,0.0,SPDN
2017-01-31 00:00:00-05:00,30.382574417825186,30.382574417825186,30.249754541499883,30.266357421875,10250,0.0,0.0,0.0,SPDN
2017-02-01 00:00:00-05:00,30.21654641981837,30.299557639832823,30.199943542480472,30.19994354248047,11650,0.0,0.0,0.0,SPDN
2017-02-02 00:00:00-05:00,30.246428961405073,30.29291574917411,30.213223208234353,30.233144760131836,2350,0.0,0.0,0.0,SPDN
2017-02-03 00:00:00-05:00,30.116927094073098,30.116927094073098,29.984107251137406,30.01731300354004,8050,0.0,0.0,0.0,SPDN
2017-02-06 00:00:00-05:00,30.043876206613994,30.083722473466963,30.033913848232093,30.067119598388672,2850,0.0,0.0,0.0,SPDN
2017-02-07 00:00:00-05:00,29.967502347918934,30.083722473466963,29.967502347918934,30.067119598388672,2700,0.0,0.0,0.0,SPDN
2017-02-08 00:00:00-05:00,30.13353056589069,30.13353056589069,30.023954114135996,30.033916473388672,2000,0.0,0.0,0.0,SPDN
2017-02-09 00:00:00-05:00,29.964184816757076,29.964184816757076,29.818080777160617,29.867889404296875,2600,0.0,0.0,0.0,SPDN
2017-02-10 00:00:00-05:00,29.768274307250977,29.784877182400056,29.68525993150558,29.768274307250977,31800,0.0,0.0,0.0,SPDN
2017-02-13 00:00:00-05:00,29.602252960205078,29.643758570682273,29.552444327627384,29.602252960205078,38500,0.0,0.0,0.0,SPDN
2017-02-14 00:00:00-05:00,29.587307824076795,29.635457116306583,29.452828640050335,29.486034393310547,19800,0.0,0.0,0.0,SPDN
2017-02-15 00:00:00-05:00,29.45282788725274,29.45282788725274,29.286802291870117,29.286802291870117,11400,0.0,0.0,0.0,SPDN
2017-02-16 00:00:00-05:00,29.31337311832679,29.394725010579506,29.303410757368166,29.33661651611328,3050,0.0,0.0,0.0,SPDN
2017-02-17 00:00:00-05:00,29.502635791321993,29.502635791321993,29.28680157262275,29.32000732421875,22450,0.0,0.0,0.0,SPDN
2017-02-21 00:00:00-05:00,29.203789056501037,29.203789056501037,29.08757209777832,29.08757209777832,24850,0.0,0.0,0.0,SPDN
2017-02-22 00:00:00-05:00,29.22038601987215,29.22038601987215,29.104169084661716,29.153974533081055,21000,0.0,0.0,0.0,SPDN
2017-02-23 00:00:00-05:00,29.004557722494503,29.203789056501037,29.004557722494503,29.08757209777832,2900,0.0,0.0,0.0,SPDN
2017-02-24 00:00:00-05:00,29.270197390053468,29.270197390053468,29.08757209777832,29.08757209777832,5250,0.0,0.0,0.0,SPDN
2017-02-27 00:00:00-05:00,29.13738031694478,29.13738031694478,29.004560470581055,29.004560470581055,6200,0.0,0.0,0.0,SPDN
2017-02-28 00:00:00-05:00,29.12077195635949,29.17057740477883,29.070963341266168,29.153974533081055,20450,0.0,0.0,0.0,SPDN
2017-03-01 00:00:00-05:00,28.88834563255002,28.88834563255002,28.644289978099707,28.689117431640625,22050,0.0,0.0,0.0,SPDN
2017-03-02 00:00:00-05:00,28.755518267507615,28.88833808898926,28.755518267507615,28.888338088989258,22300,0.0,0.0,0.0,SPDN
2017-03-03 00:00:00-05:00,28.938146709547752,28.938146709547752,28.853473004600616,28.888338088989258,50550,0.0,0.0,0.0,SPDN
2017-03-06 00:00:00-05:00,28.921546812547778,29.037763772470626,28.921546812547778,28.971355438232422,13000,0.0,0.0,0.0,SPDN
2017-03-07 00:00:00-05:00,29.054370880126953,29.070973757773757,28.997921729462856,29.054370880126953,3700,0.0,0.0,0.0,SPDN
2017-03-08 00:00:00-05:00,29.054369565731253,29.104178196418356,28.954755471032026,29.070972442626953,7950,0.0,0.0,0.0,SPDN
2017-03-09 00:00:00-05:00,29.153980431330748,29.187186181444275,29.027801114239047,29.08757209777832,4600,0.0,0.0,0.0,SPDN
2017-03-10 00:00:00-05:00,28.971358660155687,29.0875756330031,28.938152906006422,28.954755783081055,7650,0.0,0.0,0.0,SPDN
2017-03-13 00:00:00-04:00,28.971357472565938,29.004560058679154,28.92154884338379,28.92154884338379,7800,0.0,0.0,0.0,SPDN
2017-03-14 00:00:00-04:00,28.971358347927726,29.120781073314056,28.971358347927726,29.070972442626953,1500,0.0,0.0,0.0,SPDN
2017-03-15 00:00:00-04:00,29.03776167638927,29.03776167638927,28.760500330108872,28.788724899291992,15850,0.0,0.0,0.0,SPDN
2017-03-16 00:00:00-04:00,28.838543470392803,28.871746063232422,28.77877246993044,28.871746063232422,2400,0.0,0.0,0.0,SPDN
2017-03-17 00:00:00-04:00,28.8385326351051,28.88833808898926,28.8385326351051,28.888338088989258,4000,0.0,0.0,0.0,SPDN
2017-03-20 00:00:00-04:00,28.97135729111722,28.987957000732422,28.904945785956958,28.987957000732422,2450,0.0,0.0,0.0,SPDN
2017-03-21 00:00:00-04:00,28.9215540318257,29.33661651611328,28.840202139572984,29.33661651611328,3950,0.0,0.0,0.0,SPDN
2017-03-22 00:00:00-04:00,29.36981553484597,29.36981553484597,29.220392821459082,29.236995697021484,20450,0.0,0.0,0.0,SPDN
2017-03-23 00:00:00-04:00,29.33660459046883,29.33660459046883,29.13737328566326,29.270193099975586,16400,0.0,0.0,0.0,SPDN
2017-03-24 00:00:00-04:00,29.187193768435716,29.353219395485837,29.170590889063156,29.33661651611328,32550,0.0,0.0,0.0,SPDN
2017-03-27 00:00:00-04:00,29.618853954086532,29.618853954086532,29.311708656078416,29.353214263916016,10100,0.0,0.0,0.0,SPDN
2017-03-28 00:00:00-04:00,29.436233756510454,29.436233756510454,29.061017509473928,29.137388229370117,16900,0.0,0.0,0.0,SPDN
2017-03-29 00:00:00-04:00,29.170586537326184,29.170586537326184,29.070972442626953,29.070972442626953,5650,0.0,0.0,0.0,SPDN
2017-03-30 00:00:00-04:00,29.104177134762875,29.104177134762875,28.987957000732422,28.987957000732422,7550,0.0,0.0,0.0,SPDN
2017-03-31 00:00:00-04:00,29.021160597551265,29.08757209777832,28.987954847437738,29.08757209777832,2150,0.0,0.0,0.0,SPDN
2017-04-03 00:00:00-04:00,29.03777410921527,29.237005516200753,29.03777410921527,29.137388229370117,7100,0.0,0.0,0.0,SPDN
2017-04-04 00:00:00-04:00,29.220391931557803,29.220391931557803,29.08757209777832,29.08757209777832,10700,0.0,0.0,0.0,SPDN
2017-04-05 00:00:00-04:00,29.004554345714403,29.187182783402136,28.89664042042098,29.17057991027832,10550,0.0,0.0,0.0,SPDN
2017-04-06 00:00:00-04:00,29.236993488067817,29.236993488067817,29.064327395274024,29.10417366027832,1450,0.0,0.0,0.0,SPDN
2017-04-07 00:00:00-04:00,29.08756871133349,29.178882930177355,29.08756871133349,29.17057991027832,7850,0.0,0.0,0.0,SPDN
2017-04-10 00:00:00-04:00,29.054371340533265,29.153985441317477,29.021165584713476,29.12078285217285,2200,0.0,0.0,0.0,SPDN
2017-04-11 00:00:00-04:00,29.220394855609243,29.328311970940035,29.178889247151226,29.18718910217285,1150,0.0,0.0,0.0,SPDN
2017-04-12 00:00:00-04:00,29.15397615828657,29.30339884522221,29.15397615828657,29.270193099975586,2400,0.0,0.0,0.0,SPDN
2017-04-13 00:00:00-04:00,29.27019318305273,29.50263023376465,29.24363112011937,29.50263023376465,2450,0.0,0.0,0.0,SPDN
2017-04-17 00:00:00-04:00,29.353212062296038,29.3864178127455,29.22039222717285,29.22039222717285,4950,0.0,0.0,0.0,SPDN
2017-04-18 00:00:00-04:00,29.336610920487356,29.3864195491046,29.285142954251995,29.286802291870117,6800,0.0,0.0,0.0,SPDN
2017-04-19 00:00:00-04:00,29.153979715305,29.369813919067383,29.153979715305,29.369813919067383,450,0.0,0.0,0.0,SPDN
2017-04-20 00:00:00-04:00,29.23699983086696,29.295108320214013,29.070974218443162,29.12078285217285,12400,0.0,0.0,0.0,SPDN
2017-04-21 00:00:00-04:00,29.16228434032804,29.24031437212913,29.15398131920948,29.236995697021484,6150,0.0,0.0,0.0,SPDN
2017-04-24 00:00:00-04:00,28.871735215469762,28.971352456586743,28.871735215469762,28.888338088989258,11450,0.0,0.0,0.0,SPDN
2017-04-25 00:00:00-04:00,28.763821694969867,28.763821694969867,28.705713220165837,28.722312927246094,12550,0.0,0.0,0.0,SPDN
2017-04-26 00:00:00-04:00,28.821930169773896,28.821930169773896,28.635979883726623,28.722312927246094,5950,0.0,0.0,0.0,SPDN
2017-04-27 00:00:00-04:00,28.67250180909855,28.788718735750773,28.67250180909855,28.705707550048828,7350,0.0,0.0,0.0,SPDN
2017-04-28 00:00:00-04:00,28.772122620394303,28.805328369140625,28.75551974602114,28.805328369140625,1150,0.0,0.0,0.0,SPDN
2017-05-01 00:00:00-04:00,28.753029668695635,28.780421402050123,28.6891103464112,28.722312927246094,18100,0.0,0.5,0.0,SPDN
2017-05-02 00:00:00-04:00,28.705713220165837,28.75551867475536,28.705713220165837,28.722312927246094,600,0.0,0.0,0.0,SPDN
2017-05-03 00:00:00-04:00,28.821935188222668,28.821935188222668,28.755523681640625,28.755523681640625,1500,0.0,0.0,0.0,SPDN
2017-05-04 00:00:00-04:00,28.755512994800494,28.81279178960391,28.697404531474383,28.705707550048828,7700,0.0,0.0,0.0,SPDN
2017-05-05 00:00:00-04:00,28.705716409204356,28.71401626366655,28.59779930114746,28.59779930114746,19200,0.0,0.0,0.0,SPDN
2017-05-08 00:00:00-04:00,28.63101111572047,28.661724700412147,28.589502334594727,28.589502334594727,8300,0.0,0.0,0.0,SPDN
2017-05-09 00:00:00-04:00,28.63101111572047,28.647610828160285,28.556299743039695,28.589502334594727,14900,0.0,0.0,0.0,SPDN
2017-05-10 00:00:00-04:00,28.631001351518123,28.631001351518123,28.54798698425293,28.54798698425293,10100,0.0,0.0,0.0,SPDN
2017-05-11 00:00:00-04:00,28.74722796719394,28.76964169555994,28.63101098061125,28.639310836791992,5700,0.0,0.0,0.0,SPDN
2017-05-12 00:00:00-04:00,28.68910467957369,28.714007401949523,28.68910467957369,28.705707550048828,1100,0.0,0.0,0.0,SPDN
2017-05-15 00:00:00-04:00,28.68911080988281,28.68911080988281,28.531385090002924,28.539688110351562,7100,0.0,0.0,0.0,SPDN
2017-05-16 00:00:00-04:00,28.50648295709238,28.597797182786124,28.50648295709238,28.556291580200195,3300,0.0,0.0,0.0,SPDN
2017-05-17 00:00:00-04:00,28.855135013658256,29.08757209777832,28.756350598743946,29.08757209777832,15900,0.0,0.0,0.0,SPDN
2017-05-18 00:00:00-04:00,29.14568061404396,29.14568061404396,28.84351335430766,28.946449279785156,17400,0.0,0.0,0.0,SPDN
2017-05-19 00:00:00-04:00,28.855137774838763,28.855137774838763,28.755523681640625,28.755523681640625,4600,0.0,0.0,0.0,SPDN
2017-05-22 00:00:00-04:00,28.655910825363346,28.697416435431233,28.60610219327684,28.647607803344727,14100,0.0,0.0,0.0,SPDN
2017-05-23 00:00:00-04:00,28.556291580200195,28.614400057155397,28.556291580200195,28.556291580200195,8300,0.0,0.0,0.0,SPDN
2017-05-24 00:00:00-04:00,28.506485371927777,28.56459385380545,28.481582641601562,28.481582641601562,10000,0.0,0.0,0.0,SPDN
2017-05-25 00:00:00-04:00,28.415167238016274,28.415167238016274,28.34875891070383,28.3902645111084,14300,0.0,0.0,0.0,SPDN
2017-05-26 00:00:00-04:00,28.38196509674424,28.38196509674424,28.34876251220703,28.34876251220703,6700,0.0,0.0,0.0,SPDN
2017-05-30 00:00:00-04:00,28.40686902949221,28.423471903950286,28.365360260009766,28.365360260009766,8200,0.0,0.0,0.0,SPDN
2017-05-31 00:00:00-04:00,28.37367044425048,28.488228090262112,28.37367044425048,28.423479080200195,9400,0.0,0.0,0.0,SPDN
2017-06-01 00:00:00-04:00,28.315555185516974,28.34876093488134,28.091421127319336,28.091421127319336,7500,0.0,0.0,0.0,SPDN
2017-06-02 00:00:00-04:00,28.15783268842379,28.198511794398552,28.07482147216797,28.07482147216797,20500,0.0,0.0,0.0,SPDN
2017-06-05 00:00:00-04:00,28.149529605369697,28.149529605369697,28.08312127331552,28.091421127319336,6800,0.0,0.0,0.0,SPDN
2017-06-06 00:00:00-04:00,28.141235164083895,28.207643508911133,28.124632286208296,28.207643508911133,2800,0.0,0.0,0.0,SPDN
2017-06-07 00:00:00-04:00,28.130443656240242,28.215947053879688,28.124632807209895,28.132932662963867,7100,0.0,0.0,0.0,SPDN
2017-06-08 00:00:00-04:00,28.17527170287366,28.17527170287366,28.132933254280367,28.1495361328125,2000,0.0,0.0,0.0,SPDN
2017-06-09 00:00:00-04:00,28.066511485501596,28.34875395222976,28.016702873723528,28.199331283569336,2800,0.0,0.0,0.0,SPDN
2017-06-12 00:00:00-04:00,28.191039112965775,28.27654250441699,28.1827392578125,28.1827392578125,6000,0.0,0.0,0.0,SPDN
2017-06-13 00:00:00-04:00,28.108024035658495,28.12462691036056,27.950298309326172,27.950298309326172,4200,0.0,0.0,0.0,SPDN
2017-06-14 00:00:00-04:00,28.09557415894754,28.15783098403355,28.058216897221207,28.11632537841797,7000,0.0,0.0,0.0,SPDN
2017-06-15 00:00:00-04:00,28.217607376793822,28.217607376793822,28.1246337890625,28.1246337890625,2700,0.0,0.0,0.0,SPDN
2017-06-16 00:00:00-04:00,28.166139011344637,28.199344768408903,28.1495361328125,28.1495361328125,5100,0.0,0.0,0.0,SPDN
2017-06-19 00:00:00-04:00,28.066517621879928,28.066517621879928,27.892189025878903,27.892189025878906,4300,0.0,0.0,0.0,SPDN
2017-06-20 00:00:00-04:00,28.004386940991388,28.105772018432617,28.004386940991388,28.105772018432617,8000,0.037,0.0,0.0,SPDN
2017-06-21 00:00:00-04:00,28.0559019929261,28.097456518672907,28.051749076483596,28.080835342407227,13700,0.0,0.0,0.0,SPDN
2017-06-22 00:00:00-04:00,28.064221420330114,28.13070297241211,28.040952401576508,28.13070297241211,6000,0.0,0.0,0.0,SPDN
2017-06-23 00:00:00-04:00,28.130698102926804,28.130698102926804,28.055904388427734,28.055904388427734,5700,0.0,0.0,0.0,SPDN
2017-06-26 00:00:00-04:00,27.947866378029747,28.05091575873235,27.947866378029747,28.047590255737305,8800,0.0,0.0,0.0,SPDN
2017-06-27 00:00:00-04:00,28.047601814389115,28.305225372314453,28.047601814389115,28.305225372314453,2900,0.0,0.0,0.0,SPDN
2017-06-28 00:00:00-04:00,28.105777306555265,28.127385161777404,28.00854512822219,28.022674560546875,5800,0.0,0.0,0.0,SPDN
2017-06-29 00:00:00-04:00,28.03430338657367,28.321843774910718,28.03430338657367,28.263668060302734,3200,0.0,0.0,0.0,SPDN
2017-06-30 00:00:00-04:00,28.18056510609097,28.22627255781127,28.151478834102225,28.222116470336914,2400,0.0,0.0,0.0,SPDN
2017-07-03 00:00:00-04:00,28.102447462682083,28.163942337036133,28.099952542271904,28.163942337036133,500,0.0,0.0,0.0,SPDN
2017-07-05 00:00:00-04:00,28.205495928912867,28.247050464265094,28.105772018432617,28.105772018432617,11300,0.0,0.0,0.0,SPDN
2017-07-06 00:00:00-04:00,28.247047569014033,28.3883228302002,28.22211421632511,28.388322830200195,7200,0.0,0.0,0.0,SPDN
2017-07-07 00:00:00-04:00,28.32184080865494,28.32184080865494,28.188871383666992,28.188871383666992,7700,0.0,0.0,0.0,SPDN
2017-07-10 00:00:00-04:00,28.2802899305165,28.2802899305165,28.15147974613123,28.155635833740234,1800,0.0,0.0,0.0,SPDN
2017-07-11 00:00:00-04:00,28.213803420370777,28.213803420370777,28.180561065673828,28.180561065673828,4500,0.0,0.0,0.0,SPDN
2017-07-12 00:00:00-04:00,28.12239187301131,28.12239187301131,27.98111343383789,27.98111343383789,5100,0.0,0.0,0.0,SPDN
2017-07-13 00:00:00-04:00,27.96449001118912,27.981108017130598,27.922935485839844,27.922935485839844,18600,0.0,0.0,0.0,SPDN
2017-07-14 00:00:00-04:00,27.931246593917145,27.931246593917145,27.831522711244922,27.848140716552734,6500,0.0,0.0,0.0,SPDN
2017-07-17 00:00:00-04:00,27.87307519836834,27.87307519836834,27.800773240629226,27.823211669921875,5300,0.0,0.0,0.0,SPDN
2017-07-18 00:00:00-04:00,27.90632957790125,27.90632957790125,27.806602478027344,27.806602478027344,2900,0.0,0.0,0.0,SPDN
2017-07-19 00:00:00-04:00,27.731795792317417,27.731795792317417,27.648693084716797,27.648693084716797,3100,0.0,0.0,0.0,SPDN
2017-07-20 00:00:00-04:00,27.63623263083927,27.690249082822994,27.63207654371264,27.68194007873535,15100,0.0,0.0,0.0,SPDN
2017-07-21 00:00:00-04:00,27.740115844900572,27.748424849954816,27.686096216467032,27.69025230407715,6500,0.0,0.0,0.0,SPDN
2017-07-24 00:00:00-04:00,27.648697722053544,27.738448280895685,27.648697722053544,27.68194007873535,12100,0.0,0.0,0.0,SPDN
2017-07-25 00:00:00-04:00,27.6237735748291,27.640391586635065,27.590531210884546,27.6237735748291,3200,0.0,0.0,0.0,SPDN
2017-07-26 00:00:00-04:00,27.548968375341875,27.62376207800533,27.548968375341875,27.615449905395508,5200,0.0,0.0,0.0,SPDN
2017-07-27 00:00:00-04:00,27.615457760382775,27.773354213066856,27.598836580600363,27.65700912475586,7400,0.0,0.0,0.0,SPDN
2017-07-28 00:00:00-04:00,27.773351260542878,27.773351260542878,27.69856071472168,27.69856071472168,7700,0.0,0.0,0.0,SPDN
2017-07-31 00:00:00-04:00,27.657006184600274,27.723490896662078,27.657006184600274,27.69856071472168,2100,0.0,0.0,0.0,SPDN
2017-08-01 00:00:00-04:00,27.632078170776367,27.657008354672882,27.623769166199462,27.632078170776367,2900,0.0,0.0,0.0,SPDN
2017-08-02 00:00:00-04:00,27.632081390573063,27.74842648920152,27.632081390573063,27.640390396118164,4700,0.0,0.0,0.0,SPDN
2017-08-03 00:00:00-04:00,27.681939536706228,27.69856071472168,27.665318358690776,27.69856071472168,9100,0.0,0.0,0.0,SPDN
2017-08-04 00:00:00-04:00,27.632078170776367,27.66532052941559,27.613795824574535,27.632078170776367,4100,0.0,0.0,0.0,SPDN
2017-08-07 00:00:00-04:00,27.640388808790888,27.640388808790888,27.582216262817383,27.582216262817383,8300,0.0,0.0,0.0,SPDN
2017-08-08 00:00:00-04:00,27.681944438404887,27.681944438404887,27.482493437067827,27.66532325744629,29000,0.0,0.0,0.0,SPDN
2017-08-09 00:00:00-04:00,27.748424849954816,27.756737025175045,27.673631123802675,27.69025230407715,31700,0.0,0.0,0.0,SPDN
2017-08-10 00:00:00-04:00,27.831523987073638,28.07252311706543,27.748418105899557,28.07252311706543,15300,0.0,0.0,0.0,SPDN
2017-08-11 00:00:00-04:00,28.03928674361709,28.064216925384105,27.967815361631164,28.006044387817383,42200,0.0,0.0,0.0,SPDN
2017-08-14 00:00:00-04:00,27.906317078501058,27.906317078501058,27.72764340063082,27.740108489990234,6700,0.0,0.0,0.0,SPDN
2017-08-15 00:00:00-04:00,27.74842267345421,27.765043852424974,27.71518031551269,27.75673484802246,2700,0.0,0.0,0.0,SPDN
2017-08-16 00:00:00-04:00,27.657006184600274,27.723490896662078,27.640385006584822,27.69856071472168,1300,0.0,0.0,0.0,SPDN
2017-08-17 00:00:00-04:00,27.76504333132014,28.13069975131688,27.753408823275542,28.122390747070312,9600,0.0,0.0,0.0,SPDN
2017-08-18 00:00:00-04:00,28.213803420370777,28.247045775067726,28.084990088461456,28.180561065673828,17800,0.0,0.0,0.0,SPDN
2017-08-21 00:00:00-04:00,28.222114928683045,28.238736107506654,28.152307879723313,28.17225456237793,2500,0.0,0.0,0.0,SPDN
2017-08-22 00:00:00-04:00,28.13069904385207,28.13069904385207,27.88138771057129,27.88138771057129,7300,0.0,0.0,0.0,SPDN
2017-08-23 00:00:00-04:00,27.964495424679424,27.98526952121041,27.922940891285837,27.98111343383789,3600,0.0,0.0,0.0,SPDN
2017-08-24 00:00:00-04:00,27.972804756412646,28.039289474487305,27.898011033661575,28.039289474487305,5200,0.0,0.0,0.0,SPDN
2017-08-25 00:00:00-04:00,27.989427566528317,27.989427566528317,27.881391478445995,27.98942756652832,5900,0.0,0.0,0.0,SPDN
2017-08-28 00:00:00-04:00,27.956183249934384,28.014355792486437,27.929591899148193,27.98111343383789,10300,0.0,0.0,0.0,SPDN
2017-08-29 00:00:00-04:00,28.097462832127732,28.097462832127732,27.95202829966544,27.95618438720703,9100,0.0,0.0,0.0,SPDN
2017-08-30 00:00:00-04:00,27.90631755066598,27.956177908947247,27.784982647763066,27.823211669921875,6400,0.0,0.0,0.0,SPDN
2017-08-31 00:00:00-04:00,27.71518412668877,27.71518412668877,27.607151203771586,27.640390396118164,4300,0.0,0.0,0.0,SPDN
2017-09-01 00:00:00-04:00,27.548975444344112,27.632078170776367,27.548975444344112,27.632078170776367,213300,0.0,0.0,0.0,SPDN
2017-09-05 00:00:00-04:00,27.731807429921414,27.898016085036915,27.665325869975064,27.79829216003418,8800,0.0,0.0,0.0,SPDN
2017-09-06 00:00:00-04:00,27.77335585552843,27.781668030994148,27.67778802883523,27.723495483398438,3700,0.0,0.0,0.0,SPDN
2017-09-07 00:00:00-04:00,27.715180807428567,27.748423165960105,27.70271571552069,27.731801986694336,4300,0.0,0.0,0.0,SPDN
2017-09-08 00:00:00-04:00,27.81490219631185,27.81490219631185,27.70354063501546,27.740108489990234,29200,0.0,0.0,0.0,SPDN
2017-09-11 00:00:00-04:00,27.54066362638875,27.565593810608235,27.449248724029513,27.465869903564453,7600,0.0,0.0,0.0,SPDN
2017-09-12 00:00:00-04:00,27.44924767534425,27.44924767534425,27.374453955377408,27.391075134277344,13300,0.0,0.0,0.0,SPDN
2017-09-13 00:00:00-04:00,27.407700676079845,27.407700676079845,27.369471641507925,27.37445831298828,20200,0.0,0.0,0.0,SPDN
2017-09-14 00:00:00-04:00,27.423485593077526,27.423485593077526,27.366143638181608,27.38276481628418,7900,0.0,0.0,0.0,SPDN
2017-09-15 00:00:00-04:00,27.38608500915696,27.38608500915696,27.33289914548538,27.341211318969727,1800,0.0,0.0,0.0,SPDN
2017-09-18 00:00:00-04:00,27.307976314333004,27.320441407748735,27.249803764948812,27.29135513305664,6000,0.0,0.0,0.0,SPDN
2017-09-19 00:00:00-04:00,27.23144627158548,27.28968620300293,27.23144627158548,27.28968620300293,18500,0.038,0.0,0.0,SPDN
2017-09-20 00:00:00-04:00,27.29801255001677,27.29801255001677,27.246428148770693,27.27305030822754,11900,0.0,0.0,0.0,SPDN
2017-09-21 00:00:00-04:00,27.223129318360826,27.331287384033203,27.223129318360826,27.331287384033203,3800,0.0,0.0,0.0,SPDN
2017-09-22 00:00:00-04:00,27.352920266703048,27.352920266703048,27.317144760034257,27.331287384033203,7000,0.0,0.0,0.0,SPDN
2017-09-25 00:00:00-04:00,27.306322344297097,27.439442620016123,27.306322344297097,27.381202697753906,7400,0.0,0.0,0.0,SPDN
2017-09-26 00:00:00-04:00,27.281363284424067,27.38120269775391,27.281363284424067,27.381202697753906,4500,0.0,0.0,0.0,SPDN
2017-09-27 00:00:00-04:00,27.231450803697157,27.381211559077535,27.22313217232658,27.27305030822754,9700,0.0,0.0,0.0,SPDN
2017-09-28 00:00:00-04:00,27.248084519558017,27.289684013827916,27.223125457763672,27.223125457763672,4700,0.0,0.0,0.0,SPDN
2017-09-29 00:00:00-04:00,27.181524458292728,27.181524458292728,27.13992496146909,27.14824676513672,1900,0.0,0.0,0.0,SPDN
2017-10-02 00:00:00-04:00,27.056728632678592,27.056728632678592,27.006807327270508,27.006807327270508,8500,0.0,0.0,0.0,SPDN
2017-10-03 00:00:00-04:00,26.990166435831263,26.990166435831263,26.973526000976562,26.973526000976562,198400,0.0,0.0,0.0,SPDN
2017-10-04 00:00:00-04:00,26.97352431756762,26.98350921262497,26.915284386130114,26.93192481994629,4500,0.0,0.0,0.0,SPDN
2017-10-05 00:00:00-04:00,26.931924347877437,26.931924347877437,26.773844990151954,26.782163619995117,13400,0.0,0.0,0.0,SPDN
2017-10-06 00:00:00-04:00,26.8154418132178,26.84040087409674,26.798801381352554,26.8071231842041,6000,0.0,0.0,0.0,SPDN
2017-10-09 00:00:00-04:00,26.7755083166708,26.88200645739592,26.7755083166708,26.857044219970703,7000,0.0,0.0,0.0,SPDN
2017-10-10 00:00:00-04:00,26.81877189228136,26.840401597835346,26.790483474731445,26.790483474731445,1600,0.0,0.0,0.0,SPDN
2017-10-11 00:00:00-04:00,26.848726765411268,26.848726765411268,26.74888733285433,26.757205963134766,4100,0.0,0.0,0.0,SPDN
2017-10-12 00:00:00-04:00,26.79548286849134,26.798809051513672,26.748890915468582,26.798809051513672,4400,0.0,0.0,0.0,SPDN
2017-10-13 00:00:00-04:00,26.773844990151954,26.782163619995117,26.723923689578456,26.782163619995117,10900,0.0,0.0,0.0,SPDN
2017-10-16 00:00:00-04:00,26.707286066441824,26.74056693699294,26.707286066441824,26.732248306274414,1700,0.0,0.0,0.0,SPDN
2017-10-17 00:00:00-04:00,26.782159517471534,26.782159517471534,26.715600967407227,26.715600967407227,800,0.0,0.0,0.0,SPDN
2017-10-18 00:00:00-04:00,26.690642165263444,26.690642165263444,26.65320040174807,26.665679931640625,8300,0.0,0.0,0.0,SPDN
2017-10-19 00:00:00-04:00,26.711447239075145,26.711447239075145,26.682327270507812,26.682327270507812,3200,0.0,0.0,0.0,SPDN
2017-10-20 00:00:00-04:00,26.549205780029297,26.60079017545989,26.540885562677346,26.549205780029297,4200,0.0,0.0,0.0,SPDN
2017-10-23 00:00:00-04:00,26.552532376301727,26.649044036865234,26.540884389907525,26.649044036865234,5200,0.0,0.0,0.0,SPDN
2017-10-24 00:00:00-04:00,26.649044261536705,26.649044261536705,26.566676810460184,26.607444763183594,7000,0.0,0.0,0.0,SPDN
2017-10-25 00:00:00-04:00,26.64405110060103,26.840403774455684,26.64405110060103,26.740564346313477,12400,0.0,0.0,0.0,SPDN
2017-10-26 00:00:00-04:00,26.64073016813364,26.70728874206543,26.64073016813364,26.70728874206543,7700,0.0,0.0,0.0,SPDN
2017-10-27 00:00:00-04:00,26.65736761097236,26.65736761097236,26.49096643407451,26.499286651611328,25500,0.0,0.0,0.0,SPDN
2017-10-30 00:00:00-04:00,26.65736487983736,26.65736487983736,26.49096371998786,26.590803146362305,500,0.0,0.0,0.0,SPDN
2017-10-31 00:00:00-04:00,26.557527542114258,26.574167977786065,26.528407573148243,26.557527542114258,1500,0.0,0.0,0.0,SPDN
2017-11-01 00:00:00-04:00,26.424403656837345,26.54088351694821,26.424403656837345,26.51592445373535,2800,0.0,0.0,0.0,SPDN
2017-11-02 00:00:00-04:00,26.474325999000882,26.590805870677837,26.474325999000882,26.499286651611328,11000,0.0,0.0,0.0,SPDN
2017-11-03 00:00:00-04:00,26.532567619994023,26.532567619994023,26.42108018914214,26.424407958984375,4400,0.0,0.0,0.0,SPDN
2017-11-06 00:00:00-05:00,26.482643111805444,26.482643111805444,26.357843037222796,26.36616325378418,9500,0.0,0.0,0.0,SPDN
2017-11-07 00:00:00-05:00,26.416081197389367,26.416081197389367,26.32872130972311,26.39944076538086,3700,0.0,0.0,0.0,SPDN
2017-11-08 00:00:00-05:00,26.46600495716794,26.46600495716794,26.341204871841125,26.357845306396484,3600,0.0,0.0,0.0,SPDN
2017-11-09 00:00:00-05:00,26.51592699313328,26.58664646156786,26.44104662248536,26.457685470581055,6500,0.0,0.0,0.0,SPDN
2017-11-10 00:00:00-05:00,26.524244896811176,26.524244896811176,26.44936611513457,26.47432518005371,3900,0.0,0.0,0.0,SPDN
2017-11-13 00:00:00-05:00,26.59080071107121,26.59080071107121,26.42440115338031,26.44936180114746,7400,0.0,0.0,0.0,SPDN
2017-11-14 00:00:00-05:00,26.58248496349827,26.607444027051955,26.499284382174764,26.507604598999023,5600,0.0,0.0,0.0,SPDN
2017-11-15 00:00:00-05:00,26.649044036865234,26.715605772739675,26.58248547482905,26.649044036865234,8900,0.0,0.0,0.0,SPDN
2017-11-16 00:00:00-05:00,26.5741687103203,26.5741687103203,26.39944730478861,26.424407958984375,4400,0.0,0.0,0.0,SPDN
2017-11-17 00:00:00-05:00,26.490965614612595,26.490965614612595,26.457684745494827,26.47432518005371,270800,0.0,0.0,0.0,SPDN
2017-11-20 00:00:00-05:00,26.51592854062423,26.51592854062423,26.44104816560623,26.466007232666016,36200,0.0,0.0,0.0,SPDN
2017-11-21 00:00:00-05:00,26.316241716347907,26.349522582292366,26.270482906052827,26.291282653808594,3700,0.0,0.0,0.0,SPDN
2017-11-22 00:00:00-05:00,26.324567298217204,26.324567298217204,26.258007139681254,26.29960823059082,41600,0.0,0.0,0.0,SPDN
2017-11-24 00:00:00-05:00,26.266324996948242,26.266324996948242,26.245525246822694,26.266324996948242,1500,0.0,0.0,0.0,SPDN
2017-11-27 00:00:00-05:00,26.224725134688516,26.27464485168457,26.224725134688516,26.27464485168457,3200,0.0,0.0,0.0,SPDN
2017-11-28 00:00:00-05:00,26.208085785672086,26.216406003335944,26.008405322497275,26.016725540161133,7100,0.0,0.0,0.0,SPDN
2017-11-29 00:00:00-05:00,26.02504575782499,26.02504575782499,25.958485603433388,26.016725540161133,248600,0.0,0.0,0.0,SPDN
2017-11-30 00:00:00-05:00,25.891927861876972,25.891927861876972,25.729685982691525,25.808727264404297,35300,0.0,0.0,0.0,SPDN
2017-12-01 00:00:00-05:00,25.841999415360455,26.183120342575517,25.8003999215709,25.83367919921875,12600,0.0,0.0,0.0,SPDN
2017-12-04 00:00:00-05:00,25.65313895036516,25.883604049682617,25.642322509204035,25.883604049682617,7400,0.0,0.0,0.0,SPDN
2017-12-05 00:00:00-05:00,25.900245031220358,25.958486557006836,25.800405589425026,25.958486557006836,11800,0.0,0.0,0.0,SPDN
2017-12-06 00:00:00-05:00,26.050005780832674,26.050005780832674,25.958486557006836,25.958486557006836,5600,0.0,0.0,0.0,SPDN
2017-12-07 00:00:00-05:00,26.03336478695633,26.03336478695633,25.883604049682617,25.883604049682617,6800,0.0,0.0,0.0,SPDN
2017-12-08 00:00:00-05:00,25.792082419652324,25.800402636669602,25.742162704467773,25.742162704467773,6100,0.0,0.0,0.0,SPDN
2017-12-11 00:00:00-05:00,25.783765013692904,25.783765013692904,25.705556869506836,25.705556869506836,4600,0.0,0.0,0.0,SPDN
2017-12-12 00:00:00-05:00,25.692241756423368,25.692241756423368,25.58408210754646,25.61736297607422,6200,0.0,0.0,0.0,SPDN
2017-12-13 00:00:00-05:00,25.56744099200936,25.625680923461914,25.562450131398506,25.625680923461914,2200,0.0,0.0,0.0,SPDN
2017-12-14 00:00:00-05:00,25.550799352830776,25.733840942382812,25.550799352830776,25.733840942382812,3800,0.0,0.0,0.0,SPDN
2017-12-15 00:00:00-05:00,25.67559920365746,25.67559920365746,25.48423741107788,25.53415870666504,16800,0.0,0.0,0.0,SPDN
2017-12-18 00:00:00-05:00,25.426003457563695,25.426003457563695,25.338643550148817,25.36776351928711,6000,0.0,0.0,0.0,SPDN
2017-12-19 00:00:00-05:00,25.386931820736432,25.453609466552734,25.35359458751085,25.453609466552734,4300,0.053,0.0,0.0,SPDN
2017-12-20 00:00:00-05:00,25.411930317064883,25.48694106233406,25.386926205414415,25.461936950683594,15700,0.0,0.0,0.0,SPDN
2017-12-21 00:00:00-05:00,25.445273944961748,25.445273944961748,25.378597890965885,25.436939239501953,6900,0.0,0.0,0.0,SPDN
2017-12-22 00:00:00-05:00,25.45360251428228,25.486939738402295,25.428598403930664,25.428598403930664,11000,0.0,0.0,0.0,SPDN
2017-12-26 00:00:00-05:00,25.50361469996957,25.50361469996957,25.47027587890625,25.47027587890625,3800,0.0,0.0,0.0,SPDN
2017-12-27 00:00:00-05:00,25.511949405235402,25.511949405235402,25.46194117364042,25.47027587890625,2200,0.0,0.0,0.0,SPDN
2017-12-28 00:00:00-05:00,25.42026437804852,25.44526848906661,25.403594970703125,25.403594970703125,4600,0.0,0.0,0.0,SPDN
2017-12-29 00:00:00-05:00,25.311919488407916,25.511947631835938,25.311919488407916,25.511947631835938,13700,0.0,0.0,0.0,SPDN
2018-01-02 00:00:00-05:00,25.414432192851663,25.453605144148327,25.32025146484375,25.32025146484375,4800,0.0,0.0,0.0,SPDN
2018-01-03 00:00:00-05:00,25.361926212213955,25.361926212213955,25.15356336339811,25.17023277282715,9800,0.0,0.0,0.0,SPDN
2018-01-04 00:00:00-05:00,25.153559582934548,25.153559582934548,25.02854221037105,25.086883544921875,18900,0.0,0.0,0.0,SPDN
2018-01-05 00:00:00-05:00,24.96186923754952,25.02021057926437,24.903526306152344,24.903526306152344,9200,0.0,0.0,0.0,SPDN
2018-01-08 00:00:00-05:00,24.97020226070341,24.97020226070341,24.85768772477051,24.895193099975586,43000,0.0,0.0,0.0,SPDN
2018-01-09 00:00:00-05:00,24.80351529714846,24.853521938945406,24.766009918380135,24.8201847076416,5600,0.0,0.0,0.0,SPDN
2018-01-10 00:00:00-05:00,24.91186460452594,24.928534015901363,24.85352325439453,24.85352325439453,5500,0.0,0.0,0.0,SPDN
2018-01-11 00:00:00-05:00,24.861854134975875,24.861854134975875,24.678495407104492,24.678495407104492,7300,0.0,0.0,0.0,SPDN
2018-01-12 00:00:00-05:00,24.616820910640957,24.616820910640957,24.51180648803711,24.51180648803711,17900,0.0,0.0,0.0,SPDN
2018-01-16 00:00:00-05:00,24.453464417141163,24.635157167302363,24.37011895847542,24.620155334472656,16500,0.0,0.0,0.0,SPDN
2018-01-17 00:00:00-05:00,24.578480024181445,24.578480024181445,24.345113074812602,24.3701171875,9300,0.0,0.0,0.0,SPDN
2018-01-18 00:00:00-05:00,24.445130076180348,24.445130076180348,24.3534499113151,24.42012596130371,48100,0.0,0.0,0.0,SPDN
2018-01-19 00:00:00-05:00,24.361785255251355,24.38678937078382,24.303443908691406,24.303443908691406,10800,0.0,0.0,0.0,SPDN
2018-01-22 00:00:00-05:00,24.37845852699455,24.37845852699455,24.12008898429825,24.1284236907959,11600,0.0,0.0,0.0,SPDN
2018-01-23 00:00:00-05:00,24.061744281754397,24.111750924102168,24.053409576416016,24.053409576416016,12400,0.0,0.0,0.0,SPDN
2018-01-24 00:00:00-05:00,24.02006925849734,24.1700907658761,24.003399848859168,24.061742782592773,38500,0.0,0.0,0.0,SPDN
2018-01-25 00:00:00-05:00,24.03674016573926,24.112583917731257,23.995068228729867,24.053409576416016,8500,0.0,0.0,0.0,SPDN
2018-01-26 00:00:00-05:00,24.028402769637637,24.028402769637637,23.77836799621582,23.77836799621582,6500,0.0,0.0,0.0,SPDN
2018-01-29 00:00:00-05:00,23.853376039181722,23.945054597868353,23.803367818426675,23.93671989440918,14000,0.0,0.0,0.0,SPDN
2018-01-30 00:00:00-05:00,24.111747702342377,24.220095677899078,24.07007418121881,24.195093154907227,26600,0.0,0.0,0.0,SPDN
2018-01-31 00:00:00-05:00,24.120083084607952,24.261769881046472,24.103413675689932,24.170089721679688,24400,0.0,0.0,0.0,SPDN
2018-02-01 00:00:00-05:00,24.27010672664926,24.27010672664926,24.115917065078225,24.2200984954834,13800,0.0,0.0,0.0,SPDN
2018-02-02 00:00:00-05:00,24.295107178547923,24.74517168252517,24.295107178547923,24.72850227355957,36700,0.0,0.0,0.0,SPDN
2018-02-05 00:00:00-05:00,24.94519832007765,25.80365216428143,24.728500785610823,25.720308303833008,64300,0.0,0.0,0.0,SPDN
2018-02-06 00:00:00-05:00,26.237052187070486,26.320397652937725,25.22857666015625,25.22857666015625,603500,0.0,0.0,0.0,SPDN
2018-02-07 00:00:00-05:00,25.386928286835204,25.42026710510254,25.020210823988624,25.42026710510254,45700,0.0,0.0,0.0,SPDN
2018-02-08 00:00:00-05:00,25.37859681879972,26.36206817626953,25.37859681879972,26.36206817626953,50900,0.0,0.0,0.0,SPDN
2018-02-09 00:00:00-05:00,26.02869221805559,26.862143790248336,25.81199461852355,25.937013626098633,144100,0.0,0.0,0.0,SPDN
2018-02-12 00:00:00-05:00,25.72031093791699,25.895334970402033,25.486943971587863,25.611961364746094,20900,0.0,0.0,0.0,SPDN
2018-02-13 00:00:00-05:00,25.786987032831895,25.786987032831895,25.499445279405304,25.528615951538086,7700,0.0,0.0,0.0,SPDN
2018-02-14 00:00:00-05:00,25.73697778401973,25.753647193058697,25.182733445773906,25.203569412231445,22800,0.0,0.0,0.0,SPDN
2018-02-15 00:00:00-05:00,24.970205677735144,25.24524619333167,24.88686180114746,24.88686180114746,304300,0.0,0.0,0.0,SPDN
2018-02-16 00:00:00-05:00,25.00354107852229,25.00354107852229,24.690996815040762,24.895193099975586,49000,0.0,0.0,0.0,SPDN
2018-02-20 00:00:00-05:00,25.036880084155914,25.11188924544642,24.89102513962767,25.028545379638672,12600,0.0,0.0,0.0,SPDN
2018-02-21 00:00:00-05:00,25.053547096564557,25.186899185180664,24.745170987770674,25.186899185180664,7600,0.0,0.0,0.0,SPDN
2018-02-22 00:00:00-05:00,25.120224544540033,25.17023277282715,24.920196400438705,25.17023277282715,42600,0.0,0.0,0.0,SPDN
2018-02-23 00:00:00-05:00,25.045211578510003,25.045211578510003,24.736835479736328,24.736835479736328,13500,0.0,0.0,0.0,SPDN
2018-02-26 00:00:00-05:00,24.59514898118874,24.675160868573936,24.445127487182617,24.445127487182617,25100,0.0,0.0,0.0,SPDN
2018-02-27 00:00:00-05:00,24.38678854712448,24.753507614135742,24.37845384222849,24.753507614135742,43400,0.0,0.0,0.0,SPDN
2018-02-28 00:00:00-05:00,24.628488986104763,25.020212173461914,24.611821165754463,25.020212173461914,23200,0.0,0.0,0.0,SPDN
2018-03-01 00:00:00-05:00,25.00353832897602,25.486940006415605,24.920192883276336,25.395259857177734,44700,0.0,0.0,0.0,SPDN
2018-03-02 00:00:00-05:00,25.60362887203502,25.63696769425493,25.211907249046295,25.22857666015625,54300,0.0,0.0,0.0,SPDN
2018-03-05 00:00:00-05:00,25.428600174593363,25.428600174593363,24.945198468576514,24.953533172607422,13100,0.0,0.0,0.0,SPDN
2018-03-06 00:00:00-05:00,24.911864328250747,24.991876230219376,24.878527095552183,24.88686180114746,8900,0.0,0.0,0.0,SPDN
2018-03-07 00:00:00-05:00,25.170232080635305,25.170232080635305,24.886858486864053,24.903526306152344,7400,0.0,0.0,0.0,SPDN
2018-03-08 00:00:00-05:00,24.79517827783015,24.903526256558763,24.79517827783015,24.811847686767578,6400,0.0,0.0,0.0,SPDN
2018-03-09 00:00:00-05:00,24.60348729888484,24.670163351604753,24.378455024824206,24.395124435424805,30300,0.0,0.0,0.0,SPDN
2018-03-12 00:00:00-04:00,24.370120727191296,24.436796781026576,24.29510996791629,24.403459548950195,14800,0.0,0.0,0.0,SPDN
2018-03-13 00:00:00-04:00,24.336782269179814,24.595151766066166,24.278439334040694,24.553478240966797,10800,0.0,0.0,0.0,SPDN
2018-03-14 00:00:00-04:00,24.520140691884684,24.703499430891515,24.495136577150035,24.670162200927734,6700,0.0,0.0,0.0,SPDN
2018-03-15 00:00:00-04:00,24.69516195984648,24.736835479736328,24.586813987497354,24.736835479736328,11100,0.0,0.0,0.0,SPDN
2018-03-16 00:00:00-04:00,24.728502043854448,24.728502043854448,24.628487180672217,24.678495407104492,15500,0.0,0.0,0.0,SPDN
2018-03-19 00:00:00-04:00,24.828518321618446,25.153563863535805,24.828518321618446,25.011877059936523,10600,0.0,0.0,0.0,SPDN
2018-03-20 00:00:00-04:00,25.03774509716305,25.0544317469296,24.920941731450228,24.97934341430664,7600,0.031,0.0,0.0,SPDN
2018-03-21 00:00:00-04:00,25.046083283723792,25.054426606895394,24.787445039382675,25.021053314208984,27500,0.0,0.0,0.0,SPDN
2018-03-22 00:00:00-04:00,25.22963291867747,25.671819521584933,25.22963291867747,25.64678955078125,34600,0.0,0.0,0.0,SPDN
2018-03-23 00:00:00-04:00,25.630103419826877,26.230810000604716,25.613418363614613,26.205780029296875,42400,0.0,0.0,0.0,SPDN
2018-03-26 00:00:00-04:00,25.847024920448316,26.005544888532576,25.463241577148438,25.463241577148438,378500,0.0,0.0,0.0,SPDN
2018-03-27 00:00:00-04:00,25.346435089639446,26.09731826562471,25.346435089639446,25.897083282470703,79100,0.0,0.0,0.0,SPDN
2018-03-28 00:00:00-04:00,25.963825805329805,26.139030802164278,25.788619217169288,25.955482482910156,96300,0.0,0.0,0.0,SPDN
2018-03-29 00:00:00-04:00,25.938801275118863,25.938801275118863,25.580046292505372,25.621761322021484,17100,0.0,0.0,0.0,SPDN
2018-04-02 00:00:00-04:00,25.68016076099947,26.4894439887224,25.68016076099947,26.189090728759766,40400,0.0,0.0,0.0,SPDN
2018-04-03 00:00:00-04:00,26.130693064760944,26.25583974515167,25.880399703979492,25.880399703979492,37500,0.0,0.0,0.0,SPDN
2018-04-04 00:00:00-04:00,26.347614599894065,26.36430124822376,25.555016308823625,25.57170295715332,51000,0.0,0.0,0.0,SPDN
2018-04-05 00:00:00-04:00,25.396493332006706,25.52414314512979,25.37730353076442,25.404836654663086,343200,0.0,0.0,0.0,SPDN
2018-04-06 00:00:00-04:00,25.705193100093016,26.16406638368194,25.504958093033373,25.98051643371582,52700,0.0,0.0,0.0,SPDN
2018-04-09 00:00:00-04:00,25.780284464882683,25.92211781051423,25.538334399585672,25.86371612548828,26400,0.0,0.0,0.0,SPDN
2018-04-10 00:00:00-04:00,25.58838424720992,25.688502524896695,25.438207626342773,25.438207626342773,47700,0.0,0.0,0.0,SPDN
2018-04-11 00:00:00-04:00,25.5717016306168,25.614252104252298,25.45489828102087,25.563358306884766,36500,0.0,0.0,0.0,SPDN
2018-04-12 00:00:00-04:00,25.463239317178534,25.488267694799845,25.32808003098409,25.363121032714844,29800,0.0,0.0,0.0,SPDN
2018-04-13 00:00:00-04:00,25.313064932787167,25.555014955448765,25.313064932787167,25.463241577148438,41000,0.0,0.0,0.0,SPDN
2018-04-16 00:00:00-04:00,25.246319563126512,25.363122910878428,25.17957456565024,25.26300621032715,36800,0.0,0.0,0.0,SPDN
2018-04-17 00:00:00-04:00,25.02105595475998,25.09614427990252,24.937624305565336,24.98768424987793,29200,0.0,0.0,0.0,SPDN
2018-04-18 00:00:00-04:00,24.895911015366234,25.02856717180455,24.895911015366234,24.962656021118164,36700,0.0,0.0,0.0,SPDN
2018-04-19 00:00:00-04:00,25.11282978912783,25.204603166886255,25.06277143841175,25.1044864654541,28300,0.0,0.0,0.0,SPDN
2018-04-20 00:00:00-04:00,25.079460067722874,25.396500047190795,25.079460067722874,25.313068389892578,36900,0.0,0.0,0.0,SPDN
2018-04-23 00:00:00-04:00,25.346433787796474,25.429865424323644,25.23380290850982,25.3214054107666,29900,0.0,0.0,0.0,SPDN
2018-04-24 00:00:00-04:00,25.221287313855292,25.81365050535411,25.221287313855292,25.680160522460938,38700,0.0,0.0,0.0,SPDN
2018-04-25 00:00:00-04:00,25.76359214867454,25.905425463114696,25.630102157592773,25.630102157592773,41600,0.0,0.0,0.0,SPDN
2018-04-26 00:00:00-04:00,25.46323856651157,25.47992521198461,25.296375294433336,25.346433639526367,36200,0.0,0.0,0.0,SPDN
2018-04-27 00:00:00-04:00,25.254660272076826,25.35477696226289,25.254660272076826,25.346433639526367,32800,0.0,0.0,0.0,SPDN
2018-04-30 00:00:00-04:00,25.354778671420217,25.55501365661621,25.237975327887437,25.55501365661621,10000,0.0,0.0,0.0,SPDN
2018-05-01 00:00:00-04:00,25.571700184102173,25.77193516836548,25.509961501569023,25.5183048248291,7700,0.0,0.0,0.0,SPDN
2018-05-02 00:00:00-04:00,25.488273383212935,25.69685173034668,25.471588324850376,25.69685173034668,17500,0.0,0.0,0.0,SPDN
2018-05-03 00:00:00-04:00,25.730219634327558,26.088974570782135,25.70101879915811,25.746906280517578,14400,0.0,0.0,0.0,SPDN
2018-05-04 00:00:00-04:00,25.746908882625423,25.746908882625423,25.3873200549174,25.442384719848633,11100,0.0,0.0,0.0,SPDN
2018-05-07 00:00:00-04:00,25.288034769346382,25.392323928101405,25.263006389693995,25.33809471130371,2800,0.0,0.0,0.0,SPDN
2018-05-08 00:00:00-04:00,25.363120722014663,25.471582328132175,25.363120722014663,25.38314437866211,3300,0.0,0.0,0.0,SPDN
2018-05-09 00:00:00-04:00,25.338098208374355,25.338098208374355,25.062774854915038,25.137027740478516,17500,0.0,0.0,0.0,SPDN
2018-05-10 00:00:00-04:00,25.079454782679623,25.079454782679623,24.847515810889977,24.895906448364258,11500,0.0,0.0,0.0,SPDN
2018-05-11 00:00:00-04:00,24.837507829134086,24.895909506712165,24.81247785674647,24.829164505004883,9300,0.0,0.0,0.0,SPDN
2018-05-14 00:00:00-04:00,24.73738464262295,24.81330680847168,24.721533443838226,24.81330680847168,1600,0.0,0.0,0.0,SPDN
2018-05-15 00:00:00-04:00,24.85419162475549,25.021053314208984,24.85419162475549,25.021053314208984,2400,0.0,0.0,0.0,SPDN
2018-05-16 00:00:00-04:00,24.954309191797655,24.954309191797655,24.841676712036133,24.841676712036133,2100,0.0,0.0,0.0,SPDN
2018-05-17 00:00:00-04:00,24.94596978407656,24.94596978407656,24.87922477722168,24.87922477722168,1600,0.0,0.0,0.0,SPDN
2018-05-18 00:00:00-04:00,24.97934001557332,24.97934001557332,24.90675484942406,24.945966720581055,11400,0.0,0.0,0.0,SPDN
2018-05-21 00:00:00-04:00,24.762418595564238,24.79579029953137,24.712360243950393,24.787446975708008,21900,0.0,0.0,0.0,SPDN
2018-05-22 00:00:00-04:00,24.65395597186721,24.779104232788086,24.65395597186721,24.779104232788086,3500,0.0,0.0,0.0,SPDN
2018-05-23 00:00:00-04:00,24.98768101519538,24.98768101519538,24.827491760253906,24.827491760253906,6000,0.0,0.0,0.0,SPDN
2018-05-24 00:00:00-04:00,24.854195641765415,24.912597322079503,24.79579237012489,24.81247901916504,3400,0.0,0.0,0.0,SPDN
2018-05-25 00:00:00-04:00,24.82916205000959,24.9376220703125,24.82916205000959,24.9376220703125,2200,0.0,0.0,0.0,SPDN
2018-05-29 00:00:00-04:00,25.02939766997204,25.279691010141264,25.02939766997204,25.20043182373047,2600,0.0,0.0,0.0,SPDN
2018-05-30 00:00:00-04:00,25.062774895093547,25.062774895093547,24.82916657398858,24.854196548461914,2500,0.0,0.0,0.0,SPDN
2018-05-31 00:00:00-04:00,24.91259197384545,25.04190949782864,24.91259197384545,25.01270866394043,5000,0.0,0.0,0.0,SPDN
2018-06-01 00:00:00-04:00,24.88755603970859,24.88755603970859,24.783266917585888,24.786603927612305,43400,0.0,0.0,0.0,SPDN
2018-06-04 00:00:00-04:00,24.712359470594507,24.712359470594507,24.64561447342268,24.670642852783203,3800,0.0,0.0,0.0,SPDN
2018-06-05 00:00:00-04:00,24.60389726075334,24.662298932950904,24.595553937392797,24.62892723083496,44700,0.0,0.0,0.0,SPDN
2018-06-06 00:00:00-04:00,24.603894956851594,24.603894956851594,24.42868995666504,24.42868995666504,2600,0.0,0.0,0.0,SPDN
2018-06-07 00:00:00-04:00,24.437040916320626,24.478755950927734,24.38698096520022,24.478755950927734,2000,0.0,0.0,0.0,SPDN
2018-06-08 00:00:00-04:00,24.520462400968203,24.520462400968203,24.386972427368164,24.386972427368164,15300,0.0,0.0,0.0,SPDN
2018-06-11 00:00:00-04:00,24.336912563098934,24.35359920658688,24.276007746561255,24.303539276123047,1900,0.0,0.0,0.0,SPDN
2018-06-12 00:00:00-04:00,24.328571319580078,24.37028634053746,24.282683841731327,24.328571319580078,8100,0.0,0.0,0.0,SPDN
2018-06-13 00:00:00-04:00,24.245139399923296,24.398653030395508,24.245139399923296,24.398653030395508,4200,0.0,0.0,0.0,SPDN
2018-06-14 00:00:00-04:00,24.261826331252635,24.37028634053746,24.261826331252635,24.328571319580078,1100,0.0,0.0,0.0,SPDN
2018-06-15 00:00:00-04:00,24.37029266357422,24.470410967704773,24.336920956415007,24.37029266357422,10000,0.0,0.0,0.0,SPDN
2018-06-18 00:00:00-04:00,24.528806644964195,24.553836612702018,24.42868995666504,24.42868995666504,2000,0.0,0.0,0.0,SPDN
2018-06-19 00:00:00-04:00,24.604738391149063,24.680187460341806,24.495755691661103,24.554439544677734,7000,0.14,0.0,0.0,SPDN
2018-06-20 00:00:00-04:00,24.50413917864098,24.50413917864098,24.415277936219393,24.47899055480957,2800,0.0,0.0,0.0,SPDN
2018-06-21 00:00:00-04:00,24.504141897878746,24.670969009399414,24.504141897878746,24.670969009399414,14300,0.0,0.0,0.0,SPDN
2018-06-22 00:00:00-04:00,24.478997301468883,24.613128662109375,24.478997301468883,24.613128662109375,4400,0.0,0.0,0.0,SPDN
2018-06-25 00:00:00-04:00,24.663426213895086,25.049053455531034,24.663426213895086,24.92330551147461,7100,0.0,0.0,0.0,SPDN
2018-06-26 00:00:00-04:00,24.831087798866324,24.898153466427566,24.797554165599884,24.82605743408203,4000,0.0,0.0,0.0,SPDN
2018-06-27 00:00:00-04:00,24.780789277560167,25.08258560455921,24.722107013748523,25.065818786621094,8100,0.0,0.0,0.0,SPDN
2018-06-28 00:00:00-04:00,25.149643841911768,25.149643841911768,24.9400634765625,24.9400634765625,10100,0.0,0.0,0.0,SPDN
2018-06-29 00:00:00-04:00,24.847850267073913,24.847850267073913,24.713718946793275,24.780784606933594,6900,0.0,0.0,0.0,SPDN
2018-07-02 00:00:00-04:00,25.12449500394361,25.12449500394361,24.87299919128418,24.87299919128418,6100,0.0,0.0,0.0,SPDN
2018-07-03 00:00:00-04:00,24.814315186781005,24.82269859313965,24.78916496770508,24.82269859313965,1100,0.0,0.0,0.0,SPDN
2018-07-05 00:00:00-04:00,24.881383896629803,24.91407806616677,24.780784606933594,24.780784606933594,2400,0.0,0.0,0.0,SPDN
2018-07-06 00:00:00-04:00,24.780789620629996,24.805939847885355,24.54606056213379,24.54606056213379,3500,0.0,0.0,0.0,SPDN
2018-07-09 00:00:00-04:00,24.420307316528824,24.437074132152972,24.369170607538187,24.37000846862793,6900,0.0,0.0,0.0,SPDN
2018-07-10 00:00:00-04:00,24.31132843831042,24.31132843831042,24.269412994384766,24.269412994384766,5600,0.0,0.0,0.0,SPDN
2018-07-11 00:00:00-04:00,24.370010523890627,24.42030937603351,24.35324370685244,24.409412384033203,9200,0.0,0.0,0.0,SPDN
2018-07-12 00:00:00-04:00,24.269411011647577,24.302943044254295,24.235877380069297,24.244260787963867,2000,0.0,0.0,0.0,SPDN
2018-07-13 00:00:00-04:00,24.2442594139796,24.2442594139796,24.199828793730784,24.210725784301758,2500,0.0,0.0,0.0,SPDN
2018-07-16 00:00:00-04:00,24.160428307989733,24.26438064711652,24.160428307989733,24.244260787963867,3100,0.0,0.0,0.0,SPDN
2018-07-17 00:00:00-04:00,24.32809674051198,24.32809674051198,24.11851631014707,24.12689971923828,1800,0.0,0.0,0.0,SPDN
2018-07-18 00:00:00-04:00,24.076596602821972,24.126897051808104,24.076596602821972,24.084980010986328,2900,0.0,0.0,0.0,SPDN
2018-07-19 00:00:00-04:00,24.126893387542463,24.15204200924448,24.126893387542463,24.135276794433594,1000,0.0,0.0,0.0,SPDN
2018-07-20 00:00:00-04:00,24.160426938756466,24.210725784301758,24.160426938756466,24.210725784301758,1000,0.0,0.0,0.0,SPDN
2018-07-23 00:00:00-04:00,24.193958203198097,24.235873637226216,24.16042457679855,24.168807983398438,9800,0.0,0.0,0.0,SPDN
2018-07-24 00:00:00-04:00,24.01791373563308,24.110129624131105,23.975998294845745,24.09336280822754,7900,0.0,0.0,0.0,SPDN
2018-07-25 00:00:00-04:00,24.05982864264758,24.05982864264758,23.825098037719727,23.825098037719727,5700,0.0,0.0,0.0,SPDN
2018-07-26 00:00:00-04:00,23.892166212493073,23.917316436767578,23.85025077100716,23.917316436767578,16200,0.0,0.0,0.0,SPDN
2018-07-27 00:00:00-04:00,23.858627722611473,24.12689193000727,23.858627722611473,24.07659149169922,14400,0.0,0.0,0.0,SPDN
2018-07-30 00:00:00-04:00,24.0933638583499,24.227495193481445,24.059831824052832,24.227495193481445,3300,0.0,0.0,0.0,SPDN
2018-07-31 00:00:00-04:00,24.084980010986328,24.110130235479392,24.059831385464875,24.084980010986328,1900,0.0,0.0,0.0,SPDN
2018-08-01 00:00:00-04:00,24.05144995440449,24.135282443967718,24.05144995440449,24.110132217407227,1300,0.0,0.0,0.0,SPDN
2018-08-02 00:00:00-04:00,24.227493605107266,24.227493605107266,24.026296615600586,24.026296615600586,1600,0.0,0.0,0.0,SPDN
2018-08-03 00:00:00-04:00,24.017917280336924,24.017917280336924,23.90055274963379,23.90055274963379,5900,0.0,0.0,0.0,SPDN
2018-08-06 00:00:00-04:00,23.883780289208833,23.883780289208833,23.82258285565999,23.825098037719727,2300,0.0,0.0,0.0,SPDN
2018-08-07 00:00:00-04:00,23.78318519895281,23.78318519895281,23.716119532928154,23.730369567871094,4900,0.0,0.0,0.0,SPDN
2018-08-08 00:00:00-04:00,23.783185432919765,23.79156724215515,23.71611976623535,23.71611976623535,2100,0.0,0.0,0.0,SPDN
2018-08-09 00:00:00-04:00,23.77480117892649,23.77480117892649,23.74126754729143,23.749650955200195,1300,0.0,0.0,0.0,SPDN
2018-08-10 00:00:00-04:00,23.841867204967205,24.01120788996753,23.841867204967205,23.967615127563477,3900,0.0,0.0,0.0,SPDN
2018-08-13 00:00:00-04:00,23.850251815925475,24.056477587919428,23.850251815925475,24.051448822021484,3400,0.0,0.0,0.0,SPDN
2018-08-14 00:00:00-04:00,23.892170634937088,23.959236313111372,23.892170634937088,23.908937454223633,3700,0.0,0.0,0.0,SPDN
2018-08-15 00:00:00-04:00,24.051449344492895,24.204861085603532,24.04306593585199,24.118515014648438,3900,0.0,0.0,0.0,SPDN
2018-08-16 00:00:00-04:00,23.815881713977863,23.883785247802734,23.808336166232092,23.883785247802734,3000,0.0,0.0,0.0,SPDN
2018-08-17 00:00:00-04:00,23.94246653686396,23.950849945471855,23.774803161621094,23.774803161621094,900,0.0,0.0,0.0,SPDN
2018-08-20 00:00:00-04:00,23.77312385775611,23.791566395772456,23.749650955200195,23.749650955200195,2900,0.0,0.0,0.0,SPDN
2018-08-21 00:00:00-04:00,23.73288804607884,23.73288804607884,23.63899642039957,23.674205780029297,6000,0.0,0.0,0.0,SPDN
2018-08-22 00:00:00-04:00,23.73288345336914,23.749650268702016,23.716118237007784,23.73288345336914,3300,0.0,0.0,0.0,SPDN
2018-08-23 00:00:00-04:00,23.72450270997371,23.774803161621094,23.72450270997371,23.774803161621094,5300,0.0,0.0,0.0,SPDN
2018-08-24 00:00:00-04:00,23.724503425414532,23.724503425414532,23.62306785583496,23.62306785583496,7000,0.0,0.0,0.0,SPDN
2018-08-27 00:00:00-04:00,23.43947082639233,23.523303304963097,23.43947082639233,23.460430145263672,12000,0.0,0.0,0.0,SPDN
2018-08-28 00:00:00-04:00,23.33887069916455,23.439468383789062,23.33887069916455,23.439468383789062,2400,0.0,0.0,0.0,SPDN
2018-08-29 00:00:00-04:00,23.35564285760833,23.413487259041595,23.305342404814,23.32210922241211,11800,0.0,0.0,0.0,SPDN
2018-08-30 00:00:00-04:00,23.330494513443604,23.42857864543677,23.330494513443604,23.422710418701172,2100,0.0,0.0,0.0,SPDN
2018-08-31 00:00:00-04:00,23.42270964132992,23.48139190673828,23.38079259534408,23.48139190673828,2400,0.0,0.0,0.0,SPDN
2018-09-04 00:00:00-04:00,23.431088558821145,23.541746980655798,23.431088558821145,23.46462059020996,5000,0.0,0.0,0.0,SPDN
2018-09-05 00:00:00-04:00,23.39755924926599,23.60713968080651,23.39755924926599,23.53169059753418,11600,0.0,0.0,0.0,SPDN
2018-09-06 00:00:00-04:00,23.53168662626376,23.67420135961902,23.5149198108169,23.581985473632812,16500,0.0,0.0,0.0,SPDN
2018-09-07 00:00:00-04:00,23.71612176496588,23.71612176496588,23.590372230234607,23.64067268371582,6900,0.0,0.0,0.0,SPDN
2018-09-10 00:00:00-04:00,23.53168670192315,23.625578310373005,23.53168670192315,23.607135772705078,9100,0.0,0.0,0.0,SPDN
2018-09-11 00:00:00-04:00,23.58198876788769,23.68258807565041,23.506541285780337,23.514923095703125,8300,0.0,0.0,0.0,SPDN
2018-09-12 00:00:00-04:00,23.540075302124023,23.573608940522384,23.53169189252443,23.540075302124023,4600,0.0,0.0,0.0,SPDN
2018-09-13 00:00:00-04:00,23.40426368822328,23.447856453288043,23.39252723605091,23.405941009521484,2400,0.0,0.0,0.0,SPDN
2018-09-14 00:00:00-04:00,23.456240161272927,23.456240161272927,23.372407673697932,23.441150665283203,700,0.0,0.0,0.0,SPDN
2018-09-17 00:00:00-04:00,23.498153076582707,23.50653648376465,23.439469226309118,23.50653648376465,3500,0.0,0.0,0.0,SPDN
2018-09-18 00:00:00-04:00,23.598751993891405,23.598751993891405,23.34725616122048,23.389171600341797,14700,0.0,0.0,0.0,SPDN
2018-09-19 00:00:00-04:00,23.364029005442184,23.37241081625213,23.364029005442184,23.367382049560547,2800,0.0,0.0,0.0,SPDN
2018-09-20 00:00:00-04:00,23.24665833344422,23.24665833344422,23.189653396606445,23.189653396606445,700,0.0,0.0,0.0,SPDN
2018-09-21 00:00:00-04:00,23.204743042600708,23.204743042600708,23.137677375961985,23.196359634399414,3000,0.0,0.0,0.0,SPDN
2018-09-24 00:00:00-04:00,23.33887688909978,23.33887688909978,23.288578033447266,23.288578033447266,7300,0.0,0.0,0.0,SPDN
2018-09-25 00:00:00-04:00,23.20776109599949,23.32560920715332,23.20776109599949,23.32560920715332,9200,0.114,0.0,0.0,SPDN
2018-09-26 00:00:00-04:00,23.376120916331576,23.418209075927734,23.216183019857517,23.418209075927734,4200,0.0,0.0,0.0,SPDN
2018-09-27 00:00:00-04:00,23.325613887580708,23.337400306621205,23.275107773460434,23.30036163330078,8300,0.0,0.0,0.0,SPDN
2018-09-28 00:00:00-04:00,23.367701399733672,23.367701399733672,23.31719529048565,23.359283447265625,1600,0.0,0.0,0.0,SPDN
2018-10-01 00:00:00-04:00,23.20776717986379,23.24985694885254,23.17409697023331,23.24985694885254,4400,0.0,0.0,0.0,SPDN
2018-10-02 00:00:00-04:00,23.334028581875742,23.334028581875742,23.241434319847638,23.275104522705078,4300,0.0,0.0,0.0,SPDN
2018-10-03 00:00:00-04:00,23.148839389124674,23.19092754578989,23.148839389124674,23.17409324645996,1700,0.0,0.0,0.0,SPDN
2018-10-04 00:00:00-04:00,23.367702879725798,23.552893029071072,23.317196767278972,23.493968963623047,6900,0.0,0.0,0.0,SPDN
2018-10-05 00:00:00-04:00,23.493967799341142,23.679157939509018,23.44346168939723,23.561309814453125,488600,0.0,0.0,0.0,SPDN
2018-10-08 00:00:00-04:00,23.7633329799877,23.7633329799877,23.578142862262418,23.589927673339844,9000,0.0,0.0,0.0,SPDN
2018-10-09 00:00:00-04:00,23.53605267265335,23.59497833251953,23.53605267265335,23.59497833251953,1600,0.0,0.0,0.0,SPDN
2018-10-10 00:00:00-04:00,23.79700592623265,24.400558471679688,23.79700592623265,24.400558471679688,5900,0.0,0.0,0.0,SPDN
2018-10-11 00:00:00-04:00,24.51251675651689,24.97044180159272,24.318907064741794,24.840808868408203,80200,0.0,0.0,0.0,SPDN
2018-10-12 00:00:00-04:00,24.554602699382333,24.86269201909848,24.495678644154662,24.507463455200195,46600,0.0,0.0,0.0,SPDN
2018-10-15 00:00:00-04:00,24.672460244510006,24.714550018310547,24.529358224709572,24.714550018310547,21400,0.0,0.0,0.0,SPDN
2018-10-16 00:00:00-04:00,24.546189034070437,24.546189034070437,24.158972828924703,24.18422508239746,12400,0.0,0.0,0.0,SPDN
2018-10-17 00:00:00-04:00,24.14213692290262,24.35258093149757,24.125301016880535,24.18422508239746,476100,0.0,0.0,0.0,SPDN
2018-10-18 00:00:00-04:00,24.32732506465135,24.58827516421513,24.243147147048774,24.520933151245117,3800,0.0,0.0,0.0,SPDN
2018-10-19 00:00:00-04:00,24.554601178072044,24.554601178072044,24.285233167685952,24.50409507751465,5000,0.0,0.0,0.0,SPDN
2018-10-22 00:00:00-04:00,24.537771659272714,24.71117860537772,24.462011685948475,24.64720344543457,15500,0.0,0.0,0.0,SPDN
2018-10-23 00:00:00-04:00,24.94182082186043,25.236442727005798,24.689288677770236,24.823972702026367,16000,0.0,0.0,0.0,SPDN
2018-10-24 00:00:00-04:00,24.908150634566685,25.589988708496094,24.83239067017895,25.589988708496094,18400,0.0,0.0,0.0,SPDN
2018-10-25 00:00:00-04:00,25.438473722218472,25.446891676070454,24.95108655700477,25.093345642089844,30100,0.0,0.0,0.0,SPDN
2018-10-26 00:00:00-04:00,25.564738706359147,25.783599060999034,25.253280869192547,25.53106689453125,23200,0.0,0.0,0.0,SPDN
2018-10-29 00:00:00-04:00,25.16909930102304,26.06138131298671,25.087446935278994,25.699419021606445,20900,0.0,0.0,0.0,SPDN
2018-10-30 00:00:00-04:00,25.792020053342352,25.792020053342352,25.292005148809867,25.295372009277344,13400,0.0,0.0,0.0,SPDN
2018-10-31 00:00:00-04:00,25.00075036957155,25.042838531602154,24.79872269625533,25.009166717529297,8800,0.0,0.0,0.0,SPDN
2018-11-01 00:00:00-04:00,25.034416201431572,25.034416201431572,24.763363925549566,24.773466110229492,4800,0.0,0.0,0.0,SPDN
2018-11-02 00:00:00-04:00,24.638783230669066,25.084923470894147,24.638783230669066,24.96707534790039,49700,0.0,0.0,0.0,SPDN
2018-11-05 00:00:00-05:00,24.933403912575425,24.975492067120648,24.849225997924805,24.849225997924805,2400,0.0,0.0,0.0,SPDN
2018-11-06 00:00:00-05:00,24.71454055213472,24.748210752718077,24.621944690800348,24.63878059387207,32300,0.0,0.0,0.0,SPDN
2018-11-07 00:00:00-05:00,24.512518075801978,24.512518075801978,24.10846437146588,24.11688232421875,52200,0.0,0.0,0.0,SPDN
2018-11-08 00:00:00-05:00,24.276820045152153,24.276820045152153,24.116882155089915,24.174964904785156,16000,0.0,0.0,0.0,SPDN
2018-11-09 00:00:00-05:00,24.25998346645381,24.52935152293925,24.25998346645381,24.386249542236328,33300,0.0,0.0,0.0,SPDN
2018-11-12 00:00:00-05:00,24.546186406371593,24.916568271405787,24.53019342125494,24.86606216430664,69100,0.0,0.0,0.0,SPDN
2018-11-13 00:00:00-05:00,24.739796863294163,24.924988616370182,24.63036668648044,24.91657066345215,28300,0.0,0.0,0.0,SPDN
2018-11-14 00:00:00-05:00,24.69770721457517,25.143849058958903,24.69770721457517,25.042835235595703,34300,0.0,0.0,0.0,SPDN
2018-11-15 00:00:00-05:00,25.25327806798737,25.37954413721527,24.874478254743487,24.885421752929688,25900,0.0,0.0,0.0,SPDN
2018-11-16 00:00:00-05:00,24.99232717799933,24.99232717799933,24.722959144114224,24.798717498779297,15600,0.0,0.0,0.0,SPDN
2018-11-19 00:00:00-05:00,24.807135644547895,25.278531313093705,24.807135644547895,25.152263641357422,6800,0.0,0.0,0.0,SPDN
2018-11-20 00:00:00-05:00,25.573156311875856,25.758348074919425,25.43005431568784,25.632081985473633,36900,0.0,0.0,0.0,SPDN
2018-11-21 00:00:00-05:00,25.615245559110654,25.615245559110654,25.398067825447058,25.59840965270996,14400,0.0,0.0,0.0,SPDN
2018-11-23 00:00:00-05:00,25.884616473021957,25.884616473021957,25.632925585350968,25.758350372314453,9300,0.0,0.0,0.0,SPDN
2018-11-26 00:00:00-05:00,25.61524608035899,25.61524608035899,25.370288935593535,25.38796615600586,22900,0.0,0.0,0.0,SPDN
2018-11-27 00:00:00-05:00,25.396380145888433,25.522646215636517,25.278532028198242,25.278532028198242,8200,0.0,0.0,0.0,SPDN
2018-11-28 00:00:00-05:00,25.270122187992072,25.270122187992072,24.714550018310547,24.714550018310547,36900,0.0,0.0,0.0,SPDN
2018-11-29 00:00:00-05:00,24.81556226431044,24.870278167470794,24.714550018310547,24.714550018310547,13000,0.0,0.0,0.0,SPDN
2018-11-30 00:00:00-05:00,24.815555812171,24.815555812171,24.579859562412704,24.588275909423828,16300,0.0,0.0,0.0,SPDN
2018-12-03 00:00:00-05:00,24.167389610980493,24.445177248659274,24.167389610980493,24.293657302856445,18600,0.0,0.0,0.0,SPDN
2018-12-04 00:00:00-05:00,24.411503509662385,25.07650730697384,24.3357435427393,25.05967140197754,14500,0.0,0.0,0.0,SPDN
2018-12-06 00:00:00-05:00,25.522648570735907,25.783598686369114,25.143850326538086,25.143850326538086,17200,0.0,0.0,0.0,SPDN
2018-12-07 00:00:00-05:00,25.06808831628899,25.70783822961096,25.06808831628899,25.685951232910156,11400,0.0,0.0,0.0,SPDN
2018-12-10 00:00:00-05:00,25.758346290705788,26.1792342967449,25.598408398854033,25.648073196411133,55900,0.0,0.0,0.0,SPDN
2018-12-11 00:00:00-05:00,25.28695012438764,25.808008996927995,25.28695012438764,25.669958114624023,35200,0.0,0.0,0.0,SPDN
2018-12-12 00:00:00-05:00,25.379546821565107,25.515073776245117,25.228026880241558,25.515073776245117,14400,0.0,0.0,0.0,SPDN
2018-12-13 00:00:00-05:00,25.472140754033063,25.651438481283165,25.379544884611022,25.531906127929688,29200,0.0,0.0,0.0,SPDN
2018-12-14 00:00:00-05:00,25.817265436280906,26.068114922670144,25.733087529997533,26.031917572021484,34200,0.0,0.0,0.0,SPDN
2018-12-17 00:00:00-05:00,26.103473152541255,26.709551275961985,26.086637247722837,26.574867248535156,52000,0.0,0.0,0.0,SPDN
2018-12-18 00:00:00-05:00,26.347588421859022,26.760060078886312,26.288664358158073,26.547090530395508,48200,0.0,0.0,0.0,SPDN
2018-12-19 00:00:00-05:00,26.608536788130547,27.14727285187693,26.15397703017445,26.953664779663086,94500,0.0,0.0,0.0,SPDN
2018-12-20 00:00:00-05:00,27.19778495326712,27.63382304011968,26.95703438604064,27.433481216430664,106900,0.0,0.0,0.0,SPDN
2018-12-21 00:00:00-05:00,27.425061148351944,28.012619099276634,27.037841782816816,27.973054885864258,295400,0.0,0.0,0.0,SPDN
2018-12-24 00:00:00-05:00,28.207911041642102,28.76348304748535,28.127103195345278,28.76348304748535,47300,0.0,0.0,0.0,SPDN
2018-12-26 00:00:00-05:00,28.544622881678112,28.797155029281114,27.324047088623047,27.324047088623047,138300,0.0,0.0,0.0,SPDN
2018-12-27 00:00:00-05:00,27.796188188585152,28.100249105015827,27.086713790893555,27.086713790893555,113600,0.109,0.0,0.0,SPDN
2018-12-28 00:00:00-05:00,26.9008991736069,27.17117321170915,26.765761349070804,27.145835876464844,39400,0.0,0.0,0.0,SPDN
2018-12-31 00:00:00-05:00,27.03603668319265,27.154285104527574,26.892454147338867,26.892454147338867,18400,0.0,0.0,0.0,SPDN
2019-01-02 00:00:00-05:00,27.36543811064479,27.36543811064479,26.79109991355936,26.90681266784668,42700,0.0,0.0,0.0,SPDN
2019-01-03 00:00:00-05:00,27.09516202042343,27.5596981048584,27.09516202042343,27.5596981048584,57900,0.0,0.0,0.0,SPDN
2019-01-04 00:00:00-05:00,27.120495153778414,27.16272511455755,26.578254015892867,26.613727569580078,46000,0.0,0.0,0.0,SPDN
2019-01-07 00:00:00-05:00,26.613731591334023,26.66187381833608,26.242101758633495,26.42791748046875,151400,0.0,0.0,0.0,SPDN
2019-01-08 00:00:00-05:00,26.106963599236686,26.39666593875402,26.106963599236686,26.166086196899414,126300,0.0,0.0,0.0,SPDN
2019-01-09 00:00:00-05:00,26.140749130824528,26.14159327909414,25.960845669258884,26.030948638916016,46500,0.0,0.0,0.0,SPDN
2019-01-10 00:00:00-05:00,26.301224166300997,26.301224166300997,25.929595947265625,25.929595947265625,13000,0.0,0.0,0.0,SPDN
2019-01-11 00:00:00-05:00,26.014051891717685,26.12554066252548,25.963375617069524,25.970977783203125,9000,0.0,0.0,0.0,SPDN
2019-01-14 00:00:00-05:00,26.191425535525276,26.191425535525276,26.0309487602028,26.06895637512207,113200,0.0,0.0,0.0,SPDN
2019-01-15 00:00:00-05:00,26.039396143889377,26.039396143889377,25.786013108014718,25.80290412902832,14700,0.0,0.0,0.0,SPDN
2019-01-16 00:00:00-05:00,25.743777946530514,25.752224261347276,25.65931640933273,25.75053596496582,26200,0.0,0.0,0.0,SPDN
2019-01-17 00:00:00-05:00,25.80290235972073,25.80290235972073,25.473504113476533,25.5664119720459,30600,0.0,0.0,0.0,SPDN
2019-01-18 00:00:00-05:00,25.405937294376553,25.456613580057887,25.203230540681137,25.245460510253906,32400,0.0,0.0,0.0,SPDN
2019-01-22 00:00:00-05:00,25.448162765283705,25.72688470371436,25.40171045135342,25.625532150268555,36000,0.0,0.0,0.0,SPDN
2019-01-23 00:00:00-05:00,25.53262710571289,25.735333845845485,25.416070206571412,25.53262710571289,35300,0.0,0.0,0.0,SPDN
2019-01-24 00:00:00-05:00,25.507286071777344,25.6339775646201,25.4819471288209,25.507286071777344,6500,0.0,0.0,0.0,SPDN
2019-01-25 00:00:00-05:00,25.355254757937235,25.355254757937235,25.245454286564716,25.304576873779297,17100,0.0,0.0,0.0,SPDN
2019-01-28 00:00:00-05:00,25.566408661039315,25.69310015388207,25.507286071777344,25.507286071777344,24700,0.0,0.0,0.0,SPDN
2019-01-29 00:00:00-05:00,25.53262214270451,25.583300026114415,25.47349955636261,25.549514770507812,4900,0.0,0.0,0.0,SPDN
2019-01-30 00:00:00-05:00,25.422826943888378,25.43127325900599,25.076536078915645,25.168598175048828,33600,0.0,0.0,0.0,SPDN
2019-01-31 00:00:00-05:00,25.135658910465118,25.165220208170194,24.899166917854608,24.901700973510742,25500,0.0,0.0,0.0,SPDN
2019-02-01 00:00:00-05:00,24.882274179209052,24.971803831133425,24.840044214376924,24.930418014526367,17600,0.0,0.0,0.0,SPDN
2019-02-04 00:00:00-05:00,24.890717557947987,24.958286460290054,24.772472381591797,24.772472381591797,10900,0.0,0.0,0.0,SPDN
2019-02-05 00:00:00-05:00,24.70490830906784,24.747138277173963,24.6288930777008,24.654232025146484,7300,0.0,0.0,0.0,SPDN
2019-02-06 00:00:00-05:00,24.713350870806607,24.738689814403187,24.6432479100622,24.704904556274414,12200,0.0,0.0,0.0,SPDN
2019-02-07 00:00:00-05:00,24.843422652596477,25.084982757746992,24.814705502974192,24.94139862060547,23500,0.0,0.0,0.0,SPDN
2019-02-08 00:00:00-05:00,25.1187664077374,25.133124982548544,24.94139862060547,24.94139862060547,93900,0.0,0.0,0.0,SPDN
2019-02-11 00:00:00-05:00,24.82315226588066,24.941399070404348,24.82315226588066,24.89325523376465,20100,0.0,0.0,0.0,SPDN
2019-02-12 00:00:00-05:00,24.726867487015618,24.726867487015618,24.55794600330955,24.573148727416992,5700,0.0,0.0,0.0,SPDN
2019-02-13 00:00:00-05:00,24.493756095201277,24.510648727416992,24.436321790055874,24.510648727416992,4200,0.0,0.0,0.0,SPDN
2019-02-14 00:00:00-05:00,24.63733648092555,24.63733648092555,24.49375235098101,24.561321258544922,11100,0.0,0.0,0.0,SPDN
2019-02-15 00:00:00-05:00,24.375507047276624,24.392398065858316,24.30793814004039,24.31216049194336,7700,0.0,0.0,0.0,SPDN
2019-02-19 00:00:00-05:00,24.341727169783915,24.367066119713268,24.202366972597915,24.264867782592773,6400,0.0,0.0,0.0,SPDN
2019-02-20 00:00:00-05:00,24.240369275247613,24.29949186781161,24.18124507171379,24.23445701599121,5700,0.0,0.0,0.0,SPDN
2019-02-21 00:00:00-05:00,24.30794357110049,24.389871070663375,24.265711987786013,24.31554412841797,23400,0.0,0.0,0.0,SPDN
2019-02-22 00:00:00-05:00,24.223475581632623,24.274151857180083,24.147460362826557,24.155906677246094,6700,0.0,0.0,0.0,SPDN
2019-02-25 00:00:00-05:00,23.995430314504183,24.122121810913086,23.986139851782895,24.122121810913086,32400,0.0,0.0,0.0,SPDN
2019-02-26 00:00:00-05:00,24.206587930732844,24.206587930732844,24.07989641032597,24.139019012451172,12500,0.0,0.0,0.0,SPDN
2019-02-27 00:00:00-05:00,24.198142604361152,24.296118587007676,24.147466316319587,24.166893005371094,8600,0.0,0.0,0.0,SPDN
2019-02-28 00:00:00-05:00,24.18800308659203,24.23276710510254,24.155907734780577,24.23276710510254,3400,0.0,0.0,0.0,SPDN
2019-03-01 00:00:00-05:00,24.046108426832163,24.188848415087897,24.04526427860299,24.071447372436523,23200,0.0,0.0,0.0,SPDN
2019-03-04 00:00:00-05:00,23.944754970231156,24.35439077086683,23.944754970231156,24.16435432434082,11300,0.0,0.0,0.0,SPDN
2019-03-05 00:00:00-05:00,24.181246672384493,24.231924564482377,24.151685374145693,24.171112060546875,3300,0.0,0.0,0.0,SPDN
2019-03-06 00:00:00-05:00,24.1559091414063,24.35861587524414,24.1559091414063,24.35861587524414,7500,0.0,0.0,0.0,SPDN
2019-03-07 00:00:00-05:00,24.36706199249977,24.609464634122155,24.36706199249977,24.544429779052734,24600,0.0,0.0,0.0,SPDN
2019-03-08 00:00:00-05:00,24.74967006095607,24.789367580546347,24.606931686401367,24.606931686401367,15100,0.0,0.0,0.0,SPDN
2019-03-11 00:00:00-04:00,24.409292305886705,24.41267050982593,24.248815536499023,24.248815536499023,7400,0.0,0.0,0.0,SPDN
2019-03-12 00:00:00-04:00,24.147457772284348,24.206580355908667,24.133099200408502,24.189687728881836,11800,0.0,0.0,0.0,SPDN
2019-03-13 00:00:00-04:00,24.130568563515464,24.130568563515464,23.927861843387497,24.0123233795166,8500,0.0,0.0,0.0,SPDN
2019-03-14 00:00:00-04:00,24.029214044281606,24.029214044281606,23.970089846146426,24.02499008178711,1800,0.0,0.0,0.0,SPDN
2019-03-15 00:00:00-04:00,23.944760232813746,23.978543888810293,23.851852359625394,23.931245803833008,10900,0.0,0.0,0.0,SPDN
2019-03-18 00:00:00-04:00,23.883095228271117,23.902520300118773,23.818060384143575,23.834951400756836,7300,0.0,0.0,0.0,SPDN
2019-03-19 00:00:00-04:00,23.71861555665368,23.845997699392324,23.68464612138907,23.837505340576172,17300,0.153,0.0,0.0,SPDN
2019-03-20 00:00:00-04:00,23.8969480841876,23.973377686910084,23.80098751572045,23.91393280029297,12400,0.0,0.0,0.0,SPDN
2019-03-21 00:00:00-04:00,23.964037154371567,23.964037154371567,23.61670731451001,23.651525497436523,27800,0.0,0.0,0.0,SPDN
2019-03-22 00:00:00-04:00,23.812026603478973,24.109251022338867,23.735597004414544,24.109251022338867,20400,0.0,0.0,0.0,SPDN
2019-03-25 00:00:00-04:00,24.083777697031675,24.219652191873035,24.083777697031675,24.126237869262695,10600,0.0,0.0,0.0,SPDN
2019-03-26 00:00:00-04:00,23.964890589912073,24.043019329297504,23.9028978202946,23.9733829498291,17600,0.0,0.0,0.0,SPDN
2019-03-27 00:00:00-04:00,23.939411524007706,24.185683445498334,23.93771240437942,24.083778381347656,26000,0.0,0.0,0.0,SPDN
2019-03-28 00:00:00-04:00,24.00735238949721,24.071042659246867,23.9733829498291,23.9733829498291,20900,0.0,0.0,0.0,SPDN
2019-03-29 00:00:00-04:00,23.905440308855013,23.939409740876215,23.8341064453125,23.8341064453125,10100,0.0,0.0,0.0,SPDN
2019-04-01 00:00:00-04:00,23.71012270146483,23.71012270146483,23.54877112683948,23.56575584411621,13300,0.0,0.0,0.0,SPDN
2019-04-02 00:00:00-04:00,23.523295756082273,23.581041527380304,23.523295756082273,23.54962158203125,1200,0.0,0.0,0.0,SPDN
2019-04-03 00:00:00-04:00,23.429882194322804,23.574249056902158,23.404405117484618,23.510557174682617,4400,0.0,0.0,0.0,SPDN
2019-04-04 00:00:00-04:00,23.48083246165141,23.540277348783803,23.460451126098633,23.460451126098633,1900,0.0,0.0,0.0,SPDN
2019-04-05 00:00:00-04:00,23.403552560140792,23.403552560140792,23.36194114190088,23.369583129882812,7600,0.0,0.0,0.0,SPDN
2019-04-08 00:00:00-04:00,23.455356755040068,23.455356755040068,23.34835433959961,23.34835433959961,5400,0.0,0.0,0.0,SPDN
2019-04-09 00:00:00-04:00,23.378926663754225,23.500364303588867,23.378926663754225,23.500364303588867,22000,0.0,0.0,0.0,SPDN
2019-04-10 00:00:00-04:00,23.4553588838279,23.4553588838279,23.39591237218714,23.41204833984375,3300,0.0,0.0,0.0,SPDN
2019-04-11 00:00:00-04:00,23.336468406787628,23.429882737608523,23.336468406787628,23.387422561645508,7400,0.0,0.0,0.0,SPDN
2019-04-12 00:00:00-04:00,23.209083938494555,23.319481356811004,23.209083938494555,23.26003646850586,20900,0.0,0.0,0.0,SPDN
2019-04-15 00:00:00-04:00,23.285513543387374,23.285513543387374,23.26003646850586,23.26003646850586,3700,0.0,0.0,0.0,SPDN
2019-04-16 00:00:00-04:00,23.217573205394114,23.30249515727351,23.209080848231025,23.26597785949707,17600,0.0,0.0,0.0,SPDN
2019-04-17 00:00:00-04:00,23.132651700778126,23.302495607820802,23.132651700778126,23.29994773864746,15600,0.0,0.0,0.0,SPDN
2019-04-18 00:00:00-04:00,23.29400495400117,23.378926913732915,23.26428251105781,23.2838134765625,5200,0.0,0.0,0.0,SPDN
2019-04-22 00:00:00-04:00,23.285513543387374,23.319481356811004,23.26003646850586,23.26003646850586,8300,0.0,0.0,0.0,SPDN
2019-04-23 00:00:00-04:00,23.12756060250574,23.12756060250574,23.053678860662163,23.05622673034668,5600,0.0,0.0,0.0,SPDN
2019-04-24 00:00:00-04:00,23.06386391915721,23.10717283248261,23.050275824539558,23.09783172607422,1100,0.0,0.0,0.0,SPDN
2019-04-25 00:00:00-04:00,23.05622516296053,23.1071776939315,23.05622516296053,23.105480194091797,3600,0.0,0.0,0.0,SPDN
2019-04-26 00:00:00-04:00,23.064718867619852,23.18360865340854,23.039241790771484,23.039241790771484,11900,0.0,0.0,0.0,SPDN
2019-04-29 00:00:00-04:00,22.979791477458726,22.996776191351323,22.970450370743237,22.992530822753906,6300,0.0,0.0,0.0,SPDN
2019-04-30 00:00:00-04:00,23.06471966383811,23.06471966383811,22.981496810913086,22.981496810913086,3500,0.0,0.0,0.0,SPDN
2019-05-01 00:00:00-04:00,22.97130368038779,23.14114761352539,22.928843506979284,23.14114761352539,1300,0.0,0.0,0.0,SPDN
2019-05-02 00:00:00-04:00,23.21757700080282,23.33646678101814,23.21757700080282,23.218425750732422,3200,0.0,0.0,0.0,SPDN
2019-05-03 00:00:00-04:00,23.07320893334831,23.09019364955913,22.9882869720459,22.9882869720459,6700,0.0,0.0,0.0,SPDN
2019-05-06 00:00:00-04:00,23.395909576519006,23.42138664989212,23.06471572142669,23.090192794799805,11900,0.0,0.0,0.0,SPDN
2019-05-07 00:00:00-04:00,23.344957742733698,23.641335045360556,23.344957742733698,23.49017333984375,10900,0.0,0.0,0.0,SPDN
2019-05-08 00:00:00-04:00,23.480833604108305,23.56490681982304,23.39591163846515,23.4995174407959,19100,0.0,0.0,0.0,SPDN
2019-05-09 00:00:00-04:00,23.71861528368246,23.829012707518263,23.54877134881774,23.582740783691406,42500,0.0,0.0,0.0,SPDN
2019-05-10 00:00:00-04:00,23.710121869524063,23.939410685459254,23.44686523997906,23.480833053588867,58600,0.0,0.0,0.0,SPDN
2019-05-13 00:00:00-04:00,23.973380323813885,24.13048653544162,23.8629828964894,24.06169891357422,78500,0.0,0.0,0.0,SPDN
2019-05-14 00:00:00-04:00,23.9394141433079,23.947906502874932,23.730506633264337,23.8536434173584,46100,0.0,0.0,0.0,SPDN
2019-05-15 00:00:00-04:00,24.04981114011867,24.083780577768074,23.72541046142578,23.72541046142578,5900,0.0,0.0,0.0,SPDN
2019-05-16 00:00:00-04:00,23.65407513987928,23.65407513987928,23.41289733052007,23.524145126342773,20300,0.0,0.0,0.0,SPDN
2019-05-17 00:00:00-04:00,23.761073424616193,23.761073424616193,23.480832089892044,23.644731521606445,19600,0.0,0.0,0.0,SPDN
2019-05-20 00:00:00-04:00,23.896949989623455,23.896949989623455,23.72710767428233,23.819671630859375,17300,0.0,0.0,0.0,SPDN
2019-05-21 00:00:00-04:00,23.684643988154704,23.684643988154704,23.625199101547555,23.63199234008789,1500,0.0,0.0,0.0,SPDN
2019-05-22 00:00:00-04:00,23.727108770272398,23.727108770272398,23.625202080559056,23.68804359436035,7500,0.0,0.0,0.0,SPDN
2019-05-23 00:00:00-04:00,23.944506377042902,24.070191021081595,23.944506377042902,23.996309280395508,20100,0.0,0.0,0.0,SPDN
2019-05-24 00:00:00-04:00,23.871469640663523,23.951295852661133,23.871469640663523,23.951295852661133,2400,0.0,0.0,0.0,SPDN
2019-05-28 00:00:00-04:00,23.998854202316295,24.1296329498291,23.862979716140185,24.1296329498291,7800,0.0,0.0,0.0,SPDN
2019-05-29 00:00:00-04:00,24.34703228218999,24.471017788806765,24.25786495614743,24.328350067138672,19800,0.0,0.0,0.0,SPDN
2019-05-30 00:00:00-04:00,24.33853686556216,24.378450779679905,24.202662399216845,24.289281845092773,17200,0.0,0.0,0.0,SPDN
2019-05-31 00:00:00-04:00,24.60179636625117,24.618781081501297,24.46592188375336,24.595003128051758,16500,0.0,0.0,0.0,SPDN
2019-06-03 00:00:00-04:00,24.70370487446733,24.75465740425391,24.537257568195326,24.705402374267578,18200,0.0,0.0,0.0,SPDN
2019-06-04 00:00:00-04:00,24.423464445843948,24.482909336113536,24.16275405883789,24.16275405883789,32000,0.0,0.0,0.0,SPDN
2019-06-05 00:00:00-04:00,24.01583959633806,24.12623701206739,23.946203231811523,23.946203231811523,23200,0.0,0.0,0.0,SPDN
2019-06-06 00:00:00-04:00,23.956389744659322,23.956389744659322,23.761070395005763,23.794189453125,8500,0.0,0.0,0.0,SPDN
2019-06-07 00:00:00-04:00,23.693138608442172,23.693138608442172,23.45535903931023,23.540279388427734,27700,0.0,0.0,0.0,SPDN
2019-06-10 00:00:00-04:00,23.387422937098492,23.43837547302246,23.310993323336582,23.43837547302246,21300,0.0,0.0,0.0,SPDN
2019-06-11 00:00:00-04:00,23.336468348829683,23.489327573519923,23.30250053209401,23.451961517333984,20400,0.0,0.0,0.0,SPDN
2019-06-12 00:00:00-04:00,23.455354013006936,23.53178198688439,23.455354013006936,23.497814178466797,13000,0.0,0.0,0.0,SPDN
2019-06-13 00:00:00-04:00,23.395910263061523,23.480832223712266,23.395910263061523,23.395910263061523,17900,0.0,0.0,0.0,SPDN
2019-06-14 00:00:00-04:00,23.42988172158438,23.506311330804987,23.404404645260236,23.42818260192871,21400,0.0,0.0,0.0,SPDN
2019-06-17 00:00:00-04:00,23.446867832301777,23.446867832301777,23.37893057781918,23.43837547302246,12900,0.0,0.0,0.0,SPDN
2019-06-18 00:00:00-04:00,23.243055288890286,23.285515464110112,23.132656241715768,23.21333122253418,40500,0.0,0.0,0.0,SPDN
2019-06-19 00:00:00-04:00,23.19209992260174,23.234561715353816,23.09444022889963,23.124162673950195,28400,0.0,0.0,0.0,SPDN
2019-06-20 00:00:00-04:00,22.90337096671254,23.03924549222958,22.870251895315082,22.911863327026367,13600,0.0,0.0,0.0,SPDN
2019-06-21 00:00:00-04:00,22.92034469336381,22.966203093111616,22.84391510695169,22.94582176208496,19300,0.0,0.0,0.0,SPDN
2019-06-24 00:00:00-04:00,22.96281067673291,22.99677848815918,22.937333603349483,22.99677848815918,7800,0.0,0.0,0.0,SPDN
2019-06-25 00:00:00-04:00,23.049668008351876,23.220278931568725,23.041137218128753,23.209190368652344,7200,0.122,0.0,0.0,SPDN
2019-06-26 00:00:00-04:00,23.15203793587523,23.231372833251953,23.092324021854726,23.231372833251953,6800,0.0,0.0,0.0,SPDN
2019-06-27 00:00:00-04:00,23.152032589900674,23.177624958749476,23.149473190307617,23.149473190307617,12300,0.0,0.0,0.0,SPDN
2019-06-28 00:00:00-04:00,23.03260768437009,23.126444754861527,23.024076893681602,23.04966926574707,10600,0.0,0.0,0.0,SPDN
2019-07-01 00:00:00-04:00,22.716976280149893,22.943038179053765,22.716976280149893,22.870527267456055,29100,0.0,0.0,0.0,SPDN
2019-07-02 00:00:00-04:00,22.87308607951983,22.92171142536052,22.81934356076065,22.8201961517334,19400,0.0,0.0,0.0,SPDN
2019-07-03 00:00:00-04:00,22.745125637375615,22.75109702786797,22.623138427734375,22.623138427734375,19100,0.0,0.0,0.0,SPDN
2019-07-05 00:00:00-04:00,22.657262453195457,22.827875023522093,22.657262453195457,22.67432403564453,20400,0.0,0.0,0.0,SPDN
2019-07-08 00:00:00-04:00,22.768162552352013,22.81934567585504,22.768162552352013,22.77669334411621,11600,0.0,0.0,0.0,SPDN
2019-07-09 00:00:00-04:00,22.89612074325579,22.89612074325579,22.751100540161133,22.751100540161133,21900,0.0,0.0,0.0,SPDN
2019-07-10 00:00:00-04:00,22.631671276646543,22.699061760000603,22.58304593029867,22.648731231689453,31100,0.0,0.0,0.0,SPDN
2019-07-11 00:00:00-04:00,22.56342296545857,22.661524606359308,22.56342296545857,22.606075286865234,17600,0.0,0.0,0.0,SPDN
2019-07-12 00:00:00-04:00,22.537832454928832,22.580484779852785,22.495180130004883,22.495180130004883,14900,0.0,0.0,0.0,SPDN
2019-07-15 00:00:00-04:00,22.43546509544777,22.52247818322297,22.43546509544777,22.50370979309082,17900,0.0,0.0,0.0,SPDN
2019-07-16 00:00:00-04:00,22.51224005363266,22.593281748794492,22.495180099935023,22.561717987060547,3600,0.0,0.0,0.0,SPDN
2019-07-17 00:00:00-04:00,22.589017552687963,22.716976165771484,22.589017552687963,22.716976165771484,7600,0.0,0.0,0.0,SPDN
2019-07-18 00:00:00-04:00,22.776691470544467,22.776691470544467,22.648731231689453,22.648731231689453,10400,0.0,0.0,0.0,SPDN
2019-07-19 00:00:00-04:00,22.583045123760925,22.768159866333008,22.583045123760925,22.768159866333008,3100,0.0,0.0,0.0,SPDN
2019-07-22 00:00:00-04:00,22.69991698896104,22.768161693417913,22.691386197518668,22.725507736206055,4800,0.0,0.0,0.0,SPDN
2019-07-23 00:00:00-04:00,22.623138341528705,22.68285224622472,22.56768901841875,22.58048439025879,2900,0.0,0.0,0.0,SPDN
2019-07-24 00:00:00-04:00,22.640200662446933,22.640200662446933,22.478118896484375,22.478118896484375,15800,0.0,0.0,0.0,SPDN
2019-07-25 00:00:00-04:00,22.529300929877206,22.618019194658107,22.52418213038704,22.597545623779297,2900,0.0,0.0,0.0,SPDN
2019-07-26 00:00:00-04:00,22.520776381163536,22.520776381163536,22.42694091796875,22.42694091796875,1600,0.0,0.0,0.0,SPDN
2019-07-29 00:00:00-04:00,22.44399686051539,22.503710770160488,22.435466069554376,22.469589233398438,7600,0.0,0.0,0.0,SPDN
2019-07-30 00:00:00-04:00,22.54636608734752,22.58475383545069,22.50712574822133,22.52930450439453,12900,0.0,0.0,0.0,SPDN
2019-07-31 00:00:00-04:00,22.48664925642571,22.777542211577426,22.48664925642571,22.756216049194336,13500,0.0,0.0,0.0,SPDN
2019-08-01 00:00:00-04:00,22.759629001866333,23.032607796903932,22.529302533397622,22.96436309814453,23100,0.0,0.0,0.0,SPDN
2019-08-02 00:00:00-04:00,22.998487575599704,23.27743942420146,22.998487575599704,23.15203857421875,6100,0.0,0.0,0.0,SPDN
2019-08-05 00:00:00-04:00,23.52738291345137,23.945381908175495,23.52738291345137,23.843015670776367,43300,0.0,0.0,0.0,SPDN
2019-08-06 00:00:00-04:00,23.697994104772423,23.80889112670638,23.52738154955504,23.544443130493164,39700,0.0,0.0,0.0,SPDN
2019-08-07 00:00:00-04:00,23.87713521050999,23.95391069567898,23.495817184448242,23.495817184448242,10000,0.0,0.0,0.0,SPDN
2019-08-08 00:00:00-04:00,23.373834050885137,23.382364842622696,23.076117066530426,23.08379364013672,31400,0.0,0.0,0.0,SPDN
2019-08-09 00:00:00-04:00,23.160565787163854,23.33117834306167,23.12900365209256,23.220279693603516,14400,0.0,0.0,0.0,SPDN
2019-08-12 00:00:00-04:00,23.365299700170844,23.58624277939802,23.331178165500113,23.501789093017578,7100,0.0,0.0,0.0,SPDN
2019-08-13 00:00:00-04:00,23.51032061336971,23.561505357587773,23.05820009568384,23.160566329956055,16800,0.0,0.0,0.0,SPDN
2019-08-14 00:00:00-04:00,23.54444372539292,23.834484100341797,23.50178977196988,23.834484100341797,26600,0.0,0.0,0.0,SPDN
2019-08-15 00:00:00-04:00,23.76623931798475,23.951352431232724,23.715054574057923,23.79183006286621,14300,0.0,0.0,0.0,SPDN
2019-08-16 00:00:00-04:00,23.578563206920563,23.587093996861984,23.407952289337622,23.442073822021484,9700,0.0,0.0,0.0,SPDN
2019-08-19 00:00:00-04:00,23.15203857421875,23.220283281706973,23.108533651136945,23.15203857421875,17900,0.0,0.0,0.0,SPDN
2019-08-20 00:00:00-04:00,23.265493367170684,23.331178665161133,23.194689269391336,23.331178665161133,6000,0.0,0.0,0.0,SPDN
2019-08-21 00:00:00-04:00,23.134974294089968,23.177626618143236,23.119617895432203,23.14521026611328,6500,0.0,0.0,0.0,SPDN
2019-08-22 00:00:00-04:00,23.04284369616925,23.279995772716248,23.04284369616925,23.160566329956055,15300,0.0,0.0,0.0,SPDN
2019-08-23 00:00:00-04:00,23.27146789006111,23.851547086616048,23.13497847592087,23.82680892944336,27400,0.0,0.0,0.0,SPDN
2019-08-26 00:00:00-04:00,23.57856805602407,23.672405137596144,23.51885414123535,23.51885414123535,90300,0.0,0.0,0.0,SPDN
2019-08-27 00:00:00-04:00,23.37383261776068,23.63998744615799,23.37383261776068,23.570035934448242,4100,0.0,0.0,0.0,SPDN
2019-08-28 00:00:00-04:00,23.66387308443789,23.7065270406433,23.436960220336914,23.436960220336914,7600,0.0,0.0,0.0,SPDN
2019-08-29 00:00:00-04:00,23.220278673158745,23.220278673158745,23.100850865527832,23.143503189086914,160000,0.0,0.0,0.0,SPDN
2019-08-30 00:00:00-04:00,22.981425322226535,23.204926188111607,22.981425322226535,23.12303352355957,20300,0.0,0.0,0.0,SPDN
2019-09-03 00:00:00-04:00,23.28852653503418,23.399425194704268,23.271466579538995,23.28852653503418,173800,0.0,0.0,0.0,SPDN
2019-09-04 00:00:00-04:00,23.092321592107567,23.13497554555002,23.04028588411432,23.04966926574707,21700,0.0,0.0,0.0,SPDN
2019-09-05 00:00:00-04:00,22.861994876556277,22.861994876556277,22.70759130905943,22.74256706237793,33900,0.0,0.0,0.0,SPDN
2019-09-06 00:00:00-04:00,22.70844778040341,22.75963090197554,22.682855406076296,22.725507736206055,8000,0.0,0.0,0.0,SPDN
2019-09-09 00:00:00-04:00,22.691383945884628,22.774130824874465,22.670057782935913,22.74256706237793,11300,0.0,0.0,0.0,SPDN
2019-09-10 00:00:00-04:00,22.87905585093662,22.87905585093662,22.75109724955619,22.756216049194336,45900,0.0,0.0,0.0,SPDN
2019-09-11 00:00:00-04:00,22.725508164962687,22.725508164962687,22.57537078857422,22.57537078857422,25600,0.0,0.0,0.0,SPDN
2019-09-12 00:00:00-04:00,22.503709110212974,22.52930148120824,22.40134288039568,22.473852157592773,21600,0.0,0.0,0.0,SPDN
2019-09-13 00:00:00-04:00,22.43546509544777,22.50370979309082,22.432053104627908,22.50370979309082,37600,0.0,0.0,0.0,SPDN
2019-09-16 00:00:00-04:00,22.61460894299106,22.61460894299106,22.54636424384125,22.574514389038086,5900,0.0,0.0,0.0,SPDN
2019-09-17 00:00:00-04:00,22.606077304118724,22.606077304118724,22.520771026611328,22.520771026611328,13000,0.0,0.0,0.0,SPDN
2019-09-18 00:00:00-04:00,22.583044344787268,22.606077316330634,22.519065856933594,22.519065856933594,7400,0.0,0.0,0.0,SPDN
2019-09-19 00:00:00-04:00,22.44399857126372,22.537835651905414,22.41840782351208,22.511390686035156,11800,0.0,0.0,0.0,SPDN
2019-09-20 00:00:00-04:00,22.512241504558794,22.623140159691342,22.45252759506373,22.60095977783203,7600,0.0,0.0,0.0,SPDN
2019-09-23 00:00:00-04:00,22.725507355648112,22.725507355648112,22.589017949019997,22.631671905517578,18000,0.0,0.0,0.0,SPDN
2019-09-24 00:00:00-04:00,22.529729152539918,22.88951957981927,22.529729152539918,22.83812141418457,25900,0.111,0.0,0.0,SPDN
2019-09-25 00:00:00-04:00,22.820987310826823,22.909222159630726,22.66679118565883,22.675357818603516,7200,0.0,0.0,0.0,SPDN
2019-09-26 00:00:00-04:00,22.6753598263933,22.795291064320033,22.6753598263933,22.744749069213867,5300,0.0,0.0,0.0,SPDN
2019-09-27 00:00:00-04:00,22.68392310895987,22.969185596853258,22.68392310895987,22.863819122314453,7800,0.0,0.0,0.0,SPDN
2019-09-30 00:00:00-04:00,22.829555463560578,22.829555463560578,22.701915401848517,22.7438907623291,3300,0.0,0.0,0.0,SPDN
2019-10-01 00:00:00-04:00,22.692493345614555,23.0351505279541,22.683926711816277,23.0351505279541,11200,0.0,0.0,0.0,SPDN
2019-10-02 00:00:00-04:00,23.18077793166516,23.53200171593901,23.18077793166516,23.446338653564453,27500,0.0,0.0,0.0,SPDN
2019-10-03 00:00:00-04:00,23.48060418208554,23.697335264974747,23.266443252563477,23.266443252563477,25300,0.0,0.0,0.0,SPDN
2019-10-04 00:00:00-04:00,23.18077595949481,23.182489939520476,22.932350158691406,22.932350158691406,8000,0.0,0.0,0.0,SPDN
2019-10-07 00:00:00-04:00,22.99231882133109,23.035150356084586,22.923787385374506,23.01801872253418,4700,0.0,0.0,0.0,SPDN
2019-10-08 00:00:00-04:00,23.21504530228465,23.384660720825195,23.172212135632044,23.384660720825195,11000,0.0,0.0,0.0,SPDN
2019-10-09 00:00:00-04:00,23.206480140797584,23.215046774671436,23.12081543597743,23.16364860534668,7500,0.0,0.0,0.0,SPDN
2019-10-10 00:00:00-04:00,23.19791064619281,23.19791064619281,22.9640463086397,23.04371452331543,17500,0.0,0.0,0.0,SPDN
2019-10-11 00:00:00-04:00,22.80385679925872,22.812421798706055,22.625674746658405,22.812421798706055,23900,0.0,0.0,0.0,SPDN
2019-10-14 00:00:00-04:00,22.81242275115428,22.820989384877528,22.7807280036884,22.814992904663086,11900,0.0,0.0,0.0,SPDN
2019-10-15 00:00:00-04:00,22.726757387654963,22.726757387654963,22.529728099745537,22.572561264038086,41900,0.0,0.0,0.0,SPDN
2019-10-16 00:00:00-04:00,22.623959036838293,22.649658934970308,22.581127507203057,22.63595199584961,6200,0.0,0.0,0.0,SPDN
2019-10-17 00:00:00-04:00,22.572564347416613,22.59826261558434,22.50403290910539,22.581130981445312,4000,0.0,0.0,0.0,SPDN
2019-10-18 00:00:00-04:00,22.59825365126878,22.64965343505162,22.59825365126878,22.647083282470703,3100,0.0,0.0,0.0,SPDN
2019-10-21 00:00:00-04:00,22.55542861455313,22.56827774723287,22.515167236328125,22.515167236328125,13100,0.0,0.0,0.0,SPDN
2019-10-22 00:00:00-04:00,22.48689796484379,22.587125778198242,22.46633837149113,22.587125778198242,9000,0.0,0.0,0.0,SPDN
2019-10-23 00:00:00-04:00,22.572563959854012,22.60939901501844,22.54258155822754,22.54258155822754,5400,0.0,0.0,0.0,SPDN
2019-10-24 00:00:00-04:00,22.451775714802732,22.555429856837975,22.451775714802732,22.48689842224121,9300,0.0,0.0,0.0,SPDN
2019-10-25 00:00:00-04:00,22.546863403365162,22.546863403365162,22.38410063217843,22.402090072631836,14100,0.0,0.0,0.0,SPDN
2019-10-28 00:00:00-04:00,22.324136849310477,22.324136849310477,22.264172045062953,22.28130531311035,44200,0.0,0.0,0.0,SPDN
2019-10-29 00:00:00-04:00,22.27873084049871,22.2984342583253,22.229902833339757,22.29586410522461,15500,0.0,0.0,0.0,SPDN
2019-10-30 00:00:00-04:00,22.32413454860724,22.358401081170566,22.237613677978516,22.237613677978516,12600,0.0,0.0,0.0,SPDN
2019-10-31 00:00:00-04:00,22.30700156320864,22.358399725017854,22.30700156320864,22.318994522094727,1500,0.0,0.0,0.0,SPDN
2019-11-01 00:00:00-04:00,22.24703750701343,22.24703750701343,22.101408004760742,22.101408004760742,43100,0.0,0.0,0.0,SPDN
2019-11-04 00:00:00-05:00,21.97291199485142,22.029450469625214,21.965203168333982,22.015745162963867,27800,0.0,0.0,0.0,SPDN
2019-11-05 00:00:00-05:00,21.98147862847391,22.05001006353553,21.98147862847391,22.015745162963867,8100,0.0,0.0,0.0,SPDN
2019-11-06 00:00:00-05:00,22.015745839383413,22.09027375687877,22.007179205497717,22.023454666137695,12400,0.0,0.0,0.0,SPDN
2019-11-07 00:00:00-05:00,21.93007912617162,21.964344024658203,21.874396827972955,21.964344024658203,26500,0.0,0.0,0.0,SPDN
2019-11-08 00:00:00-05:00,21.972910320831726,21.972910320831726,21.90437889099121,21.90437889099121,17200,0.0,0.0,0.0,SPDN
2019-11-11 00:00:00-05:00,22.015740730535367,22.015740730535367,21.933502371451148,21.955774307250977,10900,0.0,0.0,0.0,SPDN
2019-11-12 00:00:00-05:00,21.921509519673474,21.947209415491166,21.83584483419914,21.90780258178711,9600,0.0,0.0,0.0,SPDN
2019-11-13 00:00:00-05:00,21.972915613444535,21.976341940674136,21.881254415898866,21.892391204833984,44100,0.0,0.0,0.0,SPDN
2019-11-14 00:00:00-05:00,21.912945857019945,21.94721238942011,21.87011432543793,21.872684478759766,35100,0.0,0.0,0.0,SPDN
2019-11-15 00:00:00-05:00,21.775882105445188,21.79301537094517,21.7261962890625,21.7261962890625,18700,0.0,0.0,0.0,SPDN
2019-11-18 00:00:00-05:00,21.749328954287062,21.76731839530197,21.67308705631816,21.707353591918945,9300,0.0,0.0,0.0,SPDN
2019-11-19 00:00:00-05:00,21.65595542243612,21.73048334005764,21.65595542243612,21.707353591918945,10400,0.0,0.0,0.0,SPDN
2019-11-20 00:00:00-05:00,21.758752033968065,21.887248276243948,21.7244871318564,21.788734436035156,69500,0.0,0.0,0.0,SPDN
2019-11-21 00:00:00-05:00,21.77588451462384,21.887247484858115,21.77588451462384,21.818716049194336,10600,0.0,0.0,0.0,SPDN
2019-11-22 00:00:00-05:00,21.793015256362175,21.818713520558898,21.784448623657227,21.784448623657227,7500,0.0,0.0,0.0,SPDN
2019-11-25 00:00:00-05:00,21.72448489903104,21.72448489903104,21.621686935424805,21.621686935424805,59200,0.0,0.0,0.0,SPDN
2019-11-26 00:00:00-05:00,21.61312041329228,21.62168704646331,21.561722248184306,21.578855514526367,20600,0.0,0.0,0.0,SPDN
2019-11-27 00:00:00-05:00,21.5274544848106,21.545443923265875,21.476056322640975,21.484622955322266,7700,0.0,0.0,0.0,SPDN
2019-11-29 00:00:00-05:00,21.52745241264201,21.564289093017578,21.52745241264201,21.564289093017578,1700,0.0,0.0,0.0,SPDN
2019-12-02 00:00:00-05:00,21.536022903115665,21.758750469541944,21.536022903115665,21.74161720275879,39500,0.0,0.0,0.0,SPDN
2019-12-03 00:00:00-05:00,21.972911053662944,22.058575752300182,21.89581298828125,21.89581298828125,45900,0.0,0.0,0.0,SPDN
2019-12-04 00:00:00-05:00,21.810150994866202,21.810150994866202,21.741619554239758,21.758752822875977,7400,0.0,0.0,0.0,SPDN
2019-12-05 00:00:00-05:00,21.698786227405403,21.810149196521586,21.698786227405403,21.715919494628906,361800,0.0,0.0,0.0,SPDN
2019-12-06 00:00:00-05:00,21.55572751490959,21.558297668460966,21.49661888498295,21.53602409362793,22500,0.0,0.0,0.0,SPDN
2019-12-09 00:00:00-05:00,21.55316127610659,21.589996337890625,21.51889636834075,21.589996337890625,2900,0.0,0.0,0.0,SPDN
2019-12-10 00:00:00-05:00,21.5959860807057,21.630252611698,21.5702878163796,21.629396438598633,13200,0.0,0.0,0.0,SPDN
2019-12-11 00:00:00-05:00,21.57029034285791,21.611409531297618,21.561723709106445,21.561723709106445,1600,0.0,0.0,0.0,SPDN
2019-12-12 00:00:00-05:00,21.56172101540581,21.56172101540581,21.330426834766723,21.37240219116211,163800,0.0,0.0,0.0,SPDN
2019-12-13 00:00:00-05:00,21.416091023326203,21.450357553244203,21.32185969996978,21.381824493408203,47500,0.0,0.0,0.0,SPDN
2019-12-16 00:00:00-05:00,21.227628707885742,21.270460233736785,21.187365701094667,21.227628707885742,12100,0.0,0.0,0.0,SPDN
2019-12-17 00:00:00-05:00,21.19336862354666,21.21906852722168,21.18480198898832,21.21906852722168,11700,0.0,0.0,0.0,SPDN
2019-12-18 00:00:00-05:00,21.184799362050263,21.223348395823436,21.184799362050263,21.21221160888672,11400,0.0,0.0,0.0,SPDN
2019-12-19 00:00:00-05:00,21.141967327254886,21.195935646474194,21.124834060668945,21.124834060668945,23900,0.0,0.0,0.0,SPDN
2019-12-20 00:00:00-05:00,21.01347132771242,21.05972918730333,21.01347132771242,21.01861000061035,13600,0.0,0.0,0.0,SPDN
2019-12-23 00:00:00-05:00,21.025484239294915,21.025484239294915,20.98252313589106,21.00830078125,16300,0.074,0.0,0.0,SPDN
2019-12-24 00:00:00-05:00,20.991115635876444,21.025484190747964,20.991115635876444,21.021188735961914,1600,0.0,0.0,0.0,SPDN
2019-12-26 00:00:00-05:00,20.973930226374016,20.973930226374016,20.91378402709961,20.91378402709961,31400,0.0,0.0,0.0,SPDN
2019-12-27 00:00:00-05:00,20.836452731215086,20.93096912370973,20.836452731215086,20.91378402709961,29100,0.0,0.0,0.0,SPDN
2019-12-30 00:00:00-05:00,20.879414153689954,21.068446941574663,20.879414153689954,21.04266929626465,26000,0.0,0.0,0.0,SPDN
2019-12-31 00:00:00-05:00,21.068446408903334,21.094222414700617,20.991973876953125,20.991973876953125,3000,0.0,0.0,0.0,SPDN
2020-01-02 00:00:00-05:00,20.845039068445626,20.928384959423504,20.80207633972168,20.80207633972168,14800,0.0,0.0,0.0,SPDN
2020-01-03 00:00:00-05:00,21.01688943420822,21.059852171860108,20.888004498974293,20.956743240356445,36000,0.0,0.0,0.0,SPDN
2020-01-06 00:00:00-05:00,21.094224320393906,21.094224320393906,20.87941551208496,20.87941551208496,6900,0.0,0.0,0.0,SPDN
2020-01-07 00:00:00-05:00,20.92667214467469,20.963620266474795,20.914642904753965,20.93096923828125,15300,0.0,0.0,0.0,SPDN
2020-01-08 00:00:00-05:00,20.870823133992257,20.89659914030523,20.750529095374603,20.835594177246094,28900,0.0,0.0,0.0,SPDN
2020-01-09 00:00:00-05:00,20.707570861636526,20.741939421103133,20.681793212890625,20.681793212890625,12200,0.0,0.0,0.0,SPDN
2020-01-10 00:00:00-05:00,20.647421093577364,20.76255763263012,20.647421093577364,20.75912094116211,15300,0.0,0.0,0.0,SPDN
2020-01-13 00:00:00-05:00,20.70756882225108,20.70756882225108,20.621644973754883,20.621644973754883,22100,0.0,0.0,0.0,SPDN
2020-01-14 00:00:00-05:00,20.65601749140649,20.6568762547183,20.578686182950342,20.6551570892334,344500,0.0,0.0,0.0,SPDN
2020-01-15 00:00:00-05:00,20.647420652483234,20.64913817875006,20.55290426425771,20.61305046081543,16200,0.0,0.0,0.0,SPDN
2020-01-16 00:00:00-05:00,20.54431317729492,20.561498274350896,20.44550132751465,20.44550132751465,6600,0.0,0.0,0.0,SPDN
2020-01-17 00:00:00-05:00,20.38105789350212,20.413708922140597,20.363874435424805,20.363874435424805,21600,0.0,0.0,0.0,SPDN
2020-01-21 00:00:00-05:00,20.43175275080831,20.43175275080831,20.372465313664975,20.419723510742188,6000,0.0,0.0,0.0,SPDN
2020-01-22 00:00:00-05:00,20.35528155424185,20.403398513793945,20.32091136092691,20.403398513793945,5800,0.0,0.0,0.0,SPDN
2020-01-23 00:00:00-05:00,20.466979669048552,20.52283040901828,20.38105583190918,20.38105583190918,15300,0.0,0.0,0.0,SPDN
2020-01-24 00:00:00-05:00,20.37246128177856,20.64741786136961,20.37246128177856,20.58039665222168,57100,0.0,0.0,0.0,SPDN
2020-01-27 00:00:00-05:00,20.965335707782124,20.987676659047917,20.836450773040642,20.905189514160156,29000,0.0,0.0,0.0,SPDN
2020-01-28 00:00:00-05:00,20.82786158567204,20.84504668343958,20.659452216361288,20.716161727905273,65300,0.0,0.0,0.0,SPDN
2020-01-29 00:00:00-05:00,20.613052780161155,20.73334518681169,20.613052780161155,20.716161727905273,8900,0.0,0.0,0.0,SPDN
2020-01-30 00:00:00-05:00,20.853639102632464,20.905192756753344,20.656015396118164,20.656015396118164,39300,0.0,0.0,0.0,SPDN
2020-01-31 00:00:00-05:00,20.70756650284369,21.085630410564228,20.70756650284369,21.01603126525879,28600,0.0,0.0,0.0,SPDN
2020-02-03 00:00:00-05:00,20.95674681418507,20.95674681418507,20.75912310386752,20.87941551208496,18600,0.0,0.0,0.0,SPDN
2020-02-04 00:00:00-05:00,20.630235478834535,20.64312348123088,20.505645992800087,20.56149673461914,12900,0.0,0.0,0.0,SPDN
2020-02-05 00:00:00-05:00,20.355279806485623,20.449794552264382,20.329502163712757,20.33809471130371,31200,0.0,0.0,0.0,SPDN
2020-02-06 00:00:00-05:00,20.303724161500416,20.312316708939257,20.260763063167058,20.265058517456055,12100,0.0,0.0,0.0,SPDN
2020-02-07 00:00:00-05:00,20.3295059339543,20.381059590200127,20.286544826892978,20.372467041015625,11800,0.0,0.0,0.0,SPDN
2020-02-10 00:00:00-05:00,20.432612745612424,20.432612745612424,20.217803955078125,20.217803955078125,24400,0.0,0.0,0.0,SPDN
2020-02-11 00:00:00-05:00,20.114694728846402,20.183433475286684,20.080326175056754,20.174840927124023,107400,0.0,0.0,0.0,SPDN
2020-02-12 00:00:00-05:00,20.085477301455086,20.106099086099317,20.054545443919114,20.056262969970703,24600,0.0,0.0,0.0,SPDN
2020-02-13 00:00:00-05:00,20.140472220650622,20.14906476874814,20.037363282341367,20.071733474731445,17300,0.0,0.0,0.0,SPDN
2020-02-14 00:00:00-05:00,20.066577560597587,20.106101970644133,20.054548321067728,20.063140869140625,6000,0.0,0.0,0.0,SPDN
2020-02-18 00:00:00-05:00,20.08892081658888,20.186015153890757,20.08892081658888,20.123291015625,22100,0.0,0.0,0.0,SPDN
2020-02-19 00:00:00-05:00,20.054546122361256,20.054546122361256,19.977214837044478,20.02017593383789,18300,0.0,0.0,0.0,SPDN
2020-02-20 00:00:00-05:00,20.045955677266104,20.25217191344792,20.002994575967755,20.088916778564453,30000,0.0,0.0,0.0,SPDN
2020-02-21 00:00:00-05:00,20.192024960536223,20.355280089310973,20.192024960536223,20.311458587646484,16300,0.0,0.0,0.0,SPDN
2020-02-24 00:00:00-05:00,20.948154618813117,21.020331703823143,20.78490110172248,20.97393226623535,59300,0.0,0.0,0.0,SPDN
2020-02-25 00:00:00-05:00,20.88800827214957,21.66991221118621,20.88800827214957,21.609766006469727,154900,0.0,0.0,0.0,SPDN
2020-02-26 00:00:00-05:00,21.532431211959373,21.755832535295408,21.26005416954199,21.69568634033203,122300,0.0,0.0,0.0,SPDN
2020-02-27 00:00:00-05:00,22.142489899656514,22.675214767456055,21.858081967663047,22.675214767456055,370400,0.0,0.0,0.0,SPDN
2020-02-28 00:00:00-05:00,23.48289873111458,23.611783687627035,22.816132993512728,22.829879760742188,332500,0.0,0.0,0.0,SPDN
2020-03-02 00:00:00-05:00,22.632257032951404,22.898619506476155,21.824575424194336,21.824575424194336,280100,0.0,0.0,0.0,SPDN
2020-03-03 00:00:00-05:00,21.755834705211512,22.589293886721077,21.39581462377279,22.42603874206543,193700,0.0,0.0,0.0,SPDN
2020-03-04 00:00:00-05:00,21.979235153256596,22.151941602601873,21.480878829956055,21.480878829956055,198900,0.0,0.0,0.0,SPDN
2020-03-05 00:00:00-05:00,22.082346146806945,22.33925729795829,21.807389495564205,22.151084899902344,138600,0.0,0.0,0.0,SPDN
2020-03-06 00:00:00-05:00,22.90721054319433,23.104834247958056,22.511963133666885,22.58929443359375,174200,0.0,0.0,0.0,SPDN
2020-03-09 00:00:00-04:00,24.067173685823846,24.917816179423635,23.58600252192979,24.32494354248047,181500,0.0,0.0,0.0,SPDN
2020-03-10 00:00:00-04:00,23.422751920393573,24.415169173659738,23.104834172963795,23.12116050720215,146400,0.0,0.0,0.0,SPDN
2020-03-11 00:00:00-04:00,23.775037110571052,24.4882022328505,23.629825829959664,24.204654693603516,196600,0.0,0.0,0.0,SPDN
2020-03-12 00:00:00-04:00,25.991864874448897,26.95420902230423,24.917820871372495,26.60192108154297,782300,0.0,0.0,0.0,SPDN
2020-03-13 00:00:00-04:00,24.99515097489343,26.348447009570204,24.144508361816406,24.144508361816406,538000,0.0,0.0,0.0,SPDN
2020-03-16 00:00:00-04:00,27.323677934092924,27.49552562479229,25.364622782197536,26.885469436645508,565000,0.0,0.0,0.0,SPDN
2020-03-17 00:00:00-04:00,26.3957068634679,27.32368088807408,25.063892852578146,25.261516571044922,522500,0.0,0.0,0.0,SPDN
2020-03-18 00:00:00-04:00,27.126053154293356,27.813440611932652,26.069194323600076,26.52458953857422,771700,0.0,0.0,0.0,SPDN
2020-03-19 00:00:00-04:00,28.35476152514169,28.698456915323177,25.854387230851717,26.49881362915039,533900,0.0,0.0,0.0,SPDN
2020-03-20 00:00:00-04:00,26.1551213617574,27.796258912565705,26.034827312824486,27.753297805786133,1432300,0.0,0.0,0.0,SPDN
2020-03-23 00:00:00-04:00,27.90795808606891,29.05074244193696,27.69314929235435,28.61081314086914,964500,0.0,0.0,0.0,SPDN
2020-03-24 00:00:00-04:00,26.54753524074529,27.08054996147599,25.739418422513182,25.876970291137695,654800,0.018,0.0,0.0,SPDN
2020-03-25 00:00:00-04:00,25.79959060230669,26.23803768700784,24.475652153631,25.60186004638672,931600,0.0,0.0,0.0,SPDN
2020-03-26 00:00:00-04:00,25.26658000547166,25.26658000547166,23.839478276150714,23.934045791625977,1196900,0.0,0.0,0.0,SPDN
2020-03-27 00:00:00-04:00,24.759356293979536,24.914102537275866,24.011418304377177,24.690580368041992,1033600,0.0,0.0,0.0,SPDN
2020-03-30 00:00:00-04:00,24.733570186652486,24.733570186652486,23.84807856794894,23.899660110473633,462800,0.0,0.0,0.0,SPDN
2020-03-31 00:00:00-04:00,24.045806448531195,24.38109053621403,23.744912784869975,24.234941482543945,474600,0.0,0.0,0.0,SPDN
2020-04-01 00:00:00-04:00,25.25798150689007,25.55027959442278,24.845325962048843,25.326757431030273,692400,0.0,0.0,0.0,SPDN
2020-04-02 00:00:00-04:00,25.49869676110206,25.610458656973375,24.690578463849253,24.85392189025879,587000,0.0,0.0,0.0,SPDN
2020-04-03 00:00:00-04:00,24.888309167672325,25.39553216662227,24.61320386200256,25.094636917114258,314000,0.0,0.0,0.0,SPDN
2020-04-06 00:00:00-04:00,24.10598595045177,24.247835581091117,23.237688855857304,23.452613830566406,711100,0.0,0.0,0.0,SPDN
2020-04-07 00:00:00-04:00,22.549923157545457,23.46120603713971,22.54218683083159,23.383832931518555,1015400,0.0,0.0,0.0,SPDN
2020-04-08 00:00:00-04:00,23.082941326646765,23.382116507482902,22.50694236090316,22.592912673950195,453700,0.0,0.0,0.0,SPDN
2020-04-09 00:00:00-04:00,22.352200737066127,22.50694700452852,22.027233903344637,22.257633209228516,713400,0.0,0.0,0.0,SPDN
2020-04-13 00:00:00-04:00,22.403774299997785,22.807834218844583,22.31608554488379,22.463953018188477,1095800,0.0,0.0,0.0,SPDN
2020-04-14 00:00:00-04:00,22.059899918638227,22.11148145494888,21.741811865017127,21.819183349609375,655400,0.0,0.0,0.0,SPDN
2020-04-15 00:00:00-04:00,22.343603540012918,22.44160961872228,22.137275729978953,22.257633209228516,600900,0.0,0.0,0.0,SPDN
2020-04-16 00:00:00-04:00,22.231840974262067,22.42957156693283,22.068497526524368,22.18025779724121,708600,0.0,0.0,0.0,SPDN
2020-04-17 00:00:00-04:00,21.630046091378958,21.887955366591676,21.501091453772602,21.535478591918945,512900,0.0,0.0,0.0,SPDN
2020-04-20 00:00:00-04:00,21.89655530372377,21.965331228378187,21.587064462652588,21.91374969482422,457200,0.0,0.0,0.0,SPDN
2020-04-21 00:00:00-04:00,22.36939471116639,22.678885600532524,22.249035594429007,22.56712532043457,608400,0.0,0.0,0.0,SPDN
2020-04-22 00:00:00-04:00,22.20604936239082,22.283422488093205,21.96533278912258,22.120079040527344,462700,0.0,0.0,0.0,SPDN
2020-04-23 00:00:00-04:00,22.09428944670368,22.13727378845215,21.73665395144512,22.13727378845215,628100,0.0,0.0,0.0,SPDN
2020-04-24 00:00:00-04:00,22.016914706137715,22.15876433530952,21.750406559637515,21.81058692932129,439000,0.0,0.0,0.0,SPDN
2020-04-27 00:00:00-04:00,21.698824682420742,21.698824682420742,21.406526593280383,21.466705322265625,345900,0.0,0.0,0.0,SPDN
2020-04-28 00:00:00-04:00,21.131420586393787,21.604254810828145,21.114226197205976,21.595659255981445,417200,0.0,0.0,0.0,SPDN
2020-04-29 00:00:00-04:00,21.062646837736242,21.22599027234183,20.88640842978589,21.00246810913086,739900,0.0,0.0,0.0,SPDN
2020-04-30 00:00:00-04:00,21.148618366794253,21.33775175894638,21.079842438761894,21.19160270690918,796300,0.0,0.0,0.0,SPDN
2020-05-01 00:00:00-04:00,21.638643278888622,21.870762610353676,21.532040035149617,21.801986694335938,762300,0.0,0.0,0.0,SPDN
2020-05-04 00:00:00-04:00,21.982529394156924,22.055604749008108,21.698828451273993,21.733217239379883,624500,0.0,0.0,0.0,SPDN
2020-05-05 00:00:00-04:00,21.440912697115014,21.5526729455917,21.286166476341776,21.475299835205078,443800,0.0,0.0,0.0,SPDN
2020-05-06 00:00:00-04:00,21.380737344806754,21.664438247680664,21.346348561550553,21.664438247680664,330700,0.0,0.0,0.0,SPDN
2020-05-07 00:00:00-04:00,21.363545681336088,21.440918813795772,21.251783761228705,21.38933563232422,643600,0.0,0.0,0.0,SPDN
2020-05-08 00:00:00-04:00,21.148617959686025,21.234588278008424,21.02825885813569,21.05405044555664,695400,0.0,0.0,0.0,SPDN
2020-05-11 00:00:00-04:00,21.277572617295906,21.277572617295906,20.92509578794676,21.05405044555664,764400,0.0,0.0,0.0,SPDN
2020-05-12 00:00:00-04:00,20.97667886585337,21.483901977539062,20.925097326965137,21.483901977539062,820800,0.0,0.0,0.0,SPDN
2020-05-13 00:00:00-04:00,21.561271731366727,22.038405400716364,21.434896406956884,21.844972610473633,851100,0.0,0.0,0.0,SPDN
2020-05-14 00:00:00-04:00,22.08568945461689,22.240435688918375,21.578466415405273,21.578466415405273,868400,0.0,0.0,0.0,SPDN
2020-05-15 00:00:00-04:00,21.810585373791966,21.85356970932447,21.492495715710643,21.5010929107666,457000,0.0,0.0,0.0,SPDN
2020-05-18 00:00:00-04:00,20.959478716488643,20.993867492801016,20.710166647212368,20.813329696655273,955700,0.0,0.0,0.0,SPDN
2020-05-19 00:00:00-04:00,20.85631649351257,21.028255462646484,20.735959051144114,21.028255462646484,661500,0.0,0.0,0.0,SPDN
2020-05-20 00:00:00-04:00,20.7101710768978,20.78324478257062,20.615603561558896,20.667186737060547,414700,0.0,0.0,0.0,SPDN
2020-05-21 00:00:00-04:00,20.68437844040138,20.903602825799574,20.641394102743533,20.83912467956543,528000,0.0,0.0,0.0,SPDN
2020-05-22 00:00:00-04:00,20.864915100476335,20.93369102073543,20.770347595214844,20.770347595214844,307500,0.0,0.0,0.0,SPDN
2020-05-26 00:00:00-04:00,20.314706386939516,20.538228540890376,20.297513636441224,20.503841400146484,615500,0.0,0.0,0.0,SPDN
2020-05-27 00:00:00-04:00,20.288920985248964,20.667189456633047,20.2115478515625,20.2115478515625,521400,0.0,0.0,0.0,SPDN
2020-05-28 00:00:00-04:00,20.11697697063247,20.297514799057627,19.99919883417328,20.24593162536621,542700,0.0,0.0,0.0,SPDN
2020-05-29 00:00:00-04:00,20.314706292689987,20.47804971977073,20.126432147691904,20.159961700439453,472600,0.0,0.0,0.0,SPDN
2020-06-01 00:00:00-04:00,20.237337486987094,20.245933043456994,20.039605253481664,20.091188430786133,384600,0.0,0.0,0.0,SPDN
2020-06-02 00:00:00-04:00,19.996621710229853,20.10838198602165,19.919248580932617,19.919248580932617,376100,0.0,0.0,0.0,SPDN
2020-06-03 00:00:00-04:00,19.77309794126501,19.841873868514295,19.592561747140934,19.652740478515625,491900,0.0,0.0,0.0,SPDN
2020-06-04 00:00:00-04:00,19.69572484345821,19.84187389401923,19.605456746280137,19.712919235229492,299500,0.0,0.0,0.0,SPDN
2020-06-05 00:00:00-04:00,19.291660313917696,19.394823352102136,19.07673540466203,19.188495635986328,797100,0.0,0.0,0.0,SPDN
2020-06-08 00:00:00-04:00,19.11112620559588,19.171304929378447,18.947784423828125,18.947784423828125,307800,0.0,0.0,0.0,SPDN
2020-06-09 00:00:00-04:00,19.0939341486221,19.18850166311738,19.007965469714513,19.085338592529297,262200,0.0,0.0,0.0,SPDN
2020-06-10 00:00:00-04:00,19.03375245492591,19.253836042887873,19.00366309404211,19.19709587097168,370500,0.0,0.0,0.0,SPDN
2020-06-11 00:00:00-04:00,19.721514332428356,20.349094807568537,19.626946827497243,20.32330322265625,1412600,0.0,0.0,0.0,SPDN
2020-06-12 00:00:00-04:00,19.755902873322235,20.45226095760258,19.747305677741902,20.06539535522461,1402200,0.0,0.0,0.0,SPDN
2020-06-15 00:00:00-04:00,20.538230441523545,20.568319807364198,19.807486825682066,19.893455505371094,790500,0.0,0.0,0.0,SPDN
2020-06-16 00:00:00-04:00,19.317458301363974,19.841875823142427,19.30886110464247,19.489398956298828,951200,0.0,0.0,0.0,SPDN
2020-06-17 00:00:00-04:00,19.420618838374377,19.63554379086657,19.41202164350502,19.57536506652832,264100,0.0,0.0,0.0,SPDN
2020-06-18 00:00:00-04:00,19.704319710074184,19.712916904943544,19.540976287050885,19.57536506652832,280400,0.0,0.0,0.0,SPDN
2020-06-19 00:00:00-04:00,19.317457596341406,19.764501971058312,19.317457596341406,19.678531646728516,401700,0.0,0.0,0.0,SPDN
2020-06-22 00:00:00-04:00,19.755903947396657,19.798889927635344,19.540978965445653,19.566770553588867,331200,0.0,0.0,0.0,SPDN
2020-06-23 00:00:00-04:00,19.403423702861723,19.480796813964844,19.317453397219676,19.480796813964844,821200,0.0,0.0,0.0,SPDN
2020-06-24 00:00:00-04:00,19.62694713939232,20.082588641599756,19.57106619106799,19.953632354736328,644600,0.0,0.0,0.0,SPDN
2020-06-25 00:00:00-04:00,20.022409625078364,20.142767075340767,19.73440933227539,19.73440933227539,379700,0.0,0.0,0.0,SPDN
2020-06-26 00:00:00-04:00,19.833279380178418,20.254532197056015,19.816084986081943,20.2115478515625,403600,0.0,0.0,0.0,SPDN
2020-06-29 00:00:00-04:00,20.134172791393482,20.2734447466528,19.927845001220703,19.927845001220703,316000,0.0,0.0,0.0,SPDN
2020-06-30 00:00:00-04:00,19.96223211940888,19.96223211940888,19.55387595760155,19.64414405822754,398800,0.0,0.0,0.0,SPDN
2020-07-01 00:00:00-04:00,19.592563341106043,19.618353291080528,19.446414278842838,19.53238296508789,438200,0.0,0.0,0.0,SPDN
2020-07-02 00:00:00-04:00,19.326055478777594,19.459309568206358,19.20569800429201,19.42922019958496,330100,0.0,0.0,0.0,SPDN
2020-07-06 00:00:00-04:00,19.136917888804103,19.211711680141196,19.1025291094666,19.128320693969727,293800,0.0,0.0,0.0,SPDN
2020-07-07 00:00:00-04:00,19.24008330027458,19.343248011156295,19.093934249711502,19.326053619384766,206600,0.0,0.0,0.0,SPDN
2020-07-08 00:00:00-04:00,19.28306581539448,19.377633313400857,19.171303928705644,19.179901123046875,181100,0.0,0.0,0.0,SPDN
2020-07-09 00:00:00-04:00,19.145515859815085,19.49799266357796,19.119724274266343,19.28306770324707,477600,0.0,0.0,0.0,SPDN
2020-07-10 00:00:00-04:00,19.283069961552936,19.369040283703033,19.06814497605145,19.07674217224121,274900,0.0,0.0,0.0,SPDN
2020-07-13 00:00:00-04:00,18.939186629266075,19.28306621123869,18.775843212923885,19.257274627685547,475900,0.0,0.0,0.0,SPDN
2020-07-14 00:00:00-04:00,19.360443492468896,19.420622227308446,18.978736500346542,18.990772247314453,649000,0.0,0.0,0.0,SPDN
2020-07-15 00:00:00-04:00,18.767247825495264,18.964978399200497,18.750053434804197,18.810232162475586,307500,0.0,0.0,0.0,SPDN
2020-07-16 00:00:00-04:00,18.921992538378333,18.97357406655018,18.861813815553308,18.887603759765625,135200,0.0,0.0,0.0,SPDN
2020-07-17 00:00:00-04:00,18.80163505888586,18.939186893594677,18.784440669610458,18.827425003051758,205500,0.0,0.0,0.0,SPDN
2020-07-20 00:00:00-04:00,18.861817984231628,18.88760793414382,18.633996374939276,18.6812801361084,257100,0.0,0.0,0.0,SPDN
2020-07-21 00:00:00-04:00,18.517937528765795,18.68987653323379,18.517937528765795,18.629697799682617,351100,0.0,0.0,0.0,SPDN
2020-07-22 00:00:00-04:00,18.672679479640074,18.672679479640074,18.513635472243504,18.535127639770508,161800,0.0,0.0,0.0,SPDN
2020-07-23 00:00:00-04:00,18.56951421126062,18.82742347040778,18.50933549344276,18.741453170776367,348600,0.0,0.0,0.0,SPDN
2020-07-24 00:00:00-04:00,18.861817537537064,18.956383417888176,18.80163880283703,18.87041473388672,206000,0.0,0.0,0.0,SPDN
2020-07-27 00:00:00-04:00,18.836025547036233,18.861817135535496,18.72426527636776,18.73286247253418,234600,0.0,0.0,0.0,SPDN
2020-07-28 00:00:00-04:00,18.77584460435198,18.861814916152966,18.70706868286066,18.836023330688477,87400,0.0,0.0,0.0,SPDN
2020-07-29 00:00:00-04:00,18.775846496667445,18.793040888710035,18.586713103441404,18.612503051757812,144700,0.0,0.0,0.0,SPDN
2020-07-30 00:00:00-04:00,18.81883314035295,18.93059506256137,18.66408687252448,18.689878463745117,161300,0.0,0.0,0.0,SPDN
2020-07-31 00:00:00-04:00,18.552323162892613,18.83602405492085,18.543725967407227,18.543725967407227,162200,0.0,0.0,0.0,SPDN
2020-08-03 00:00:00-04:00,18.423367321273396,18.466351656179235,18.37178579143694,18.414770126342773,238700,0.0,0.0,0.0,SPDN
2020-08-04 00:00:00-04:00,18.449158013190058,18.453457430703057,18.34599494934082,18.34599494934082,151700,0.0,0.0,0.0,SPDN
2020-08-05 00:00:00-04:00,18.24283209581528,18.268623684266874,18.208444950960654,18.22563934326172,155800,0.0,0.0,0.0,SPDN
2020-08-06 00:00:00-04:00,18.234233442771913,18.265183674390443,18.096681594848633,18.096681594848633,183000,0.0,0.0,0.0,SPDN
2020-08-07 00:00:00-04:00,18.148263900182148,18.199845430751047,18.07948797950785,18.088085174560547,161400,0.0,0.0,0.0,SPDN
2020-08-10 00:00:00-04:00,18.062293290139074,18.17147422203008,18.025325188050243,18.027904510498047,105400,0.0,0.0,0.0,SPDN
2020-08-11 00:00:00-04:00,17.97632375231557,18.221338078658313,17.93333941566669,18.18265151977539,194300,0.0,0.0,0.0,SPDN
2020-08-12 00:00:00-04:00,18.036503395641294,18.036503395641294,17.88175715224965,17.929040908813477,435000,0.0,0.0,0.0,SPDN
2020-08-13 00:00:00-04:00,17.959129333496094,18.002115309824664,17.882617083201705,17.959129333496094,74100,0.0,0.0,0.0,SPDN
2020-08-14 00:00:00-04:00,17.98491936859671,18.01071095217005,17.933337841197226,17.976322174072266,61000,0.0,0.0,0.0,SPDN
2020-08-17 00:00:00-04:00,17.89035338153073,17.91786342248712,17.881756186279233,17.898950576782227,83800,0.0,0.0,0.0,SPDN
2020-08-18 00:00:00-04:00,17.864564895629883,17.96343018948155,17.843071085870747,17.864564895629883,86500,0.0,0.0,0.0,SPDN
2020-08-19 00:00:00-04:00,17.821580065116652,17.959131929758602,17.817282286736155,17.93334197998047,102400,0.0,0.0,0.0,SPDN
2020-08-20 00:00:00-04:00,18.045104245922875,18.045104245922875,17.860268599965593,17.890357971191406,80200,0.0,0.0,0.0,SPDN
2020-08-21 00:00:00-04:00,17.907550079408182,17.907550079408182,17.808684780898254,17.8129825592041,85500,0.0,0.0,0.0,SPDN
2020-08-24 00:00:00-04:00,17.69262310974659,17.722712473762954,17.632444381713867,17.632444381713867,174100,0.0,0.0,0.0,SPDN
2020-08-25 00:00:00-04:00,17.589458465576172,17.666831584670863,17.572265714469744,17.589458465576172,153500,0.0,0.0,0.0,SPDN
2020-08-26 00:00:00-04:00,17.555070095158506,17.57226448480908,17.38312947814728,17.40032386779785,234100,0.0,0.0,0.0,SPDN
2020-08-27 00:00:00-04:00,17.365936279296875,17.42611500177088,17.27996597301378,17.365936279296875,240600,0.0,0.0,0.0,SPDN
2020-08-28 00:00:00-04:00,17.297161938187134,17.3573406661441,17.23698157048281,17.24557876586914,103000,0.0,0.0,0.0,SPDN
2020-08-31 00:00:00-04:00,17.262773513793945,17.305757851867558,17.21119198015613,17.262773513793945,68500,0.0,0.0,0.0,SPDN
2020-09-01 00:00:00-04:00,17.262775379124108,17.300602715744546,17.142417907714844,17.142417907714844,115700,0.0,0.0,0.0,SPDN
2020-09-02 00:00:00-04:00,17.030657204217,17.09943314130593,16.854418762942394,16.88450813293457,290300,0.0,0.0,0.0,SPDN
2020-09-03 00:00:00-04:00,16.979075245513673,17.60665586104892,16.966180270046454,17.47770118713379,571200,0.0,0.0,0.0,SPDN
2020-09-04 00:00:00-04:00,17.43471345335107,18.010712415303793,17.357340336092697,17.615249633789062,463700,0.0,0.0,0.0,SPDN
2020-09-08 00:00:00-04:00,17.933340153721296,18.116455665438096,17.864564228404184,18.113876342773438,428000,0.0,0.0,0.0,SPDN
2020-09-09 00:00:00-04:00,17.84736904574344,17.90754777275902,17.59805530268195,17.735607147216797,193700,0.0,0.0,0.0,SPDN
2020-09-10 00:00:00-04:00,17.649636609003352,18.096679236625086,17.60665063728683,18.062292098999023,241500,0.0,0.0,0.0,SPDN
2020-09-11 00:00:00-04:00,17.959131617997016,18.19984819681549,17.890355686869956,18.0365047454834,219300,0.0,0.0,0.0,SPDN
2020-09-14 00:00:00-04:00,17.864566516053873,17.877461491281036,17.709820254337465,17.804386138916016,226200,0.0,0.0,0.0,SPDN
2020-09-15 00:00:00-04:00,17.649637256141432,17.76999470186638,17.615248477507322,17.709815979003906,77000,0.0,0.0,0.0,SPDN
2020-09-16 00:00:00-04:00,17.658237857052338,17.79578971862793,17.576565311915402,17.79578971862793,99500,0.0,0.0,0.0,SPDN
2020-09-17 00:00:00-04:00,18.070891141765603,18.07948833698829,17.86456337566305,17.941936492919922,134800,0.0,0.0,0.0,SPDN
2020-09-18 00:00:00-04:00,17.89895095805878,18.268622163011052,17.799226442562325,18.139667510986328,97000,0.0,0.0,0.0,SPDN
2020-09-21 00:00:00-04:00,18.431965262380075,18.62969583454723,18.34599494934082,18.34599494934082,275600,0.0,0.0,0.0,SPDN
2020-09-22 00:00:00-04:00,18.268622611844258,18.397577267037207,18.131070761005457,18.174055099487305,69700,0.0,0.0,0.0,SPDN
2020-09-23 00:00:00-04:00,18.131072796599085,18.60820655015394,18.11387840337695,18.584135055541992,106400,0.0,0.0,0.0,SPDN
2020-09-24 00:00:00-04:00,18.68127781567865,18.74145654432898,18.351154035726182,18.543725967407227,210200,0.0,0.0,0.0,SPDN
2020-09-25 00:00:00-04:00,18.603906225164913,18.630557041435903,18.191250646433318,18.24283218383789,109900,0.0,0.0,0.0,SPDN
2020-09-28 00:00:00-04:00,18.002116776290716,18.036503920407444,17.898952064445606,17.92474365234375,110000,0.0,0.0,0.0,SPDN
2020-09-29 00:00:00-04:00,17.950530267649917,18.062292154710438,17.90754593554797,18.019306182861328,51900,0.0,0.0,0.0,SPDN
2020-09-30 00:00:00-04:00,17.976328306014196,17.989223282325902,17.709821743836528,17.890357971191406,257600,0.0,0.0,0.0,SPDN
2020-10-01 00:00:00-04:00,17.73561011818785,17.881759182456623,17.696923552947656,17.787193298339844,148800,0.0,0.0,0.0,SPDN
2020-10-02 00:00:00-04:00,18.07089009223944,18.07948728696282,17.843929398733387,17.950531005859375,382900,0.0,0.0,0.0,SPDN
2020-10-05 00:00:00-04:00,17.812979421421648,17.821576616266476,17.62384605407715,17.62384605407715,82100,0.0,0.0,0.0,SPDN
2020-10-06 00:00:00-04:00,17.606655466655965,17.907550792216245,17.503492385733793,17.84737205505371,301400,0.0,0.0,0.0,SPDN
2020-10-07 00:00:00-04:00,17.692629625712758,17.692629625712758,17.520688933940857,17.563674926757812,160200,0.0,0.0,0.0,SPDN
2020-10-08 00:00:00-04:00,17.443309065857097,17.48629339832387,17.408920288085938,17.408920288085938,78900,0.0,0.0,0.0,SPDN
2020-10-09 00:00:00-04:00,17.33154943856016,17.355620930240967,17.236981927101343,17.262773513793945,151200,0.0,0.0,0.0,SPDN
2020-10-12 00:00:00-04:00,17.133818029099523,17.142415224246893,16.910295874509856,16.987668991088867,160800,0.0,0.0,0.0,SPDN
2020-10-13 00:00:00-04:00,16.996267699894528,17.138117333090726,16.996267699894528,17.073640823364258,97200,0.0,0.0,0.0,SPDN
2020-10-14 00:00:00-04:00,17.056443821072914,17.22838443352314,17.00486229323673,17.202592849731445,66500,0.0,0.0,0.0,SPDN
2020-10-15 00:00:00-04:00,17.417521231854636,17.442451953282337,17.19399904746785,17.2283878326416,182000,0.0,0.0,0.0,SPDN
2020-10-16 00:00:00-04:00,17.151013667346678,17.236982345581055,17.05816460889808,17.236982345581055,55700,0.0,0.0,0.0,SPDN
2020-10-19 00:00:00-04:00,17.17680169674982,17.520681290527882,17.13381736243278,17.503488540649414,95700,0.0,0.0,0.0,SPDN
2020-10-20 00:00:00-04:00,17.426114676971515,17.447606843204905,17.24557687316728,17.408920288085938,175700,0.0,0.0,0.0,SPDN
2020-10-21 00:00:00-04:00,17.417520966669596,17.46824327620535,17.305759056304034,17.451908111572266,117500,0.0,0.0,0.0,SPDN
2020-10-22 00:00:00-04:00,17.426117694060157,17.546475157603076,17.326391533055343,17.357341766357422,97100,0.0,0.0,0.0,SPDN
2020-10-23 00:00:00-04:00,17.271371421886922,17.426117668931795,17.271371421886922,17.297163009643555,54100,0.0,0.0,0.0,SPDN
2020-10-26 00:00:00-04:00,17.48629575457827,17.804383793087542,17.43901199864509,17.606653213500977,391900,0.0,0.0,0.0,SPDN
2020-10-27 00:00:00-04:00,17.589458849431633,17.684026361443866,17.58086329356452,17.666831970214844,118100,0.0,0.0,0.0,SPDN
2020-10-28 00:00:00-04:00,18.00211530787839,18.30301058315652,17.967726526819252,18.285816192626953,557400,0.0,0.0,0.0,SPDN
2020-10-29 00:00:00-04:00,18.260025029162794,18.36318973497894,17.91614540935459,18.096681594848633,1078600,0.0,0.0,0.0,SPDN
2020-10-30 00:00:00-04:00,18.182649235110663,18.492141667286084,18.105276127066805,18.268619537353516,1214400,0.0,0.0,0.0,SPDN
2020-11-02 00:00:00-05:00,18.079486846923828,18.238530846067263,17.959127763473198,18.079486846923828,925900,0.0,0.0,0.0,SPDN
2020-11-03 00:00:00-05:00,17.873161350491266,17.909268588153115,17.637603438306286,17.769996643066406,530100,0.0,0.0,0.0,SPDN
2020-11-04 00:00:00-05:00,17.512085308053976,17.555069641321918,17.125219749653652,17.365936279296875,958600,0.0,0.0,0.0,SPDN
2020-11-05 00:00:00-05:00,17.056446406404696,17.082237994105753,16.92405319698367,17.01346206665039,932600,0.0,0.0,0.0,SPDN
2020-11-06 00:00:00-05:00,17.030654818703642,17.142416725660766,16.961878891248276,17.01346206665039,991000,0.0,0.0,0.0,SPDN
2020-11-09 00:00:00-05:00,16.334299436931968,16.824328157680316,16.334299436931968,16.798538208007812,2238300,0.0,0.0,0.0,SPDN
2020-11-10 00:00:00-05:00,16.850114462016535,16.99626347672843,16.789935745325824,16.83292007446289,1323500,0.0,0.0,0.0,SPDN
2020-11-11 00:00:00-05:00,16.712567151541407,16.781343080570487,16.66958117105605,16.703969955444336,334300,0.0,0.0,0.0,SPDN
2020-11-12 00:00:00-05:00,16.772744830760352,16.953281018214565,16.721163297165916,16.87590789794922,593000,0.0,0.0,0.0,SPDN
2020-11-13 00:00:00-05:00,16.78134768741599,16.785645466770614,16.596512019956265,16.63519859313965,543100,0.0,0.0,0.0,SPDN
2020-11-16 00:00:00-05:00,16.489041110676293,16.566414217682365,16.420265197753906,16.420265197753906,430400,0.0,0.0,0.0,SPDN
2020-11-17 00:00:00-05:00,16.54062225848465,16.60939816983969,16.463249153241843,16.506235122680664,156500,0.0,0.0,0.0,SPDN
2020-11-18 00:00:00-05:00,16.489044972260025,16.703969955444336,16.47528913055521,16.703969955444336,206100,0.0,0.0,0.0,SPDN
2020-11-19 00:00:00-05:00,16.74695732841086,16.807136072238922,16.626599840754743,16.65239143371582,230000,0.0,0.0,0.0,SPDN
2020-11-20 00:00:00-05:00,16.652389985113338,16.75555306848785,16.652389985113338,16.74695587158203,277400,0.0,0.0,0.0,SPDN
2020-11-23 00:00:00-05:00,16.66098135749965,16.77704102695577,16.592205439275347,16.669578552246094,1034800,0.0,0.0,0.0,SPDN
2020-11-24 00:00:00-05:00,16.523430586910155,16.566416563415217,16.36868599073395,16.39447593688965,505400,0.0,0.0,0.0,SPDN
2020-11-25 00:00:00-05:00,16.403073489326257,16.463252217996246,16.394476293838064,16.411670684814453,370100,0.0,0.0,0.0,SPDN
2020-11-27 00:00:00-05:00,16.351492346968737,16.41167107707708,16.325700759887695,16.325700759887695,247300,0.0,0.0,0.0,SPDN
2020-11-30 00:00:00-05:00,16.385874878684525,16.56641265795005,16.385874878684525,16.437458038330078,720000,0.0,0.0,0.0,SPDN
2020-12-01 00:00:00-05:00,16.29131090463807,16.31538239267392,16.188146213236468,16.27411651611328,679500,0.0,0.0,0.0,SPDN
2020-12-02 00:00:00-05:00,16.308502838521537,16.334294420019983,16.2225341796875,16.2225341796875,1174900,0.0,0.0,0.0,SPDN
2020-12-03 00:00:00-05:00,16.213942791323984,16.27412152995388,16.162359609857518,16.23973274230957,898300,0.0,0.0,0.0,SPDN
2020-12-04 00:00:00-05:00,16.222538455051232,16.222538455051232,16.093582153320312,16.093582153320312,487500,0.0,0.0,0.0,SPDN
2020-12-07 00:00:00-05:00,16.119374097533505,16.179552831804692,16.10217970495673,16.110776901245117,490800,0.0,0.0,0.0,SPDN
2020-12-08 00:00:00-05:00,16.179551246410295,16.179551246410295,16.059193789661453,16.067790985107422,322200,0.0,0.0,0.0,SPDN
2020-12-09 00:00:00-05:00,16.03340184590202,16.25692400327231,16.03340184590202,16.213939666748047,747700,0.0,0.0,0.0,SPDN
2020-12-10 00:00:00-05:00,16.28271289677015,16.325697226187167,16.17954821052342,16.2225341796875,458100,0.0,0.0,0.0,SPDN
2020-12-11 00:00:00-05:00,16.299911480939464,16.377284613391517,16.23113554539849,16.23973274230957,312400,0.0,0.0,0.0,SPDN
2020-12-14 00:00:00-05:00,16.13656849210958,16.334299087524414,16.093582510662312,16.334299087524414,607300,0.0,0.0,0.0,SPDN
2020-12-15 00:00:00-05:00,16.205344062854113,16.256925599697986,16.093582153320312,16.093582153320312,562000,0.0,0.0,0.0,SPDN
2020-12-16 00:00:00-05:00,16.07638818055339,16.127969713481843,16.02910442547424,16.067790985107422,418400,0.0,0.0,0.0,SPDN
2020-12-17 00:00:00-05:00,15.981821238391552,16.03340277315322,15.973224042640036,15.990418434143066,1850000,0.0,0.0,0.0,SPDN
2020-12-18 00:00:00-05:00,15.95603139706844,16.13656924811012,15.95603139706844,16.042001724243164,691700,0.0,0.0,0.0,SPDN
2020-12-21 00:00:00-05:00,16.19674686675555,16.351493117034664,16.067792204772122,16.093582153320312,1010900,0.0,0.0,0.0,SPDN
2020-12-22 00:00:00-05:00,16.084986273935066,16.179553799013018,16.084986273935066,16.140867233276367,519800,0.0,0.0,0.0,SPDN
2020-12-23 00:00:00-05:00,16.093579056695283,16.127967834472656,16.029102557983474,16.127967834472656,894600,0.0,0.0,0.0,SPDN
2020-12-24 00:00:00-05:00,16.093583264648956,16.119374854725656,16.042001724243164,16.042001724243164,243600,0.0,0.0,0.0,SPDN
2020-12-28 00:00:00-05:00,15.921645164489746,15.960331731952913,15.895853572931735,15.921645164489746,710000,0.0,0.0,0.0,SPDN
2020-12-29 00:00:00-05:00,15.835675268566852,15.968929368998811,15.835675268566852,15.956032752990723,194900,0.0,0.0,0.0,SPDN
2020-12-30 00:00:00-05:00,15.913045285954446,15.938836873166574,15.878656503004944,15.9302396774292,997100,0.0,0.0,0.0,SPDN
2020-12-31 00:00:00-05:00,15.921644615034177,15.956031762843793,15.818479892110043,15.835674285888672,2228900,0.0,0.0,0.0,SPDN
2021-01-04 00:00:00-05:00,15.775495185774362,16.222539575284845,15.775495185774362,16.042001724243164,956200,0.0,0.0,0.0,SPDN
2021-01-05 00:00:00-05:00,16.093584632260214,16.093584632260214,15.895854010778788,15.956032752990723,569300,0.0,0.0,0.0,SPDN
2021-01-06 00:00:00-05:00,16.024802272091108,16.033399466069348,15.70671429363168,15.852863311767578,1261700,0.0,0.0,0.0,SPDN
2021-01-07 00:00:00-05:00,15.741104068928971,15.741104068928971,15.586357830870295,15.620746612548828,423700,0.0,0.0,0.0,SPDN
2021-01-08 00:00:00-05:00,15.569165291341955,15.698119944894048,15.521881535765132,15.526179313659668,488100,0.0,0.0,0.0,SPDN
2021-01-11 00:00:00-05:00,15.65513375448,15.663730949899632,15.560567884358756,15.620746612548828,393800,0.0,0.0,0.0,SPDN
2021-01-12 00:00:00-05:00,15.637943267822266,15.72821137317854,15.586360087835024,15.637943267822266,872800,0.0,0.0,0.0,SPDN
2021-01-13 00:00:00-05:00,15.629344137618148,15.655134084673639,15.544233048991792,15.577762603759766,442400,0.0,0.0,0.0,SPDN
2021-01-14 00:00:00-05:00,15.56056841704404,15.65513429040256,15.534776829902217,15.646538734436035,407300,0.0,0.0,0.0,SPDN
2021-01-15 00:00:00-05:00,15.72391285997156,15.83567313189304,15.68092687865751,15.766897201538086,602600,0.0,0.0,0.0,SPDN
2021-01-19 00:00:00-05:00,15.655136021403747,15.69812200472645,15.605274576396052,15.637943267822266,313200,0.0,0.0,0.0,SPDN
2021-01-20 00:00:00-05:00,15.534778555411894,15.54337575208076,15.380032294867505,15.414421081542969,460000,0.0,0.0,0.0,SPDN
2021-01-21 00:00:00-05:00,15.380028309559876,15.440207030900693,15.371431115118734,15.4058198928833,501600,0.0,0.0,0.0,SPDN
2021-01-22 00:00:00-05:00,15.491791785633259,15.491791785633259,15.410119249943632,15.448805809020996,342900,0.0,0.0,0.0,SPDN
2021-01-25 00:00:00-05:00,15.423016789337158,15.629344570229108,15.388628005981445,15.388628005981445,693400,0.0,0.0,0.0,SPDN
2021-01-26 00:00:00-05:00,15.345641171542484,15.427312059112568,15.345641171542484,15.4058198928833,513800,0.0,0.0,0.0,SPDN
2021-01-27 00:00:00-05:00,15.551969745434116,15.887252147722133,15.551969745434116,15.784089088439941,2043200,0.0,0.0,0.0,SPDN
2021-01-28 00:00:00-05:00,15.715314749588604,15.715314749588604,15.47631828252589,15.663731575012207,1073000,0.0,0.0,0.0,SPDN
2021-01-29 00:00:00-05:00,15.732510121800514,16.04200266181879,15.706720169964125,15.981823921203613,1687700,0.0,0.0,0.0,SPDN
2021-02-01 00:00:00-05:00,15.827073210441686,15.913043518519443,15.655132594286174,15.715312957763672,504000,0.0,0.0,0.0,SPDN
2021-02-02 00:00:00-05:00,15.56916675988619,15.56916675988619,15.423017701475837,15.491793632507324,822900,0.0,0.0,0.0,SPDN
2021-02-03 00:00:00-05:00,15.457402587053164,15.526178508028757,15.405821056258295,15.474596977233887,1431500,0.0,0.0,0.0,SPDN
2021-02-04 00:00:00-05:00,15.423014391457901,15.431611585960189,15.294059753417969,15.294059753417969,1208900,0.0,0.0,0.0,SPDN
2021-02-05 00:00:00-05:00,15.225285884846214,15.285466260937445,15.212390909843315,15.242480278015137,743400,0.0,0.0,0.0,SPDN
2021-02-08 00:00:00-05:00,15.165103716034153,15.20808968922702,15.12641716003418,15.12641716003418,915200,0.0,0.0,0.0,SPDN
2021-02-09 00:00:00-05:00,15.165103641857304,15.173700836453826,15.113522114025375,15.139313697814941,654700,0.0,0.0,0.0,SPDN
2021-02-10 00:00:00-05:00,15.053345110743388,15.23388129864662,15.053345110743388,15.130718231201172,1855100,0.0,0.0,0.0,SPDN
2021-02-11 00:00:00-05:00,15.096330222855727,15.2080921313568,15.087733026836608,15.122121810913086,1497000,0.0,0.0,0.0,SPDN
2021-02-12 00:00:00-05:00,15.156507431308896,15.156507431308896,15.031852200934,15.036149978637695,979800,0.0,0.0,0.0,SPDN
2021-02-16 00:00:00-05:00,14.984570525268541,15.079138045336002,14.984570525268541,15.04474925994873,1540700,0.0,0.0,0.0,SPDN
2021-02-17 00:00:00-05:00,15.130719583669373,15.165106729309107,15.04474925994873,15.04474925994873,973800,0.0,0.0,0.0,SPDN
2021-02-18 00:00:00-05:00,15.173703347280323,15.225284883647562,15.087733026836608,15.122121810913086,1238600,0.0,0.0,0.0,SPDN
2021-02-19 00:00:00-05:00,15.053342622122452,15.156505672512969,15.053342622122452,15.147910118103027,1295600,0.0,0.0,0.0,SPDN
2021-02-22 00:00:00-05:00,15.26826936008944,15.26826936008944,15.16510465776738,15.259672164916992,1299600,0.0,0.0,0.0,SPDN
2021-02-23 00:00:00-05:00,15.36283764780187,15.51930234454714,15.186599237180564,15.251075744628906,1637000,0.0,0.0,0.0,SPDN
2021-02-24 00:00:00-05:00,15.276869361848734,15.319853705860519,15.0533471655427,15.07913875579834,993900,0.0,0.0,0.0,SPDN
2021-02-25 00:00:00-05:00,15.113523215321795,15.491791606396504,15.07913607417718,15.440208435058594,1761600,0.0,0.0,0.0,SPDN
2021-02-26 00:00:00-05:00,15.36283751770913,15.594955238203942,15.311254344490386,15.526179313659668,1881500,0.0,0.0,0.0,SPDN
2021-03-01 00:00:00-05:00,15.302654693688805,15.302654693688805,15.087729759003585,15.147910118103027,1103900,0.0,0.0,0.0,SPDN
2021-03-02 00:00:00-05:00,15.13931471199735,15.259672164916992,15.122120321652455,15.259672164916992,1899000,0.0,0.0,0.0,SPDN
2021-03-03 00:00:00-05:00,15.29406345191103,15.466002464294434,15.251077469004493,15.466002464294434,1734200,0.0,0.0,0.0,SPDN
2021-03-04 00:00:00-05:00,15.474598099652045,15.844269316614431,15.362837834865644,15.646538734436035,3624100,0.0,0.0,0.0,SPDN
2021-03-05 00:00:00-05:00,15.49179226742284,15.809880305509298,15.319851635121179,15.354240417480469,1233900,0.0,0.0,0.0,SPDN
2021-03-08 00:00:00-05:00,15.311253786208471,15.440208435058594,15.208090723027302,15.440208435058594,1500100,0.0,0.0,0.0,SPDN
2021-03-09 00:00:00-05:00,15.268269509213109,15.287182354928825,15.104926078835868,15.208090782165527,720800,0.0,0.0,0.0,SPDN
2021-03-10 00:00:00-05:00,15.113523483276369,15.173702211156874,15.05764253320989,15.113523483276367,1442900,0.0,0.0,0.0,SPDN
2021-03-11 00:00:00-05:00,15.01035931858967,15.040450323359947,14.890001858498213,14.975972175598145,1496600,0.0,0.0,0.0,SPDN
2021-03-12 00:00:00-05:00,15.018954838858178,15.044746423035242,14.941581726074219,14.941581726074219,1399100,0.0,0.0,0.0,SPDN
2021-03-15 00:00:00-04:00,14.932986824666436,15.024114141202073,14.84787574098014,14.855613708496094,1153000,0.0,0.0,0.0,SPDN
2021-03-16 00:00:00-04:00,14.829824114885458,14.902897823445212,14.812629722372272,14.872808456420898,2088300,0.0,0.0,0.0,SPDN
2021-03-17 00:00:00-04:00,14.924391790080202,14.96737613206529,14.79973490267689,14.821227073669434,1801500,0.0,0.0,0.0,SPDN
2021-03-18 00:00:00-04:00,14.924391790588352,15.061943652642366,14.847018663214527,15.04474925994873,1348900,0.0,0.0,0.0,SPDN
2021-03-19 00:00:00-04:00,15.04474770960313,15.15650797109991,14.993166176585182,15.061942100524902,2395600,0.0,0.0,0.0,SPDN
2021-03-22 00:00:00-04:00,15.044746423035242,15.05334361776093,14.890000197467323,14.941581726074219,1051500,0.0,0.0,0.0,SPDN
2021-03-23 00:00:00-04:00,14.97597178566341,15.096329242621076,14.915793057184576,15.061942100524902,1368700,0.0,0.0,0.0,SPDN
2021-03-24 00:00:00-04:00,15.001763841839937,15.156508445739746,14.950180667459245,15.156508445739746,1202700,0.0,0.0,0.0,SPDN
2021-03-25 00:00:00-04:00,15.216688519558677,15.285464444313007,15.031852914328782,15.070539474487305,2736300,0.0,0.0,0.0,SPDN
2021-03-26 00:00:00-04:00,15.001762202932234,15.036149342348558,14.799732224714386,14.829821586608887,1681400,0.0,0.0,0.0,SPDN
2021-03-29 00:00:00-04:00,14.872808612001048,14.932988986426727,14.791137706330364,14.821227073669434,813700,0.0,0.0,0.0,SPDN
2021-03-30 00:00:00-04:00,14.875385781458032,14.928687407241805,14.847016513394134,14.855613708496094,882300,0.0,0.0,0.0,SPDN
2021-03-31 00:00:00-04:00,14.84702021933272,14.84702021933272,14.74385549210573,14.804034233093262,769700,0.0,0.0,0.0,SPDN
2021-04-01 00:00:00-04:00,14.718066025341725,14.735258780656617,14.640692887307539,14.649290084838867,1327800,0.0,0.0,0.0,SPDN
2021-04-05 00:00:00-04:00,14.537524433314598,14.541823850852973,14.41200833305049,14.442956924438477,969700,0.0,0.0,0.0,SPDN
2021-04-06 00:00:00-04:00,14.442958921944193,14.46445273311404,14.400833806827212,14.43436336517334,732300,0.0,0.0,0.0,SPDN
2021-04-07 00:00:00-04:00,14.44295761104112,14.455854224521993,14.414588340878044,14.417167663574219,306300,0.0,0.0,0.0,SPDN
2021-04-08 00:00:00-04:00,14.374182523388054,14.408571308346522,14.35698977065634,14.365585327148438,634500,0.0,0.0,0.0,SPDN
2021-04-09 00:00:00-04:00,14.356988763574261,14.356988763574261,14.245226860046387,14.245226860046387,935300,0.0,0.0,0.0,SPDN
2021-04-12 00:00:00-04:00,14.26242238400243,14.28821397296041,14.236630795044453,14.253825187683105,353500,0.0,0.0,0.0,SPDN
2021-04-13 00:00:00-04:00,14.245227369247743,14.260701666047725,14.180750859289912,14.210840225219727,219200,0.0,0.0,0.0,SPDN
2021-04-14 00:00:00-04:00,14.193646453195358,14.271019580321758,14.16785486423738,14.253825187683105,895400,0.0,0.0,0.0,SPDN
2021-04-15 00:00:00-04:00,14.167853326650611,14.176450522036914,14.090480207921242,14.107674598693848,790500,0.0,0.0,0.0,SPDN
2021-04-16 00:00:00-04:00,14.056093215942383,14.099077553584696,14.037178729991972,14.056093215942383,253600,0.0,0.0,0.0,SPDN
2021-04-19 00:00:00-04:00,14.090480207921242,14.159256131264309,14.073287456895992,14.107674598693848,567400,0.0,0.0,0.0,SPDN
2021-04-20 00:00:00-04:00,14.167855373087837,14.271020092877462,14.142065422951125,14.219438552856445,498000,0.0,0.0,0.0,SPDN
2021-04-21 00:00:00-04:00,14.236628889137032,14.245226084305422,14.081882655600655,14.090479850769043,263500,0.0,0.0,0.0,SPDN
2021-04-22 00:00:00-04:00,14.099079439810618,14.25382569962126,14.06899007148606,14.219438552856445,882200,0.0,0.0,0.0,SPDN
2021-04-23 00:00:00-04:00,14.202241476801408,14.202241476801408,14.013106466205905,14.064689636230469,248500,0.0,0.0,0.0,SPDN
2021-04-26 00:00:00-04:00,14.030302047729492,14.051794217191297,14.013968523657697,14.030302047729492,298400,0.0,0.0,0.0,SPDN
2021-04-27 00:00:00-04:00,14.013108963184541,14.064692142400649,14.013108963184541,14.047497749328613,242700,0.0,0.0,0.0,SPDN
2021-04-28 00:00:00-04:00,14.030303356256576,14.047497749328613,13.99591620986008,14.047497749328613,237100,0.0,0.0,0.0,SPDN
2021-04-29 00:00:00-04:00,13.95292776835791,14.06468966388359,13.927137823042203,13.961524963378906,693100,0.0,0.0,0.0,SPDN
2021-04-30 00:00:00-04:00,14.038900552792596,14.073289338936666,14.004513406396098,14.047497749328613,292400,0.0,0.0,0.0,SPDN
2021-05-03 00:00:00-04:00,13.961526893721306,14.030302823651065,13.961526893721306,14.021705627441406,244700,0.0,0.0,0.0,SPDN
2021-05-04 00:00:00-04:00,14.081882834176621,14.219436318867885,14.073287278646545,14.099077224731445,474300,0.0,0.0,0.0,SPDN
2021-05-05 00:00:00-04:00,14.030301124337633,14.11627143627421,14.030301124337633,14.090479850769043,409300,0.0,0.0,0.0,SPDN
2021-05-06 00:00:00-04:00,14.081884696127165,14.159257824107058,13.978721618652344,13.978721618652344,297000,0.0,0.0,0.0,SPDN
2021-05-07 00:00:00-04:00,13.944331919185121,13.974421284789067,13.858363240172384,13.875555992126465,333500,0.0,0.0,0.0,SPDN
2021-05-10 00:00:00-04:00,13.858363818700422,14.021705627441406,13.858363818700422,14.021705627441406,613200,0.0,0.0,0.0,SPDN
2021-05-11 00:00:00-04:00,14.185046340797015,14.271016646569466,14.107673229576529,14.133464813232422,1702500,0.0,0.0,0.0,SPDN
2021-05-12 00:00:00-04:00,14.236629155774766,14.460151315097288,14.202242014204487,14.442956924438477,559800,0.0,0.0,0.0,SPDN
2021-05-13 00:00:00-04:00,14.374182053944779,14.38277924990362,14.202243054010316,14.271018981933594,557700,0.0,0.0,0.0,SPDN
2021-05-14 00:00:00-04:00,14.159256282182884,14.161835604801004,14.021704434030633,14.056093215942383,284700,0.0,0.0,0.0,SPDN
2021-05-17 00:00:00-04:00,14.081883430480957,14.150659355865272,14.0638298115581,14.081883430480957,267700,0.0,0.0,0.0,SPDN
2021-05-18 00:00:00-04:00,14.064691173668859,14.210840225219727,14.064691173668859,14.210840225219727,190100,0.0,0.0,0.0,SPDN
2021-05-19 00:00:00-04:00,14.382778530580055,14.425764508224418,14.236629486083984,14.236629486083984,935700,0.0,0.0,0.0,SPDN
2021-05-20 00:00:00-04:00,14.219436318867885,14.219436318867885,14.047495692814307,14.099077224731445,277000,0.0,0.0,0.0,SPDN
2021-05-21 00:00:00-04:00,14.038897295688438,14.11627040681402,13.995912962728534,14.103375434875488,390000,0.0,0.0,0.0,SPDN
2021-05-24 00:00:00-04:00,14.013106314044428,14.02170350895517,13.918540449520805,13.952927589416504,318500,0.0,0.0,0.0,SPDN
2021-05-25 00:00:00-04:00,13.909945863652716,14.004513385661324,13.909945863652716,13.987318992614746,179500,0.0,0.0,0.0,SPDN
2021-05-26 00:00:00-04:00,13.970122158399905,13.995913743462896,13.944330573336913,13.961524963378906,239200,0.0,0.0,0.0,SPDN
2021-05-27 00:00:00-04:00,13.927137644431546,13.957227006745509,13.909943254610063,13.952927589416504,273400,0.0,0.0,0.0,SPDN
2021-05-28 00:00:00-04:00,13.901347694461315,13.931437060313709,13.884153302617817,13.927139282226562,168500,0.0,0.0,0.0,SPDN
2021-06-01 00:00:00-04:00,13.84116621072556,13.95292645599216,13.84116621072556,13.944329261779785,190600,0.0,0.0,0.0,SPDN
2021-06-02 00:00:00-04:00,13.92714049029006,13.944333243877429,13.885013734695107,13.92284107208252,196900,0.0,0.0,0.0,SPDN
2021-06-03 00:00:00-04:00,13.995913743462896,14.056092468862591,13.934874150738,13.961524963378906,239600,0.0,0.0,0.0,SPDN
2021-06-04 00:00:00-04:00,13.909942411647602,13.909942411647602,13.832569301887116,13.841166496276855,150800,0.0,0.0,0.0,SPDN
2021-06-07 00:00:00-04:00,13.832571386217515,13.884152920581233,13.832571386217515,13.84976577758789,74100,0.0,0.0,0.0,SPDN
2021-06-08 00:00:00-04:00,13.815376221855168,13.909943729353627,13.815376221855168,13.858362197875977,149500,0.0,0.0,0.0,SPDN
2021-06-09 00:00:00-04:00,13.832571652620096,13.879855409925568,13.823974456769335,13.875555992126465,48200,0.0,0.0,0.0,SPDN
2021-06-10 00:00:00-04:00,13.82397329803616,13.866957633939558,13.77668954469404,13.806778907775879,222700,0.0,0.0,0.0,SPDN
2021-06-11 00:00:00-04:00,13.798181443414814,13.828270805909547,13.780988693237305,13.780988693237305,83600,0.0,0.0,0.0,SPDN
2021-06-14 00:00:00-04:00,13.772391915470052,13.823973447059643,13.755197525024414,13.755197525024414,105200,0.0,0.0,0.0,SPDN
2021-06-15 00:00:00-04:00,13.738002718425346,13.807639505696537,13.738002718425346,13.780988693237305,148400,0.0,0.0,0.0,SPDN
2021-06-16 00:00:00-04:00,13.763794690377518,13.92713811976195,13.763794690377518,13.858362197875977,326400,0.0,0.0,0.0,SPDN
2021-06-17 00:00:00-04:00,13.901346788672576,13.935733930371505,13.823973670165797,13.854063034057617,305900,0.0,0.0,0.0,SPDN
2021-06-18 00:00:00-04:00,13.970121596687918,14.047494709018583,13.952927207337277,14.038897514343262,298100,0.0,0.0,0.0,SPDN
2021-06-21 00:00:00-04:00,13.987315521408087,14.004509910187565,13.841166496276855,13.841166496276855,123600,0.0,0.0,0.0,SPDN
2021-06-22 00:00:00-04:00,13.841167238332881,13.86265940558589,13.738002539872287,13.772391319274902,167500,0.0,0.0,0.0,SPDN
2021-06-23 00:00:00-04:00,13.763794481977737,13.798181622526402,13.738002896755765,13.789586067199707,158600,0.0,0.0,0.0,SPDN
2021-06-24 00:00:00-04:00,13.703617095947266,13.720811488804987,13.687282750681941,13.703617095947266,278400,0.0,0.0,0.0,SPDN
2021-06-25 00:00:00-04:00,13.669228553771973,13.690721543937919,13.652034981512958,13.669228553771973,148700,0.0,0.0,0.0,SPDN
2021-06-28 00:00:00-04:00,13.634839445450869,13.686421797647764,13.626243069979447,13.63054084777832,131400,0.0,0.0,0.0,SPDN
2021-06-29 00:00:00-04:00,13.626242458631253,13.634838833716993,13.60045087375312,13.617645263671875,138200,0.0,0.0,0.0,SPDN
2021-06-30 00:00:00-04:00,13.634841343062627,13.634841343062627,13.59615477849922,13.60045337677002,173200,0.0,0.0,0.0,SPDN
2021-07-01 00:00:00-04:00,13.574661630199921,13.583258826122874,13.531676470458883,13.540273666381836,74200,0.0,0.0,0.0,SPDN
2021-07-02 00:00:00-04:00,13.497288679689355,13.505885875722534,13.419915555138234,13.43710994720459,74200,0.0,0.0,0.0,SPDN
2021-07-06 00:00:00-04:00,13.419915953848228,13.544572840411684,13.419915953848228,13.46290111541748,618900,0.0,0.0,0.0,SPDN
2021-07-07 00:00:00-04:00,13.428510486514453,13.497286403433652,13.402719722638153,13.419913291931152,191600,0.0,0.0,0.0,SPDN
2021-07-08 00:00:00-04:00,13.574661451594904,13.621945208675294,13.497288329053799,13.531676292419434,296600,0.0,0.0,0.0,SPDN
2021-07-09 00:00:00-04:00,13.462900511842003,13.471497707745172,13.36833381652832,13.36833381652832,179500,0.0,0.0,0.0,SPDN
2021-07-12 00:00:00-04:00,13.368332100841732,13.385525670567727,13.321048349316404,13.325346946716309,184400,0.0,0.0,0.0,SPDN
2021-07-13 00:00:00-04:00,13.342540226200153,13.376928182664646,13.301274350493339,13.369190216064453,212100,0.0,0.0,0.0,SPDN
2021-07-14 00:00:00-04:00,13.30815295950407,13.385526075294571,13.299556584317962,13.3511381149292,146800,0.0,0.0,0.0,SPDN
2021-07-15 00:00:00-04:00,13.385527788581054,13.454303718114806,13.37263281421457,13.394124984741211,208700,0.0,0.0,0.0,SPDN
2021-07-16 00:00:00-04:00,13.35543636130809,13.514481186237246,13.35543636130809,13.497286796569824,199900,0.0,0.0,0.0,SPDN
2021-07-19 00:00:00-04:00,13.669227182698402,13.789586275807757,13.652033612163965,13.695018768310547,675600,0.0,0.0,0.0,SPDN
2021-07-20 00:00:00-04:00,13.669226593875921,13.695018178377055,13.462898837108604,13.497286796569824,210100,0.0,0.0,0.0,SPDN
2021-07-21 00:00:00-04:00,13.462900914274963,13.462900914274963,13.389826386661133,13.394124984741211,191500,0.0,0.0,0.0,SPDN
2021-07-22 00:00:00-04:00,13.394122493588396,13.41131688271075,13.351137340656107,13.359734535217285,188400,0.0,0.0,0.0,SPDN
2021-07-23 00:00:00-04:00,13.308154815557867,13.321050609946042,13.217886714461923,13.230782508850098,245700,0.0,0.0,0.0,SPDN
2021-07-26 00:00:00-04:00,13.239376212756788,13.246254132350202,13.18779468536377,13.18779468536377,187600,0.0,0.0,0.0,SPDN
2021-07-27 00:00:00-04:00,13.23508150564241,13.342544002492874,13.230782907383539,13.256573677062988,190100,0.0,0.0,0.0,SPDN
2021-07-28 00:00:00-04:00,13.230780417794685,13.299556337247758,13.222183222894643,13.259150505065918,618700,0.0,0.0,0.0,SPDN
2021-07-29 00:00:00-04:00,13.239377349561005,13.239377349561005,13.170601427215779,13.196393013000488,253400,0.0,0.0,0.0,SPDN
2021-07-30 00:00:00-04:00,13.282362759390427,13.28924067970563,13.230781226584291,13.273765563964844,371400,0.0,0.0,0.0,SPDN
2021-08-02 00:00:00-04:00,13.222184000831206,13.308153495268808,13.196393234487294,13.295258522033691,413000,0.0,0.0,0.0,SPDN
2021-08-03 00:00:00-04:00,13.265168575612654,13.342541691121196,13.179198265075684,13.179198265075684,295500,0.0,0.0,0.0,SPDN
2021-08-04 00:00:00-04:00,13.222185710865793,13.256573677062988,13.213588514348046,13.256573677062988,214200,0.0,0.0,0.0,SPDN
2021-08-05 00:00:00-04:00,13.213587002584617,13.22218419811876,13.170601844787598,13.170601844787598,134700,0.0,0.0,0.0,SPDN
2021-08-06 00:00:00-04:00,13.17060144251571,13.17060144251571,13.13621348130315,13.144810676574707,162800,0.0,0.0,0.0,SPDN
2021-08-09 00:00:00-04:00,13.144810855148759,13.179198816828483,13.138792982351648,13.15340805053711,82700,0.0,0.0,0.0,SPDN
2021-08-10 00:00:00-04:00,13.153407871846264,13.16200506711782,13.119019910633703,13.144810676574707,428200,0.0,0.0,0.0,SPDN
2021-08-11 00:00:00-04:00,13.11042421945258,13.140513586481358,13.10870494417576,13.11902141571045,269200,0.0,0.0,0.0,SPDN
2021-08-12 00:00:00-04:00,13.119020479603144,13.136214051018271,13.067438125610352,13.067438125610352,115900,0.0,0.0,0.0,SPDN
2021-08-13 00:00:00-04:00,13.058841483215328,13.06743867922397,13.041647911071777,13.041647911071777,90800,0.0,0.0,0.0,SPDN
2021-08-16 00:00:00-04:00,13.076036431405862,13.13621516627852,13.007260500158889,13.015857696533203,658700,0.0,0.0,0.0,SPDN
2021-08-17 00:00:00-04:00,13.101824581130037,13.18779488793709,13.07173521970965,13.09322738647461,321100,0.0,0.0,0.0,SPDN
2021-08-18 00:00:00-04:00,13.136213318230118,13.247974395751953,13.084631786988444,13.247974395751953,211900,0.0,0.0,0.0,SPDN
2021-08-19 00:00:00-04:00,13.333946404334219,13.333946404334219,13.18779734742994,13.230782508850098,289400,0.0,0.0,0.0,SPDN
2021-08-20 00:00:00-04:00,13.222185311183585,13.22820318458934,13.11042421945258,13.11902141571045,218400,0.0,0.0,0.0,SPDN
2021-08-23 00:00:00-04:00,13.06743905662184,13.06743905662184,12.972872357416813,13.0072603225708,147700,0.0,0.0,0.0,SPDN
2021-08-24 00:00:00-04:00,12.972872002476302,12.990065574645996,12.964274806454586,12.990065574645996,112700,0.0,0.0,0.0,SPDN
2021-08-25 00:00:00-04:00,12.981467843006827,12.981467843006827,12.938482687260384,12.964273452758789,80100,0.0,0.0,0.0,SPDN
2021-08-26 00:00:00-04:00,12.95567628806626,13.024452209472656,12.95567628806626,13.024452209472656,259800,0.0,0.0,0.0,SPDN
2021-08-27 00:00:00-04:00,12.998663526591566,12.998663526591566,12.904096824474474,12.921290397644043,327700,0.0,0.0,0.0,SPDN
2021-08-30 00:00:00-04:00,12.895498650863214,12.895498650863214,12.835319919518776,12.86111068725586,657400,0.0,0.0,0.0,SPDN
2021-08-31 00:00:00-04:00,12.861109912191779,12.893778598631071,12.852512716839612,12.869707107543945,399700,0.0,0.0,0.0,SPDN
2021-09-01 00:00:00-04:00,12.835319919518776,12.869707883126129,12.826722723648507,12.86111068725586,120700,0.0,0.0,0.0,SPDN
2021-09-02 00:00:00-04:00,12.818124771118164,12.861109928058353,12.800931200266294,12.818124771118164,93200,0.0,0.0,0.0,SPDN
2021-09-03 00:00:00-04:00,12.861110285975352,12.86970748157738,12.818125127838913,12.835319519042969,112600,0.0,0.0,0.0,SPDN
2021-09-07 00:00:00-04:00,12.852511809795029,12.898076286046935,12.843914615049595,12.878302574157715,207500,0.0,0.0,0.0,SPDN
2021-09-08 00:00:00-04:00,12.886900901794434,12.947080450429254,12.86970733066569,12.886900901794434,214600,0.0,0.0,0.0,SPDN
2021-09-09 00:00:00-04:00,12.904094548511601,12.955676078796387,12.84649432582416,12.955676078796387,181900,0.0,0.0,0.0,SPDN
2021-09-10 00:00:00-04:00,12.89549903426342,13.054543883097118,12.878304642011669,13.05024528503418,248000,0.0,0.0,0.0,SPDN
2021-09-13 00:00:00-04:00,12.964273483210473,13.0889303531806,12.94793914038593,13.024452209472656,443400,0.0,0.0,0.0,SPDN
2021-09-14 00:00:00-04:00,12.981467859038398,13.114721104130648,12.97287066390376,13.076034545898438,481200,0.0,0.0,0.0,SPDN
2021-09-15 00:00:00-04:00,13.084632085393329,13.106124253921896,12.964273809961801,12.981468200683594,464900,0.0,0.0,0.0,SPDN
2021-09-16 00:00:00-04:00,12.990065574645996,13.084633091137396,12.964274806454586,12.990065574645996,413700,0.0,0.0,0.0,SPDN
2021-09-17 00:00:00-04:00,13.02445389662142,13.13191639022349,13.015857520237313,13.11902141571045,474000,0.0,0.0,0.0,SPDN
2021-09-20 00:00:00-04:00,13.325347304579726,13.489549958247213,13.273764954269208,13.342541694641113,1183200,0.0,0.0,0.0,SPDN
2021-09-21 00:00:00-04:00,13.256571428892835,13.36833250504871,13.226482066057338,13.3511381149292,478600,0.0,0.0,0.0,SPDN
2021-09-22 00:00:00-04:00,13.273765714604899,13.30815367682381,13.162005452298708,13.222184181213379,925300,0.0,0.0,0.0,SPDN
2021-09-23 00:00:00-04:00,13.15340922327829,13.17060279571427,13.015857364295439,13.058841705322266,531600,0.0,0.0,0.0,SPDN
2021-09-24 00:00:00-04:00,13.11042401816781,13.119021214293685,13.024453696656554,13.05024528503418,178200,0.0,0.0,0.0,SPDN
2021-09-27 00:00:00-04:00,13.084633827209473,13.094090251441086,13.037350066303839,13.084633827209473,265900,0.0,0.0,0.0,SPDN
2021-09-28 00:00:00-04:00,13.170601118042578,13.359735309988954,13.16200474285647,13.3511381149292,514600,0.0,0.0,0.0,SPDN
2021-09-29 00:00:00-04:00,13.299556003259232,13.333943962122193,13.247973655027986,13.316749572753906,708200,0.0,0.0,0.0,SPDN
2021-09-30 00:00:00-04:00,13.265169931235118,13.48869128570125,13.252274137374606,13.480094909667969,971600,0.0,0.0,0.0,SPDN
2021-10-01 00:00:00-04:00,13.42851292600228,13.540274016267434,13.273766674885339,13.333946228027344,435400,0.0,0.0,0.0,SPDN
2021-10-04 00:00:00-04:00,13.359734958724946,13.557466340532176,13.34254138893115,13.497286796569824,925800,0.0,0.0,0.0,SPDN
2021-10-05 00:00:00-04:00,13.454301215769439,13.462898410330617,13.282361423913887,13.359734535217285,181300,0.0,0.0,0.0,SPDN
2021-10-06 00:00:00-04:00,13.471496354680284,13.523077885171045,13.290959358215332,13.290959358215332,781400,0.0,0.0,0.0,SPDN
2021-10-07 00:00:00-04:00,13.18779468536377,13.196391879887138,13.097525782615595,13.18779468536377,892700,0.0,0.0,0.0,SPDN
2021-10-08 00:00:00-04:00,13.153407901291098,13.222183823870179,13.153407901291098,13.204989433288574,184100,0.0,0.0,0.0,SPDN
2021-10-11 00:00:00-04:00,13.239375287246025,13.299554824829102,13.136211419798158,13.299554824829102,217300,0.0,0.0,0.0,SPDN
2021-10-12 00:00:00-04:00,13.265168579112157,13.359735264828856,13.26258925662822,13.342541694641113,333200,0.0,0.0,0.0,SPDN
2021-10-13 00:00:00-04:00,13.299556553255007,13.394123239070497,13.265168592969951,13.290959358215332,601400,0.0,0.0,0.0,SPDN
2021-10-14 00:00:00-04:00,13.162006419433157,13.179199991869137,13.058841705322266,13.058841705322266,1015200,0.0,0.0,0.0,SPDN
2021-10-15 00:00:00-04:00,12.990063442394334,13.007257831615396,12.947079109088886,12.972869873046875,488300,0.0,0.0,0.0,SPDN
2021-10-18 00:00:00-04:00,13.015856178224922,13.033049749094138,12.921288668886367,12.929885864257812,424400,0.0,0.0,0.0,SPDN
2021-10-19 00:00:00-04:00,12.886900873710553,12.886900873710553,12.826722145080566,12.826722145080566,194400,0.0,0.0,0.0,SPDN
2021-10-20 00:00:00-04:00,12.81812514519817,12.81812514519817,12.766543611263547,12.783737182617188,208500,0.0,0.0,0.0,SPDN
2021-10-21 00:00:00-04:00,12.792333617219198,12.800930812321424,12.73645266892838,12.740751266479492,164900,0.0,0.0,0.0,SPDN
2021-10-22 00:00:00-04:00,12.75794506072998,12.80952658918654,12.714959907100438,12.75794506072998,438800,0.0,0.0,0.0,SPDN
2021-10-25 00:00:00-04:00,12.732154262854147,12.775138596496479,12.676273317321337,12.697766304016113,117200,0.0,0.0,0.0,SPDN
2021-10-26 00:00:00-04:00,12.646185322530139,12.683152607741423,12.611797359975705,12.671976089477539,290500,0.0,0.0,0.0,SPDN
2021-10-27 00:00:00-04:00,12.67197607220513,12.732155621498636,12.646185305292883,12.72355842590332,213100,0.0,0.0,0.0,SPDN
2021-10-28 00:00:00-04:00,12.697768430018938,12.697768430018938,12.603200912475586,12.603200912475586,174500,0.0,0.0,0.0,SPDN
2021-10-29 00:00:00-04:00,12.663378462758924,12.680572853387625,12.576548921755528,12.586006164550781,202000,0.0,0.0,0.0,SPDN
2021-11-01 00:00:00-04:00,12.543021425011032,12.61179735006586,12.543021425011032,12.56021499633789,372000,0.0,0.0,0.0,SPDN
2021-11-02 00:00:00-04:00,12.551619907275663,12.551619907275663,12.506915469420012,12.517231941223145,77900,0.0,0.0,0.0,SPDN
2021-11-03 00:00:00-04:00,12.517230423592613,12.534423994597375,12.422662913508532,12.431260108947754,264400,0.0,0.0,0.0,SPDN
2021-11-04 00:00:00-04:00,12.40546840321249,12.422661972915424,12.371080443932998,12.379676818847656,223100,0.0,0.0,0.0,SPDN
2021-11-05 00:00:00-04:00,12.310901046315683,12.371080590673834,12.276513086628295,12.328095436096191,152400,0.0,0.0,0.0,SPDN
2021-11-08 00:00:00-05:00,12.293708249389349,12.336693406669731,12.293708249389349,12.319499015808105,86100,0.0,0.0,0.0,SPDN
2021-11-09 00:00:00-05:00,12.302305073030423,12.396871760290404,12.302305073030423,12.353886604309082,471000,0.0,0.0,0.0,SPDN
2021-11-10 00:00:00-05:00,12.414065521399378,12.50003583468225,12.366782586980099,12.451892852783203,351900,0.0,0.0,0.0,SPDN
2021-11-11 00:00:00-05:00,12.422664087990226,12.45705205312459,12.414066891738194,12.448454856872559,114600,0.0,0.0,0.0,SPDN
2021-11-12 00:00:00-05:00,12.414065330758739,12.444155513857224,12.353886604309082,12.353886604309082,97000,0.0,0.0,0.0,SPDN
2021-11-15 00:00:00-05:00,12.319498643498758,12.38397596753391,12.319498643498758,12.353886604309082,234500,0.0,0.0,0.0,SPDN
2021-11-16 00:00:00-05:00,12.362483036138668,12.371080230778816,12.280811326804475,12.310900688171387,283700,0.0,0.0,0.0,SPDN
2021-11-17 00:00:00-05:00,12.310902221052226,12.353887379731617,12.310902221052226,12.345290184020996,210400,0.0,0.0,0.0,SPDN
2021-11-18 00:00:00-05:00,12.319500524521082,12.387417228918796,12.293709754943848,12.293709754943848,275400,0.0,0.0,0.0,SPDN
2021-11-19 00:00:00-05:00,12.310901820377293,12.328096211238918,12.25932028753978,12.319499015808105,449300,0.0,0.0,0.0,SPDN
2021-11-22 00:00:00-05:00,12.259319917049101,12.353886604309082,12.19914037072579,12.353886604309082,321000,0.0,0.0,0.0,SPDN
2021-11-23 00:00:00-05:00,12.371080770245136,12.431259495603177,12.315199822520977,12.336692810058594,472300,0.0,0.0,0.0,SPDN
2021-11-24 00:00:00-05:00,12.396871909959312,12.405469105234104,12.302305221557617,12.302305221557617,606100,0.0,0.0,0.0,SPDN
2021-11-26 00:00:00-05:00,12.500035851154617,12.603199735305811,12.448453499142184,12.586006164550781,1021300,0.0,0.0,0.0,SPDN
2021-11-29 00:00:00-05:00,12.448453679952516,12.500036032714167,12.371081380620563,12.431260108947754,383400,0.0,0.0,0.0,SPDN
2021-11-30 00:00:00-05:00,12.508633296136521,12.671975911001084,12.448453747608577,12.663378715515137,1547100,0.0,0.0,0.0,SPDN
2021-12-01 00:00:00-05:00,12.508633873789693,12.809528350830078,12.414066358824485,12.809528350830078,907700,0.0,0.0,0.0,SPDN
2021-12-02 00:00:00-05:00,12.809529061070089,12.809529061070089,12.568813302116256,12.62039566040039,1612700,0.0,0.0,0.0,SPDN
2021-12-03 00:00:00-05:00,12.551618613365513,12.843915884742938,12.530125624377225,12.72355842590332,960500,0.0,0.0,0.0,SPDN
2021-12-06 00:00:00-05:00,12.64618453250829,12.714960453320645,12.517229885953533,12.568811416625977,581600,0.0,0.0,0.0,SPDN
2021-12-07 00:00:00-05:00,12.422662675910018,12.422662675910018,12.293708026282827,12.302305221557617,625600,0.0,0.0,0.0,SPDN
2021-12-08 00:00:00-05:00,12.302305595326912,12.341851382994564,12.261039712653108,12.26791763305664,314500,0.0,0.0,0.0,SPDN
2021-12-09 00:00:00-05:00,12.302305073030423,12.362483799480078,12.288549232807366,12.353886604309082,412800,0.0,0.0,0.0,SPDN
2021-12-10 00:00:00-05:00,12.276514249530793,12.345290175420423,12.233529090881348,12.233529090881348,757500,0.0,0.0,0.0,SPDN
2021-12-13 00:00:00-05:00,12.250722721878105,12.353886604309082,12.250722721878105,12.353886604309082,1266400,0.0,0.0,0.0,SPDN
2021-12-14 00:00:00-05:00,12.4398571256167,12.517230243710426,12.379677578280651,12.422662734985352,635200,0.0,0.0,0.0,SPDN
2021-12-15 00:00:00-05:00,12.431260492719314,12.500036418608943,12.233529090881348,12.233529090881348,1011200,0.0,0.0,0.0,SPDN
2021-12-16 00:00:00-05:00,12.181947564887759,12.379678146989768,12.181947564887759,12.345290184020996,1236600,0.0,0.0,0.0,SPDN
2021-12-17 00:00:00-05:00,12.439856337717057,12.517229450910223,12.353886029752735,12.482841491699219,735000,0.0,0.0,0.0,SPDN
2021-12-20 00:00:00-05:00,12.628990904066942,12.710662622410139,12.603200137175188,12.611797332763672,1763000,0.0,0.0,0.0,SPDN
2021-12-21 00:00:00-05:00,12.500035086262686,12.56881100482167,12.379676818847656,12.379676818847656,606800,0.0,0.0,0.0,SPDN
2021-12-22 00:00:00-05:00,12.396872286601738,12.396872286601738,12.259320437520648,12.26791763305664,1194800,0.0,0.0,0.0,SPDN
2021-12-23 00:00:00-05:00,12.22493304596795,12.242126617968916,12.143261324310597,12.190545082092285,373000,0.0,0.0,0.0,SPDN
2021-12-27 00:00:00-05:00,12.156154011340586,12.156154011340586,12.010004997253418,12.010004997253418,201300,0.0,0.0,0.0,SPDN
2021-12-28 00:00:00-05:00,11.992812559350833,12.040096312734267,11.975618988949183,12.018603324890137,340400,0.0,0.0,0.0,SPDN
2021-12-29 00:00:00-05:00,12.027201251421646,12.04439564274257,11.979918315036514,12.001410484313965,339700,0.0,0.0,0.0,SPDN
2021-12-30 00:00:00-05:00,12.001409724808875,12.048693478075377,11.971320361775158,12.040096282958984,110900,0.0,0.0,0.0,SPDN
2021-12-31 00:00:00-05:00,12.044396025092844,12.078783988952637,12.027201633226083,12.078783988952637,443500,0.0,0.0,0.0,SPDN
2022-01-03 00:00:00-05:00,12.035798447082108,12.095977176957934,12.001410484313965,12.001410484313965,493600,0.0,0.0,0.0,SPDN
2022-01-04 00:00:00-05:00,11.958422654686496,12.052990146080266,11.949825460946423,12.010004997253418,411700,0.0,0.0,0.0,SPDN
2022-01-05 00:00:00-05:00,12.010007741676906,12.237827688733663,12.001410545972275,12.233529090881348,560700,0.0,0.0,0.0,SPDN
2022-01-06 00:00:00-05:00,12.242125511169434,12.306602835122753,12.19054397995624,12.242125511169434,915000,0.0,0.0,0.0,SPDN
2022-01-07 00:00:00-05:00,12.25072286978254,12.328095987508322,12.216334908557045,12.302305221557617,594200,0.0,0.0,0.0,SPDN
2022-01-10 00:00:00-05:00,12.379676605545358,12.543020024213744,12.310900688171387,12.310900688171387,2388800,0.0,0.0,0.0,SPDN
2022-01-11 00:00:00-05:00,12.310902590349873,12.396872910287561,12.19054512628559,12.199141502380371,1058900,0.0,0.0,0.0,SPDN
2022-01-12 00:00:00-05:00,12.147558793774534,12.2163347151366,12.109732282987494,12.181946754455566,242100,0.0,0.0,0.0,SPDN
2022-01-13 00:00:00-05:00,12.130364229065691,12.358184977722567,12.121767853924288,12.336692810058594,577700,0.0,0.0,0.0,SPDN
2022-01-14 00:00:00-05:00,12.431259315158355,12.448452885065235,12.319498241205938,12.328095436096191,1155200,0.0,0.0,0.0,SPDN
2022-01-18 00:00:00-05:00,12.465649030598891,12.568812924191413,12.457051834497745,12.543022155761719,1021400,0.0,0.0,0.0,SPDN
2022-01-19 00:00:00-05:00,12.508632707506244,12.680572509765625,12.461348954432296,12.680572509765625,980100,0.0,0.0,0.0,SPDN
2022-01-20 00:00:00-05:00,12.628990572505543,12.826721966480937,12.482842350706786,12.818124771118164,1112000,0.0,0.0,0.0,SPDN
2022-01-21 00:00:00-05:00,12.852513153742176,13.067438125610352,12.783737228334255,13.067438125610352,7671700,0.0,0.0,0.0,SPDN
2022-01-24 00:00:00-05:00,13.247976259523295,13.574662342883306,12.998663303784573,13.015857696533203,6984500,0.0,0.0,0.0,SPDN
2022-01-25 00:00:00-05:00,13.22218415328708,13.385526768513492,13.015856380409396,13.162005424499512,3112400,0.0,0.0,0.0,SPDN
2022-01-26 00:00:00-05:00,12.972870855441672,13.338243455321726,12.886900542573306,13.196393013000488,5404500,0.0,0.0,0.0,SPDN
2022-01-27 00:00:00-05:00,13.05884149236771,13.316751633691611,12.955677599812898,13.265170097351074,2771200,0.0,0.0,0.0,SPDN
2022-01-28 00:00:00-05:00,13.230781508277621,13.372631956325124,12.938483416573993,12.947080612182617,2962600,0.0,0.0,0.0,SPDN
2022-01-31 00:00:00-05:00,12.972873123103755,12.998663893523032,12.697769385634635,12.71496295928955,2208600,0.0,0.0,0.0,SPDN
2022-02-01 00:00:00-05:00,12.680574395170407,12.788036890044731,12.603201267681088,12.62039566040039,2140000,0.0,0.0,0.0,SPDN
2022-02-02 00:00:00-05:00,12.54302235461179,12.611798284763804,12.478545022578494,12.50003719329834,1357100,0.0,0.0,0.0,SPDN
2022-02-03 00:00:00-05:00,12.680573294874241,12.81812514519817,12.620394565325947,12.783737182617188,3465000,0.0,0.0,0.0,SPDN
2022-02-04 00:00:00-05:00,12.792333571946713,12.869706687845621,12.617814447382674,12.732154846191406,3098400,0.0,0.0,0.0,SPDN
2022-02-07 00:00:00-05:00,12.714960085637916,12.809526769051876,12.663377736583449,12.766542434692383,1432200,0.0,0.0,0.0,SPDN
2022-02-08 00:00:00-05:00,12.792334188183284,12.826722150253387,12.637587948930982,12.663378715515137,1138300,0.0,0.0,0.0,SPDN
2022-02-09 00:00:00-05:00,12.534423020578917,12.55161741012123,12.474244296928061,12.482841491699219,1315100,0.0,0.0,0.0,SPDN
2022-02-10 00:00:00-05:00,12.64618395582226,12.757945027014268,12.482841356310008,12.697766304016113,1926100,0.0,0.0,0.0,SPDN
2022-02-11 00:00:00-05:00,12.714960357762223,12.99866123394947,12.641026612387726,12.955676078796387,6042100,0.0,0.0,0.0,SPDN
2022-02-14 00:00:00-05:00,12.981469553673751,13.101827021775827,12.929887196005888,13.0072603225708,3804400,0.0,0.0,0.0,SPDN
2022-02-15 00:00:00-05:00,12.852513286966886,12.869707678433949,12.78373736084606,12.79233455657959,1591800,0.0,0.0,0.0,SPDN
2022-02-16 00:00:00-05:00,12.861110123843892,12.904095281438446,12.736453248807056,12.775139808654785,2173000,0.0,0.0,0.0,SPDN
2022-02-17 00:00:00-05:00,12.8783044664025,13.06314008121965,12.852513698250307,13.041647911071777,2402000,0.0,0.0,0.0,SPDN
2022-02-18 00:00:00-05:00,13.050244713998746,13.196393762248633,12.998662359374315,13.127617835998535,2735200,0.0,0.0,0.0,SPDN
2022-02-22 00:00:00-05:00,13.213586835733123,13.381228047163592,13.101825754821585,13.273765563964844,3548500,0.0,0.0,0.0,SPDN
2022-02-23 00:00:00-05:00,13.187795511016065,13.523077919682597,13.15340755064325,13.514481544494629,3196300,0.0,0.0,0.0,SPDN
2022-02-24 00:00:00-05:00,13.849764970852437,13.86695772147394,13.29095958197066,13.30815315246582,7918200,0.0,0.0,0.0,SPDN
2022-02-25 00:00:00-05:00,13.273767028772468,13.3158929630571,13.007260500158889,13.015857696533203,5616400,0.0,0.0,0.0,SPDN
2022-02-28 00:00:00-05:00,13.17060275130144,13.217886510120005,12.998662928152678,13.05024528503418,5704400,0.0,0.0,0.0,SPDN
2022-03-01 00:00:00-05:00,13.093229871749262,13.321050654119936,13.024453941198448,13.239378929138184,5293800,0.0,0.0,0.0,SPDN
2022-03-02 00:00:00-05:00,13.162004464445378,13.187795229205454,12.947079511739615,12.998661041259766,3618000,0.0,0.0,0.0,SPDN
2022-03-03 00:00:00-05:00,12.929886274794512,13.110423283958728,12.89549831209055,13.067438125610352,3462300,0.0,0.0,0.0,SPDN
2022-03-04 00:00:00-05:00,13.187796235855881,13.290960122644515,13.13621388252472,13.170601844787598,2849300,0.0,0.0,0.0,SPDN
2022-03-07 00:00:00-05:00,13.196394374796498,13.55746841430664,13.17919998249899,13.55746841430664,4678600,0.0,0.0,0.0,SPDN
2022-03-08 00:00:00-05:00,13.557469011018549,13.695020875957745,13.308155230974023,13.6520357131958,6492600,0.0,0.0,0.0,SPDN
2022-03-09 00:00:00-05:00,13.351136348616265,13.437106648092923,13.23077891319719,13.299554824829102,4712200,0.0,0.0,0.0,SPDN
2022-03-10 00:00:00-05:00,13.445704841081861,13.505883563262906,13.325346576846174,13.359734535217285,2495100,0.0,0.0,0.0,SPDN
2022-03-11 00:00:00-05:00,13.273766157240322,13.535974890324352,13.252273987589446,13.531676292419434,2244200,0.0,0.0,0.0,SPDN
2022-03-14 00:00:00-04:00,13.497288115819458,13.660631554130955,13.381228433841347,13.626243591308594,4181400,0.0,0.0,0.0,SPDN
2022-03-15 00:00:00-04:00,13.548869092269607,13.571221306824937,13.299556182190505,13.325346946716309,3496900,0.0,0.0,0.0,SPDN
2022-03-16 00:00:00-04:00,13.256572711039702,13.359736602113609,13.028751939163747,13.033050537109375,5162700,0.0,0.0,0.0,SPDN
2022-03-17 00:00:00-04:00,13.084632072106057,13.093228447584549,12.869707107543945,12.869707107543945,2278000,0.0,0.0,0.0,SPDN
2022-03-18 00:00:00-04:00,12.904094648259175,12.929885413600928,12.706363260976005,12.732154846191406,2581600,0.0,0.0,0.0,SPDN
2022-03-21 00:00:00-04:00,12.732157352818275,12.831022655987013,12.663380598577186,12.71496295928955,2595700,0.0,0.0,0.0,SPDN
2022-03-22 00:00:00-04:00,12.689169687984423,12.689169687984423,12.551617846359711,12.568811416625977,1625000,0.0,0.0,0.0,SPDN
2022-03-23 00:00:00-04:00,12.654781775078183,12.740751266479492,12.611796619440703,12.740751266479492,1456300,0.0,0.0,0.0,SPDN
2022-03-24 00:00:00-04:00,12.68057401388508,12.706364782314774,12.543022155761719,12.543022155761719,1176700,0.0,0.0,0.0,SPDN
2022-03-25 00:00:00-04:00,12.534424980037805,12.603200909211294,12.48112334797254,12.491439819335938,1641300,0.0,0.0,0.0,SPDN
2022-03-28 00:00:00-04:00,12.508634567173702,12.553339004394747,12.396873474121094,12.396873474121094,1776200,0.0,0.0,0.0,SPDN
2022-03-29 00:00:00-04:00,12.276513471936115,12.35388658862956,12.229230538302964,12.242125511169434,1722000,0.0,0.0,0.0,SPDN
2022-03-30 00:00:00-04:00,12.267916354717858,12.372799505732125,12.255020562757636,12.310900688171387,1105600,0.0,0.0,0.0,SPDN
2022-03-31 00:00:00-04:00,12.34529017470277,12.508633613586426,12.319499407464086,12.508633613586426,2583100,0.0,0.0,0.0,SPDN
2022-04-01 00:00:00-04:00,12.465648651123047,12.573111139494797,12.465648651123047,12.465648651123047,1734700,0.0,0.0,0.0,SPDN
2022-04-04 00:00:00-04:00,12.465648823827108,12.491439591829002,12.3624849319458,12.3624849319458,1154600,0.0,0.0,0.0,SPDN
2022-04-05 00:00:00-04:00,12.41406722319181,12.551619907275663,12.345291291086776,12.517231941223145,1261100,0.0,0.0,0.0,SPDN
2022-04-06 00:00:00-04:00,12.637587725930405,12.727856637192609,12.585146146189402,12.646184921264648,2602000,0.0,0.0,0.0,SPDN
2022-04-07 00:00:00-04:00,12.671975658073274,12.732155205400058,12.534423812538348,12.586006164550781,2874100,0.0,0.0,0.0,SPDN
2022-04-08 00:00:00-04:00,12.603200137175188,12.659081088626634,12.525827016626232,12.611797332763672,1477800,0.0,0.0,0.0,SPDN
2022-04-11 00:00:00-04:00,12.706363867946903,12.84821431391308,12.69776749233811,12.826722145080566,1709700,0.0,0.0,0.0,SPDN
2022-04-12 00:00:00-04:00,12.74075185776852,12.929886059426824,12.671975933506173,12.886900901794434,2554700,0.0,0.0,0.0,SPDN
2022-04-13 00:00:00-04:00,12.89549749882496,12.89549749882496,12.710661903495351,12.740751266479492,2442400,0.0,0.0,0.0,SPDN
2022-04-14 00:00:00-04:00,12.72355828663978,12.892059547044639,12.69776752000982,12.886900901794434,1180500,0.0,0.0,0.0,SPDN
2022-04-18 00:00:00-04:00,12.921288087162065,12.955676047226007,12.835318596939032,12.89549732208252,1814800,0.0,0.0,0.0,SPDN
2022-04-19 00:00:00-04:00,12.895497467558263,12.895497467558263,12.65908034193582,12.680572509765625,1285600,0.0,0.0,0.0,SPDN
2022-04-20 00:00:00-04:00,12.628991286335076,12.723558800923472,12.611797714511374,12.689170837402344,2023600,0.0,0.0,0.0,SPDN
2022-04-21 00:00:00-04:00,12.577408136930083,12.904094158394015,12.538721580449248,12.878302574157715,2927600,0.0,0.0,0.0,SPDN
2022-04-22 00:00:00-04:00,12.921290045372228,13.24367752728183,12.912693668958699,13.239378929138184,3923700,0.0,0.0,0.0,SPDN
2022-04-25 00:00:00-04:00,13.308153468159036,13.46289970565464,13.15340805053711,13.15340805053711,4275400,0.0,0.0,0.0,SPDN
2022-04-26 00:00:00-04:00,13.239378193874689,13.531676292419434,13.239378193874689,13.531676292419434,2866700,0.0,0.0,0.0,SPDN
2022-04-27 00:00:00-04:00,13.497287928651744,13.574661048897546,13.316750921369437,13.505885124206543,4298300,0.0,0.0,0.0,SPDN
2022-04-28 00:00:00-04:00,13.342542430735907,13.482672782073577,13.101825875838253,13.162005424499512,4538200,0.0,0.0,0.0,SPDN
2022-04-29 00:00:00-04:00,13.290961657793517,13.669229286376307,13.22218572532392,13.6520357131958,7148200,0.0,0.0,0.0,SPDN
2022-05-02 00:00:00-04:00,13.652034196895775,13.875555542659074,13.514482347234146,13.56606388092041,6016100,0.0,0.0,0.0,SPDN
2022-05-03 00:00:00-04:00,13.540273086552045,13.60045181568825,13.419914808405942,13.505885124206543,7048700,0.0,0.0,0.0,SPDN
2022-05-04 00:00:00-04:00,13.471496917525947,13.58325799809022,13.076034947788397,13.101825714111328,6825100,0.0,0.0,0.0,SPDN
2022-05-05 00:00:00-04:00,13.230782339517761,13.689861627552943,13.222185143369007,13.55746841430664,11476400,0.0,0.0,0.0,SPDN
2022-05-06 00:00:00-04:00,13.65203435845694,13.817956299571678,13.52737748080481,13.626243591308594,7759400,0.0,0.0,0.0,SPDN
2022-05-09 00:00:00-04:00,13.849764680369965,14.124868361511844,13.806778705349496,14.064689636230469,5079100,0.0,0.0,0.0,SPDN
2022-05-10 00:00:00-04:00,13.849764150727871,14.19364373900459,13.798180982675948,14.038897514343262,4694800,0.0,0.0,0.0,SPDN
2022-05-11 00:00:00-04:00,14.081883950333982,14.296808930062657,13.875556166564149,14.271018981933594,6630500,0.0,0.0,0.0,SPDN
2022-05-12 00:00:00-04:00,14.39137488332003,14.537523919257307,14.159255536876008,14.288211822509766,10723800,0.0,0.0,0.0,SPDN
2022-05-13 00:00:00-04:00,14.124868208136801,14.163554765361505,13.89274886478858,13.952927589416504,4119800,0.0,0.0,0.0,SPDN
2022-05-16 00:00:00-04:00,14.004510879516602,14.081882354885225,13.866957399507111,14.004510879516602,6038300,0.0,0.0,0.0,SPDN
2022-05-17 00:00:00-04:00,13.772393246646722,13.909945104012316,13.71221369414397,13.720810890197754,4280100,0.0,0.0,0.0,SPDN
2022-05-18 00:00:00-04:00,13.866956943074937,14.305404034384436,13.866956943074937,14.262419700622559,3729800,0.0,0.0,0.0,SPDN
2022-05-19 00:00:00-04:00,14.391373001634486,14.442954525295285,14.189343044321339,14.348388671875,3961800,0.0,0.0,0.0,SPDN
2022-05-20 00:00:00-04:00,14.219436110260075,14.679375392496373,14.193644524806215,14.356987953186035,4303200,0.0,0.0,0.0,SPDN
2022-05-23 00:00:00-04:00,14.236629672532517,14.320881533919913,14.056093483303966,14.081883430480957,2931000,0.0,0.0,0.0,SPDN
2022-05-24 00:00:00-04:00,14.236629816188579,14.428344165407692,14.150659498653843,14.193645477294922,3671000,0.0,0.0,0.0,SPDN
2022-05-25 00:00:00-04:00,14.245226597214884,14.258121570558105,13.99161506973154,14.056093215942383,3346800,0.0,0.0,0.0,SPDN
2022-05-26 00:00:00-04:00,14.013106398232784,14.021703593195177,13.7208091483742,13.780988693237305,2685800,0.0,0.0,0.0,SPDN
2022-05-27 00:00:00-04:00,13.695019298954637,13.695019298954637,13.43710917195551,13.445706367492676,2533100,0.0,0.0,0.0,SPDN
2022-05-31 00:00:00-04:00,13.497288329053799,13.616786563239904,13.411318830576574,13.531676292419434,2713200,0.0,0.0,0.0,SPDN
2022-06-01 00:00:00-04:00,13.45430295732308,13.716511686264655,13.419914994500717,13.626243591308594,2494400,0.0,0.0,0.0,SPDN
2022-06-02 00:00:00-04:00,13.643437526439927,13.712213453917828,13.36833381652832,13.36833381652832,2709300,0.0,0.0,0.0,SPDN
2022-06-03 00:00:00-04:00,13.540274640726402,13.626244966394816,13.48783305362071,13.60045337677002,2335400,0.0,0.0,0.0,SPDN
2022-06-06 00:00:00-04:00,13.445707323994096,13.591856379027904,13.398423565049702,13.55746841430664,2081000,0.0,0.0,0.0,SPDN
2022-06-07 00:00:00-04:00,13.66922619573165,13.68642058489825,13.411316917221454,13.419913291931152,2020900,0.0,0.0,0.0,SPDN
2022-06-08 00:00:00-04:00,13.480094561966126,13.596153424222242,13.424213609885676,13.574661254882812,2136300,0.0,0.0,0.0,SPDN
2022-06-09 00:00:00-04:00,13.626244046247201,13.892750562049917,13.55746811830626,13.884153366088867,3189400,0.0,0.0,0.0,SPDN
2022-06-10 00:00:00-04:00,14.11627111395156,14.305404484095622,14.09907672400739,14.296807289123535,5288600,0.0,0.0,0.0,SPDN
2022-06-13 00:00:00-04:00,14.666480403217564,14.902897556929577,14.597704474142297,14.847018241882324,6585000,0.0,0.0,0.0,SPDN
2022-06-14 00:00:00-04:00,14.761046823036672,15.016376805341265,14.729237363796102,14.898598670959473,3870900,0.0,0.0,0.0,SPDN
2022-06-15 00:00:00-04:00,14.75244768657647,14.958775431313892,14.494538415591482,14.675074577331543,5908000,0.0,0.0,0.0,SPDN
2022-06-16 00:00:00-04:00,15.010356651337135,15.26396813985558,14.99832090746667,15.147910118103027,7416400,0.0,0.0,0.0,SPDN
2022-06-17 00:00:00-04:00,15.156508178188837,15.29406166769509,14.988866963779438,15.130718231201172,5289700,0.0,0.0,0.0,SPDN
2022-06-21 00:00:00-04:00,14.89859825367716,14.89859825367716,14.697429132654968,14.761046409606934,3796500,0.0,0.0,0.0,SPDN
2022-06-22 00:00:00-04:00,14.941583131874195,14.94588254951517,14.614897900297569,14.78683853149414,3639900,0.0,0.0,0.0,SPDN
2022-06-23 00:00:00-04:00,14.700868401287595,14.842718030028347,14.610600306657352,14.632092475891113,5978900,0.0,0.0,0.0,SPDN
2022-06-24 00:00:00-04:00,14.51173236252516,14.51173236252516,14.17644995461601,14.185047149658203,4379900,0.0,0.0,0.0,SPDN
2022-06-27 00:00:00-04:00,14.142064385317774,14.27961624177974,14.133467189320466,14.228033065795898,3047500,0.0,0.0,0.0,SPDN
2022-06-28 00:00:00-04:00,14.176452667663757,14.528929533113283,14.073289586908952,14.520332336425781,3164600,0.0,0.0,0.0,SPDN
2022-06-29 00:00:00-04:00,14.503135951832718,14.606299006759903,14.464449396298226,14.528925895690918,3968900,0.0,0.0,0.0,SPDN
2022-06-30 00:00:00-04:00,14.692274432747741,14.834124092645242,14.533230377787586,14.649290084838867,7018600,0.0,0.0,0.0,SPDN
2022-07-01 00:00:00-04:00,14.683671754722496,14.795432001421139,14.490238981833354,14.511731147766113,6530800,0.0,0.0,0.0,SPDN
2022-07-05 00:00:00-04:00,14.709463062185462,14.822943401522013,14.485940933227539,14.485940933227539,3658000,0.0,0.0,0.0,SPDN
2022-07-06 00:00:00-04:00,14.477347708017891,14.567615811839994,14.33549642508524,14.43436336517334,5124800,0.0,0.0,0.0,SPDN
2022-07-07 00:00:00-04:00,14.356990419410884,14.356990419410884,14.189347544784294,14.219438552856445,3044600,0.0,0.0,0.0,SPDN
2022-07-08 00:00:00-04:00,14.288212659257221,14.339794192683073,14.16355578370964,14.236629486083984,3624600,0.0,0.0,0.0,SPDN
2022-07-11 00:00:00-04:00,14.331195863817012,14.421463950110535,14.301106501719172,14.391374588012695,2861900,0.0,0.0,0.0,SPDN
2022-07-12 00:00:00-04:00,14.425766452358477,14.59340768839574,14.33119892854357,14.520332336425781,2968000,0.0,0.0,0.0,SPDN
2022-07-13 00:00:00-04:00,14.743854909003161,14.761049302818925,14.485945560757274,14.597705841064453,3588500,0.0,0.0,0.0,SPDN
2022-07-14 00:00:00-04:00,14.804029721189135,14.898597222346384,14.619194136062081,14.640687942504883,3793800,0.0,0.0,0.0,SPDN
2022-07-15 00:00:00-04:00,14.468750042276321,14.537525972445737,14.35698977065634,14.365585327148438,4015400,0.0,0.0,0.0,SPDN
2022-07-18 00:00:00-04:00,14.236627982791225,14.527207585842755,14.210838038675234,14.477344512939453,3606800,0.0,0.0,0.0,SPDN
2022-07-19 00:00:00-04:00,14.322599989199762,14.348391576124158,14.073287874586896,14.081883430480957,4171800,0.0,0.0,0.0,SPDN
2022-07-20 00:00:00-04:00,14.08188409387262,14.133467270151472,13.948631654520959,13.995915412902832,3966700,0.0,0.0,0.0,SPDN
2022-07-21 00:00:00-04:00,14.03030118271725,14.107674299807387,13.858362197875977,13.858362197875977,4540500,0.0,0.0,0.0,SPDN
2022-07-22 00:00:00-04:00,13.866959881036271,14.073289318100064,13.823975538167398,13.987318992614746,4495500,0.0,0.0,0.0,SPDN
2022-07-25 00:00:00-04:00,13.978720486733634,14.057812063743432,13.948631121594316,13.970123291015625,3312500,0.0,0.0,0.0,SPDN
2022-07-26 00:00:00-04:00,14.038898437727038,14.172152504338227,14.030301242486253,14.14206314086914,3389600,0.0,0.0,0.0,SPDN
2022-07-27 00:00:00-04:00,14.021703593195177,14.021703593195177,13.712211953411808,13.780988693237305,3943700,0.0,0.0,0.0,SPDN
2022-07-28 00:00:00-04:00,13.74660069106918,13.87555534330581,13.578959479186821,13.609048843383789,2744400,0.0,0.0,0.0,SPDN
2022-07-29 00:00:00-04:00,13.548870451796512,13.583258414572699,13.376930637915583,13.402721405029297,2751200,0.0,0.0,0.0,SPDN
2022-08-01 00:00:00-04:00,13.505885096505452,13.523078667706091,13.359736051868403,13.445706367492676,2476600,0.0,0.0,0.0,SPDN
2022-08-02 00:00:00-04:00,13.514482898486706,13.574661630199921,13.381228821302118,13.540273666381836,3858700,0.0,0.0,0.0,SPDN
2022-08-03 00:00:00-04:00,13.462900890708962,13.471498086854071,13.290961067175555,13.333946228027344,2945600,0.0,0.0,0.0,SPDN
2022-08-04 00:00:00-04:00,13.33394449961042,13.394983272530514,13.310732237002275,13.342541694641113,1944200,0.0,0.0,0.0,SPDN
2022-08-05 00:00:00-04:00,13.488690497582668,13.496428465371098,13.346840052899989,13.376930236816406,2537400,0.0,0.0,0.0,SPDN
2022-08-08 00:00:00-04:00,13.316750688857251,13.419914574092502,13.230781194431382,13.376930236816406,2510700,0.0,0.0,0.0,SPDN
2022-08-09 00:00:00-04:00,13.419915555138234,13.47579650948015,13.398423384929028,13.43710994720459,2394800,0.0,0.0,0.0,SPDN
2022-08-10 00:00:00-04:00,13.204989762277096,13.260870713185858,13.157706826747015,13.162005424499512,1663300,0.0,0.0,0.0,SPDN
2022-08-11 00:00:00-04:00,13.067437736400956,13.187796012216834,12.998661813041505,13.15340805053711,2415100,0.0,0.0,0.0,SPDN
2022-08-12 00:00:00-04:00,13.101826033769356,13.131915398525841,12.938483416573993,12.947080612182617,2107300,0.0,0.0,0.0,SPDN
2022-08-15 00:00:00-04:00,13.015855592243133,13.015855592243133,12.87400515449517,12.89549732208252,1504300,0.0,0.0,0.0,SPDN
2022-08-16 00:00:00-04:00,12.921289418600297,12.951378784272515,12.800931955911423,12.86111068725586,2584200,0.0,0.0,0.0,SPDN
2022-08-17 00:00:00-04:00,12.972870647882807,13.020154401191261,12.877443913677691,12.964273452758789,2504800,0.0,0.0,0.0,SPDN
2022-08-18 00:00:00-04:00,12.947080255000705,12.997802559869092,12.899796500331428,12.929885864257812,4591000,0.0,0.0,0.0,SPDN
2022-08-19 00:00:00-04:00,13.007257899541164,13.127616165096317,13.007257899541164,13.09322738647461,3106300,0.0,0.0,0.0,SPDN
2022-08-22 00:00:00-04:00,13.265169156176466,13.407019600859146,13.257431188388036,13.376930236816406,2547100,0.0,0.0,0.0,SPDN
2022-08-23 00:00:00-04:00,13.39412438743816,13.424213752783139,13.30815406941789,13.4113187789917,4413100,0.0,0.0,0.0,SPDN
2022-08-24 00:00:00-04:00,13.411319576623827,13.437110345614316,13.324489205912197,13.373492240905762,3478300,0.0,0.0,0.0,SPDN
2022-08-25 00:00:00-04:00,13.32534651824328,13.35113728193979,13.179197490840401,13.18779468536377,2215000,0.0,0.0,0.0,SPDN
2022-08-26 00:00:00-04:00,13.179199254744184,13.630541369271898,13.174900656907177,13.626243591308594,2985700,0.0,0.0,0.0,SPDN
2022-08-29 00:00:00-04:00,13.738004462431583,13.772393246646722,13.61764699717356,13.720810890197754,2175100,0.0,0.0,0.0,SPDN
2022-08-30 00:00:00-04:00,13.677825406801261,13.952929115035884,13.677825406801261,13.875555992126465,2455200,0.0,0.0,0.0,SPDN
2022-08-31 00:00:00-04:00,13.823975362692558,13.983019396985647,13.776691602288452,13.978721618652344,1706700,0.0,0.0,0.0,SPDN
2022-09-01 00:00:00-04:00,14.073284390606386,14.16355246287391,13.931433157259994,13.935730934143066,2707700,0.0,0.0,0.0,SPDN
2022-09-02 00:00:00-04:00,13.806779144288763,14.167853147203411,13.765513262856116,14.099077224731445,2569600,0.0,0.0,0.0,SPDN
2022-09-06 00:00:00-04:00,14.064689935109673,14.228031724416677,14.030301154362522,14.15065860748291,3390100,0.0,0.0,0.0,SPDN
2022-09-07 00:00:00-04:00,14.167853664683946,14.167853664683946,13.866958377973656,13.901347160339355,2347400,0.0,0.0,0.0,SPDN
2022-09-08 00:00:00-04:00,13.978720676780632,14.021705016207642,13.798182843742817,13.815377235412598,3518100,0.0,0.0,0.0,SPDN
2022-09-09 00:00:00-04:00,13.729408865272639,13.73800524194045,13.566065410477412,13.60045337677002,2097100,0.0,0.0,0.0,SPDN
2022-09-12 00:00:00-04:00,13.523078712558815,13.532535955630543,13.428512020957415,13.454302787780762,2326600,0.0,0.0,0.0,SPDN
2022-09-13 00:00:00-04:00,13.763793843721887,14.077584070508594,13.71479081792089,14.038897514343262,3360100,0.0,0.0,0.0,SPDN
2022-09-14 00:00:00-04:00,14.004513385661324,14.107676464445648,13.931438035087153,13.987318992614746,2822500,0.0,0.0,0.0,SPDN
2022-09-15 00:00:00-04:00,14.047495632967825,14.193644672566528,13.944330929825723,14.14206314086914,2388000,0.0,0.0,0.0,SPDN
2022-09-16 00:00:00-04:00,14.314003922170853,14.382779852977926,14.236630795044453,14.253825187683105,4221000,0.0,0.0,0.0,SPDN
2022-09-19 00:00:00-04:00,14.391376304485716,14.391376304485716,14.151520606655895,14.159256935119629,2592800,0.0,0.0,0.0,SPDN
2022-09-20 00:00:00-04:00,14.275491846199834,14.420140349548138,14.247079451145009,14.318541526794434,3183900,0.025,0.0,0.0,SPDN
2022-09-21 00:00:00-04:00,14.249661702350982,14.559624671936035,14.12912127739685,14.559624671936035,5541800,0.0,0.0,0.0,SPDN
2022-09-22 00:00:00-04:00,14.611284321743671,14.72321612169768,14.568234640062954,14.688775062561035,3083300,0.0,0.0,0.0,SPDN
2022-09-23 00:00:00-04:00,14.843755271176489,15.123583104823032,14.843755271176489,14.947076797485352,8274100,0.0,0.0,0.0,SPDN
2022-09-26 00:00:00-04:00,15.015957901473273,15.14510858313117,14.86097642658779,15.093448638916016,4085500,0.0,0.0,0.0,SPDN
2022-09-27 00:00:00-04:00,14.938469177202569,15.231211637606373,14.843757898177738,15.136500358581543,4462100,0.0,0.0,0.0,SPDN
2022-09-28 00:00:00-04:00,15.102062138483415,15.16233236001883,14.766268323551234,14.835148811340332,5199700,0.0,0.0,0.0,SPDN
2022-09-29 00:00:00-04:00,14.981519317676424,15.274261786968426,14.981519317676424,15.145111083984375,5840300,0.0,0.0,0.0,SPDN
2022-09-30 00:00:00-04:00,15.196769966387754,15.394801139831541,15.028873900109753,15.394801139831543,4920800,0.0,0.0,0.0,SPDN
2022-10-03 00:00:00-04:00,15.222601719793142,15.308702735215375,14.908334409406224,14.990129470825195,4094400,0.0,0.0,0.0,SPDN
2022-10-04 00:00:00-04:00,14.74904514033769,14.757655405043932,14.525184826935687,14.533793449401855,4676100,0.0,0.0,0.0,SPDN
2022-10-05 00:00:00-04:00,14.705993468488751,14.80070472519752,14.47352127960715,14.568232536315918,4495700,0.0,0.0,0.0,SPDN
2022-10-06 00:00:00-04:00,14.6285057343949,14.731827275801987,14.507965304620123,14.723217010498047,5432600,0.0,0.0,0.0,SPDN
2022-10-07 00:00:00-04:00,14.895416457568768,15.205379420149603,14.878197570278788,15.127888679504395,3280300,0.0,0.0,0.0,SPDN
2022-10-10 00:00:00-04:00,15.093450208325104,15.351751598498943,15.076229677716132,15.239821434020996,4298200,0.0,0.0,0.0,SPDN
2022-10-11 00:00:00-04:00,15.334531749814197,15.437853295822539,15.132196254001599,15.351752281188965,5259700,0.0,0.0,0.0,SPDN
2022-10-12 00:00:00-04:00,15.334530925499969,15.412021670280613,15.265650445943862,15.394801139831543,3432900,0.0,0.0,0.0,SPDN
2022-10-13 00:00:00-04:00,15.721984121032394,15.77364406840329,14.934162122985688,14.998738288879395,10150700,0.0,0.0,0.0,SPDN
2022-10-14 00:00:00-04:00,14.895418053199204,15.377583078251115,14.83514783562778,15.351752281188965,5878500,0.0,0.0,0.0,SPDN
2022-10-17 00:00:00-04:00,15.067619596079142,15.076229861488583,14.908333791604992,14.955689430236816,3551700,0.0,0.0,0.0,SPDN
2022-10-18 00:00:00-04:00,14.61128341211508,14.92985662033585,14.606979101111008,14.783485412597656,4036200,0.0,0.0,0.0,SPDN
2022-10-19 00:00:00-04:00,14.869586912636354,15.007347860756848,14.75507187230316,14.886807441711426,4101600,0.0,0.0,0.0,SPDN
2022-10-20 00:00:00-04:00,14.904026037772262,15.050397247574624,14.723215412731701,15.015957832336426,8680200,0.0,0.0,0.0,SPDN
2022-10-21 00:00:00-04:00,15.033176802911631,15.093448653835576,14.640558270456323,14.654335021972656,5735900,0.0,0.0,0.0,SPDN
2022-10-24 00:00:00-04:00,14.594065170385559,14.705995326074483,14.43477773812047,14.490743637084961,3405600,0.0,0.0,0.0,SPDN
2022-10-25 00:00:00-04:00,14.482135105095525,14.48644105904491,14.236748281668659,14.258273124694824,2089500,0.0,0.0,0.0,SPDN
2022-10-26 00:00:00-04:00,14.37881282125181,14.37881282125181,14.154950877911604,14.361592292785645,3475400,0.0,0.0,0.0,SPDN
2022-10-27 00:00:00-04:00,14.32715270902462,14.464913666439076,14.24966196519897,14.447694778442383,3592000,0.0,0.0,0.0,SPDN
2022-10-28 00:00:00-04:00,14.456304854130263,14.456304854130263,14.086071670090266,14.103290557861328,2569000,0.0,0.0,0.0,SPDN
2022-10-31 00:00:00-04:00,14.19800087617581,14.236746244976144,14.124816091908523,14.215221405029297,2228800,0.0,0.0,0.0,SPDN
2022-11-01 00:00:00-04:00,14.068851719854178,14.314238534785574,14.060241454493754,14.26688289642334,2990500,0.0,0.0,0.0,SPDN
2022-11-02 00:00:00-04:00,14.292711708202011,14.63711406360351,14.120509709381276,14.628503799438477,6467300,0.0,0.0,0.0,SPDN
2022-11-03 00:00:00-04:00,14.774876594543457,14.869587868303398,14.66294643284183,14.774876594543457,3612000,0.0,0.0,0.0,SPDN
2022-11-04 00:00:00-04:00,14.559625098834044,14.826536751447135,14.477830042679757,14.585455894470215,3700000,0.0,0.0,0.0,SPDN
2022-11-07 00:00:00-05:00,14.525185059238924,14.606980111896274,14.417559212049733,14.43908405303955,3144900,0.0,0.0,0.0,SPDN
2022-11-08 00:00:00-05:00,14.396030258699732,14.531209587091062,14.249659065947696,14.370201110839844,3157400,0.0,0.0,0.0,SPDN
2022-11-09 00:00:00-05:00,14.456302441105214,14.68877298849215,14.40205761640041,14.662943840026855,4317100,0.0,0.0,0.0,SPDN
2022-11-10 00:00:00-05:00,14.120511163001463,14.21522243632681,13.853599515368376,13.870820045471191,7859300,0.0,0.0,0.0,SPDN
2022-11-11 00:00:00-05:00,13.836378690827061,13.905259167532407,13.69861773741637,13.733057975769043,3537500,0.0,0.0,0.0,SPDN
2022-11-14 00:00:00-05:00,13.793329335076686,13.862209813411745,13.677093219966247,13.853599548339844,2872800,0.0,0.0,0.0,SPDN
2022-11-15 00:00:00-05:00,13.638348929155034,13.873404421750559,13.60390868725798,13.741669654846191,4479900,0.0,0.0,0.0,SPDN
2022-11-16 00:00:00-05:00,13.801938681778294,13.866513202160592,13.76835897868028,13.83637809753418,3979000,0.0,0.0,0.0,SPDN
2022-11-17 00:00:00-05:00,14.025801695695831,14.030106007151728,13.866514253744992,13.896649360656738,4611900,0.0,0.0,0.0,SPDN
2022-11-18 00:00:00-05:00,13.77610837921085,13.939700126041204,13.768359469333632,13.827768325805664,1719800,0.0,0.0,0.0,SPDN
2022-11-21 00:00:00-05:00,13.888039095504789,13.94831095156844,13.844989411985196,13.896649360656738,2571700,0.0,0.0,0.0,SPDN
2022-11-22 00:00:00-05:00,13.819158824765164,13.866514462694395,13.6986183953018,13.707228660583496,1920100,0.0,0.0,0.0,SPDN
2022-11-23 00:00:00-05:00,13.715837904494716,13.725308702927268,13.608212059848324,13.62973690032959,4069800,0.0,0.0,0.0,SPDN
2022-11-25 00:00:00-05:00,13.646956936387436,13.655566379596765,13.612516700190117,13.638346672058105,444400,0.0,0.0,0.0,SPDN
2022-11-28 00:00:00-05:00,13.741668108869726,13.879429882079485,13.690007341276061,13.844988822937012,1204900,0.0,0.0,0.0,SPDN
2022-11-29 00:00:00-05:00,13.853599515368376,13.94400483504795,13.810549832351477,13.870820045471191,2054200,0.0,0.0,0.0,SPDN
2022-11-30 00:00:00-05:00,13.879430663309604,13.944005189476309,13.457536697387695,13.457536697387695,3897300,0.0,0.0,0.0,SPDN
2022-12-01 00:00:00-05:00,13.405875926886205,13.541914997900022,13.371435686925242,13.457536697387695,5540900,0.0,0.0,0.0,SPDN
2022-12-02 00:00:00-05:00,13.629737729320258,13.629737729320258,13.448926266472165,13.474756240844727,3603800,0.0,0.0,0.0,SPDN
2022-12-05 00:00:00-05:00,13.578077477242473,13.77180351238899,13.552246682326889,13.715838432312012,2168800,0.0,0.0,0.0,SPDN
2022-12-06 00:00:00-05:00,13.741667687371866,14.004274186317943,13.715837714927337,13.931089401245117,3113700,0.0,0.0,0.0,SPDN
2022-12-07 00:00:00-05:00,13.96552973999167,13.992221069100232,13.869097398562102,13.948310852050781,2918500,0.0,0.0,0.0,SPDN
2022-12-08 00:00:00-05:00,13.888038504625014,13.939700093338724,13.806243452521775,13.844988822937012,4303000,0.0,0.0,0.0,SPDN
2022-12-09 00:00:00-05:00,13.90525828016816,13.96552848815918,13.806242703862914,13.96552848815918,3116100,0.0,0.0,0.0,SPDN
2022-12-12 00:00:00-05:00,13.939699560055157,13.956918446727572,13.75888729095459,13.75888729095459,4262800,0.0,0.0,0.0,SPDN
2022-12-13 00:00:00-05:00,13.371435449560705,13.758888347523648,13.362826005563363,13.664177894592285,4579000,0.0,0.0,0.0,SPDN
2022-12-14 00:00:00-05:00,13.672789171052086,13.84499038053735,13.543637648098038,13.741669654846191,5970400,0.0,0.0,0.0,SPDN
2022-12-15 00:00:00-05:00,13.931089535997982,14.150645535580226,13.896648477578777,14.086071014404297,6386800,0.0,0.0,0.0,SPDN
2022-12-16 00:00:00-05:00,14.198002907325455,14.344374139039749,14.146342955614603,14.258273124694824,2802300,0.0,0.0,0.0,SPDN
2022-12-19 00:00:00-05:00,14.266884028860673,14.452000643202972,14.249663496772941,14.38742446899414,3576200,0.0,0.0,0.0,SPDN
2022-12-20 00:00:00-05:00,14.424745345101577,14.468140424862659,14.307576643247245,14.381348609924316,3534100,0.133,0.0,0.0,SPDN
2022-12-21 00:00:00-05:00,14.268519129120401,14.290216667054233,14.11836958416928,14.164368629455566,2771100,0.0,0.0,0.0,SPDN
2022-12-22 00:00:00-05:00,14.277198766358573,14.588779522870428,14.27199082741518,14.372668266296387,11118300,0.0,0.0,0.0,SPDN
2022-12-23 00:00:00-05:00,14.416064857529367,14.476818626554776,14.291084256606197,14.2945556640625,2980000,0.0,0.0,0.0,SPDN
2022-12-27 00:00:00-05:00,14.311914453314827,14.420403800282418,14.290216915004521,14.363988876342773,2045100,0.0,0.0,0.0,SPDN
2022-12-28 00:00:00-05:00,14.363989196185008,14.537572817364758,14.28587673219573,14.52889347076416,2740300,0.0,0.0,0.0,SPDN
2022-12-29 00:00:00-05:00,14.43342185075569,14.442101197077978,14.25116054423578,14.285876274108887,5998100,0.0,0.0,0.0,SPDN
2022-12-30 00:00:00-05:00,14.390026993641872,14.47247830183482,14.329273223876953,14.329273223876953,2132900,0.0,0.0,0.0,SPDN
2023-01-03 00:00:00-05:00,14.251158924315304,14.502853317387524,14.190405162381175,14.39002513885498,3980200,0.0,0.0,0.0,SPDN
2023-01-04 00:00:00-05:00,14.31191431307575,14.424744159849446,14.20342496717122,14.285876274108887,5384800,0.0,0.0,0.0,SPDN
2023-01-05 00:00:00-05:00,14.355310420295377,14.472477452009908,14.355310420295377,14.450779914855957,7516400,0.0,0.0,0.0,SPDN
2023-01-06 00:00:00-05:00,14.33795328977404,14.450781488510888,14.086257196214389,14.129653930664062,4013200,0.0,0.0,0.0,SPDN
2023-01-09 00:00:00-05:00,14.042861005942921,14.14700984954834,13.92569231532481,14.14700984954834,2504500,0.0,0.0,0.0,SPDN
2023-01-10 00:00:00-05:00,14.164369482557083,14.194746368577214,14.042861938476562,14.042861938476562,2302200,0.0,0.0,0.0,SPDN
2023-01-11 00:00:00-05:00,13.990785226388619,14.016821607055231,13.860597529100035,13.86927604675293,2646900,0.0,0.0,0.0,SPDN
2023-01-12 00:00:00-05:00,13.825883865356445,13.977768302379273,13.76512926283921,13.825883865356445,5381100,0.0,0.0,0.0,SPDN
2023-01-13 00:00:00-05:00,13.947390360911328,13.95606970743044,13.75905284552838,13.782486915588379,10666600,0.0,0.0,0.0,SPDN
2023-01-17 00:00:00-05:00,13.773808524672232,13.825883779691761,13.7217340973608,13.808525085449219,5999400,0.0,0.0,0.0,SPDN
2023-01-18 00:00:00-05:00,13.765129528534203,14.034183502197266,13.730412966872013,14.034183502197266,3282600,0.0,0.0,0.0,SPDN
2023-01-19 00:00:00-05:00,14.103614030287149,14.182593924530243,14.05067051786454,14.138331413269043,3630500,0.0,0.0,0.0,SPDN
2023-01-20 00:00:00-05:00,14.094937054348406,14.147011482160678,13.86927899327361,13.886637687683105,2331400,0.0,0.0,0.0,SPDN
2023-01-23 00:00:00-05:00,13.8519209424443,13.886637503093711,13.644489016631919,13.721734046936035,2563400,0.0,0.0,0.0,SPDN
2023-01-24 00:00:00-05:00,13.773807434003,13.818939042210179,13.700034644730035,13.730411529541016,1345000,0.0,0.0,0.0,SPDN
2023-01-25 00:00:00-05:00,13.877957108086942,13.964748917010912,13.72086474508843,13.730411529541016,3691500,0.0,0.0,0.0,SPDN
2023-01-26 00:00:00-05:00,13.634941922348768,13.747770948828496,13.574188149516637,13.582866668701172,7706700,0.0,0.0,0.0,SPDN
2023-01-27 00:00:00-05:00,13.626261657533446,13.63494100384138,13.478716081130642,13.565507888793945,3137200,0.0,0.0,0.0,SPDN
2023-01-30 00:00:00-05:00,13.660979405009515,13.747771220232902,13.582866936850087,13.739091873168945,4253300,0.0,0.0,0.0,SPDN
2023-01-31 00:00:00-05:00,13.713054426063179,13.726072618729239,13.535131952823692,13.539471626281738,2852000,0.0,0.0,0.0,SPDN
2023-02-01 00:00:00-05:00,13.574187871511748,13.66965820225098,13.298190274394146,13.400604248046875,4574700,0.0,0.0,0.0,SPDN
2023-02-02 00:00:00-05:00,13.261738772649622,13.331171894937727,13.148909742004424,13.209664344787598,5396000,0.0,0.0,0.0,SPDN
2023-02-03 00:00:00-05:00,13.3658886789514,13.39192672102469,13.205324891373376,13.357210159301758,4906300,0.0,0.0,0.0,SPDN
2023-02-06 00:00:00-05:00,13.435320936998355,13.491735863481887,13.383246511622245,13.426642417907715,2620800,0.0,0.0,0.0,SPDN
2023-02-07 00:00:00-05:00,13.47003703449684,13.51256467094738,13.227020313649204,13.261736869812012,2817900,0.0,0.0,0.0,SPDN
2023-02-08 00:00:00-05:00,13.3311712156623,13.430982048110291,13.287776137224464,13.417963027954102,3139600,0.0,0.0,0.0,SPDN
2023-02-09 00:00:00-05:00,13.296454836587479,13.575923846898558,13.288643755471073,13.530792236328125,3708400,0.0,0.0,0.0,SPDN
2023-02-10 00:00:00-05:00,13.591546881690146,13.606301606806188,13.500416216634813,13.513434410095215,2870300,0.0,0.0,0.0,SPDN
2023-02-13 00:00:00-05:00,13.487397058835729,13.509094599522017,13.35200221980385,13.357210159301758,2181800,0.0,0.0,0.0,SPDN
2023-02-14 00:00:00-05:00,13.400604200936051,13.496075359047708,13.282568065777996,13.365887641906738,4876300,0.0,0.0,0.0,SPDN
2023-02-15 00:00:00-05:00,13.43532071248649,13.470038099101174,13.322492516820985,13.331171035766602,4001000,0.0,0.0,0.0,SPDN
2023-02-16 00:00:00-05:00,13.496076626316594,13.522113841106433,13.360681785076403,13.504755973815918,4888200,0.0,0.0,0.0,SPDN
2023-02-17 00:00:00-05:00,13.59154410013578,13.666185148560148,13.548148199496584,13.556827545166016,4151100,0.0,0.0,0.0,SPDN
2023-02-21 00:00:00-05:00,13.69569417029902,13.843239740213361,13.66444984929729,13.83456039428711,3338600,0.0,0.0,0.0,SPDN
2023-02-22 00:00:00-05:00,13.825882007820102,13.903994466484757,13.769467086469856,13.86059856414795,7773800,0.0,0.0,0.0,SPDN
2023-02-23 00:00:00-05:00,13.747770357219967,13.938711014392213,13.730411664181739,13.782486915588379,4482600,0.0,0.0,0.0,SPDN
2023-02-24 00:00:00-05:00,13.964750204478142,14.042862674169614,13.917014622398218,13.947391510009766,9241200,0.0,0.0,0.0,SPDN
2023-02-27 00:00:00-05:00,13.825884946000079,13.935241749203941,13.773809686587644,13.903997421264648,3548900,0.0,0.0,0.0,SPDN
2023-02-28 00:00:00-05:00,13.912675776489232,13.956070857243954,13.84671406184238,13.947391510009766,2938300,0.0,0.0,0.0,SPDN
2023-03-01 00:00:00-05:00,13.982107994060772,14.055879957652712,13.938711260698357,14.00814437866211,2687600,0.0,0.0,0.0,SPDN
2023-03-02 00:00:00-05:00,14.086258759937753,14.099278609426072,13.869280029850913,13.903997421264648,2893600,0.0,0.0,0.0,SPDN
2023-03-03 00:00:00-05:00,13.843240584785375,13.869277796444669,13.679204578686562,13.687016487121582,3651500,0.0,0.0,0.0,SPDN
2023-03-06 00:00:00-05:00,13.660978404311619,13.695694962316287,13.582865941874106,13.678337097167969,5224600,0.0,0.0,0.0,SPDN
2023-03-07 00:00:00-05:00,13.687018691177808,13.921356116971516,13.680942485513869,13.903997421264648,4124000,0.0,0.0,0.0,SPDN
2023-03-08 00:00:00-05:00,13.89531412748397,13.956067889789098,13.851918228248335,13.877955436706543,3209000,0.0,0.0,0.0,SPDN
2023-03-09 00:00:00-05:00,13.85191879762419,14.173047140835003,13.79116503282181,14.138331413269043,3957800,0.0,0.0,0.0,SPDN
2023-03-10 00:00:00-05:00,14.164368096409492,14.407384816204663,14.090596139127511,14.346631050109863,8997900,0.0,0.0,0.0,SPDN
2023-03-13 00:00:00-04:00,14.511535504623739,14.554063146306127,14.19040794139291,14.381348609924316,8007900,0.0,0.0,0.0,SPDN
2023-03-14 00:00:00-04:00,14.181726486580477,14.311913361930708,14.068896647305255,14.138331413269043,5424000,0.0,0.0,0.0,SPDN
2023-03-15 00:00:00-04:00,14.363988725647928,14.433421840762112,14.229462996285722,14.23380184173584,13592900,0.0,0.0,0.0,SPDN
2023-03-16 00:00:00-04:00,14.320595382631035,14.346633424731122,13.982109112411136,13.990788459777832,8277100,0.0,0.0,0.0,SPDN
2023-03-17 00:00:00-04:00,14.034181659739799,14.212104118363744,14.003804775736883,14.14700984954834,6854700,0.0,0.0,0.0,SPDN
2023-03-20 00:00:00-04:00,14.129651742353603,14.16002862405572,14.008142560129237,14.025501251220703,7080400,0.0,0.0,0.0,SPDN
2023-03-21 00:00:00-04:00,13.906776758867021,13.96439427527011,13.828207266944469,13.85439682006836,3446200,0.094,0.0,0.0,SPDN
2023-03-22 00:00:00-04:00,13.854395718116514,14.090103342585559,13.726938848486807,14.08137321472168,4285300,0.0,0.0,0.0,SPDN
2023-03-23 00:00:00-04:00,13.976614879382963,14.15295913131404,13.83169775538559,14.055184364318848,7362500,0.0,0.0,0.0,SPDN
2023-03-24 00:00:00-04:00,14.116294826116018,14.194864317911424,13.967885971069336,13.967885971069336,5757100,0.0,0.0,0.0,SPDN
2023-03-27 00:00:00-04:00,13.889315279130003,13.97661489192618,13.858760664416584,13.941695213317871,5040800,0.0,0.0,0.0,SPDN
2023-03-28 00:00:00-04:00,13.967885583849878,14.04645507346717,13.951298673096208,13.985345840454102,2980100,0.0,0.0,0.0,SPDN
2023-03-29 00:00:00-04:00,13.83693696115707,13.876221705885186,13.771461831576305,13.782811164855957,3104200,0.0,0.0,0.0,SPDN
2023-03-30 00:00:00-04:00,13.688528505776146,13.768843856698103,13.6850359548311,13.705987930297852,3155900,0.0,0.0,0.0,SPDN
2023-03-31 00:00:00-04:00,13.688528412614986,13.688528412614986,13.513929173280935,13.522659301757812,3250400,0.0,0.0,0.0,SPDN
2023-04-03 00:00:00-04:00,13.54011905371202,13.557578477463723,13.461549565452241,13.470279693603516,1896700,0.0,0.0,0.0,SPDN
2023-04-04 00:00:00-04:00,13.452819361811498,13.601228209346996,13.447581784480631,13.548849105834961,5618400,0.0,0.0,0.0,SPDN
2023-04-05 00:00:00-04:00,13.575040307195833,13.649244739980718,13.557580048869536,13.592499732971191,3579100,0.0,0.0,0.0,SPDN
2023-04-06 00:00:00-04:00,13.627417761103013,13.668448364122748,13.544484041783818,13.548849105834961,3514100,0.0,0.0,0.0,SPDN
2023-04-10 00:00:00-04:00,13.636147889205299,13.662337440961316,13.540118977732675,13.548849105834961,2415700,0.0,0.0,0.0,SPDN
2023-04-11 00:00:00-04:00,13.522658721528105,13.562816811268114,13.492104105720944,13.548849105834961,1203600,0.0,0.0,0.0,SPDN
2023-04-12 00:00:00-04:00,13.461549045493095,13.618688015943079,13.461549045493095,13.601227760314941,4702000,0.0,0.0,0.0,SPDN
2023-04-13 00:00:00-04:00,13.566308741760361,13.575911383292624,13.40916976366383,13.426630020141602,2320600,0.0,0.0,0.0,SPDN
2023-04-14 00:00:00-04:00,13.452817724522724,13.540117329819013,13.378613309786099,13.4615478515625,3089600,0.0,0.0,0.0,SPDN
2023-04-17 00:00:00-04:00,13.461549894722422,13.513928999809574,13.417900085449219,13.417900085449219,2125700,0.0,0.0,0.0,SPDN
2023-04-18 00:00:00-04:00,13.3742495181533,13.457184067816753,13.365520222834109,13.40916919708252,3008300,0.0,0.0,0.0,SPDN
2023-04-19 00:00:00-04:00,13.487739447265998,13.487739447265998,13.391710532905643,13.417900085449219,3098400,0.0,0.0,0.0,SPDN
2023-04-20 00:00:00-04:00,13.522660766015097,13.54885115428167,13.439727034157176,13.50520133972168,3569800,0.0,0.0,0.0,SPDN
2023-04-21 00:00:00-04:00,13.487740516662598,13.557579884016699,13.479010387605602,13.487740516662598,2828400,0.0,0.0,0.0,SPDN
2023-04-24 00:00:00-04:00,13.505200774776588,13.549723100885775,13.473772809701963,13.487740516662598,1446300,0.0,0.0,0.0,SPDN
2023-04-25 00:00:00-04:00,13.557579075384394,13.705987930297852,13.539246304988708,13.705987930297852,1994400,0.0,0.0,0.0,SPDN
2023-04-26 00:00:00-04:00,13.679797100386525,13.784556135391334,13.646623281085713,13.758366584777832,4573700,0.0,0.0,0.0,SPDN
2023-04-27 00:00:00-04:00,13.671069635988486,13.682418970747527,13.487741080877298,13.50520133972168,2672400,0.0,0.0,0.0,SPDN
2023-04-28 00:00:00-04:00,13.53139016228638,13.53139016228638,13.382981300354004,13.382981300354004,4094600,0.0,0.0,0.0,SPDN
2023-05-01 00:00:00-04:00,13.40916919708252,13.414407606824852,13.339329839224082,13.40916919708252,1331600,0.0,0.0,0.0,SPDN
2023-05-02 00:00:00-04:00,13.435359626459833,13.65797289259849,13.435359626459833,13.557578086853027,3724800,0.0,0.0,0.0,SPDN
2023-05-03 00:00:00-04:00,13.54884896917992,13.662337303161621,13.470279482153488,13.662337303161621,2772200,0.0,0.0,0.0,SPDN
2023-05-04 00:00:00-04:00,13.69725652327859,13.802016390834202,13.688527228107958,13.758366584777832,4445600,0.0,0.0,0.0,SPDN
2023-05-05 00:00:00-04:00,13.636147707542367,13.64487783552835,13.470279438562862,13.513928413391113,2128200,0.0,0.0,0.0,SPDN
2023-05-08 00:00:00-04:00,13.505199117955959,13.55495984841506,13.500834053962969,13.513928413391113,1458700,0.0,0.0,0.0,SPDN
2023-05-09 00:00:00-04:00,13.575037002563477,13.58376712960141,13.535752263443507,13.575037002563477,999800,0.0,0.0,0.0,SPDN
2023-05-10 00:00:00-04:00,13.487739620401177,13.644005256913436,13.46155006752142,13.522659301757812,4599300,0.0,0.0,0.0,SPDN
2023-05-11 00:00:00-04:00,13.557578595045705,13.614323595970278,13.535754107029085,13.540119171142578,4227500,0.0,0.0,0.0,SPDN
2023-05-12 00:00:00-04:00,13.505197651361472,13.653606480803415,13.496467524323538,13.575037002563477,4099400,0.0,0.0,0.0,SPDN
2023-05-15 00:00:00-04:00,13.55757878895489,13.614323790691067,13.51392897974649,13.531389236450195,3213000,0.0,0.0,0.0,SPDN
2023-05-16 00:00:00-04:00,13.57503782441814,13.627416924715389,13.540118146703046,13.618687629699707,2230300,0.0,0.0,0.0,SPDN
2023-05-17 00:00:00-04:00,13.548848611061103,13.603846917505575,13.435359447528281,13.452818870544434,5049800,0.0,0.0,0.0,SPDN
2023-05-18 00:00:00-04:00,13.470278175729923,13.47900747034671,13.321869344084819,13.33932876586914,3870100,0.0,0.0,0.0,SPDN
2023-05-19 00:00:00-04:00,13.313139783782713,13.400439394073732,13.295679528704193,13.356789588928223,4341100,0.0,0.0,0.0,SPDN
2023-05-22 00:00:00-04:00,13.365521430969238,13.408297895827786,13.308776427235706,13.365521430969238,2132000,0.0,0.0,0.0,SPDN
2023-05-23 00:00:00-04:00,13.409169375211821,13.531388669363075,13.382979823804705,13.513928413391113,3159800,0.0,0.0,0.0,SPDN
2023-05-24 00:00:00-04:00,13.56630769685167,13.653607307414802,13.561942633068435,13.618687629699707,7800900,0.0,0.0,0.0,SPDN
2023-05-25 00:00:00-04:00,13.50520133972168,13.574167364034674,13.452821395739496,13.50520133972168,5313700,0.0,0.0,0.0,SPDN
2023-05-26 00:00:00-04:00,13.487739330332756,13.496469458621883,13.313140927304508,13.348060607910156,3947000,0.0,0.0,0.0,SPDN
2023-05-30 00:00:00-04:00,13.278219540797892,13.382978569156068,13.269489413630355,13.33932876586914,3013000,0.0,0.0,0.0,SPDN
2023-05-31 00:00:00-04:00,13.400439901763328,13.470279259621767,13.378614582088305,13.40916919708252,3930000,0.0,0.0,0.0,SPDN
2023-06-01 00:00:00-04:00,13.417900301175635,13.452819982645446,13.256397086584341,13.29568099975586,3022300,0.0,0.0,0.0,SPDN
2023-06-02 00:00:00-04:00,13.21711140823322,13.230205767516134,13.086161987548355,13.11235237121582,3699500,0.0,0.0,0.0,SPDN
2023-06-05 00:00:00-04:00,13.103622302891978,13.164731533292208,13.059972495798602,13.147272109985352,4733300,0.0,0.0,0.0,SPDN
2023-06-06 00:00:00-04:00,13.156001345559956,13.173461601338266,13.098383833572845,13.11235237121582,3988000,0.0,0.0,0.0,SPDN
2023-06-07 00:00:00-04:00,13.094890912818851,13.177825455047579,13.068701364107422,13.156000137329102,5803200,0.0,0.0,0.0,SPDN
2023-06-08 00:00:00-04:00,13.156000969479512,13.186555583667294,13.077431485824762,13.086161613464355,2367500,0.0,0.0,0.0,SPDN
2023-06-09 00:00:00-04:00,13.068702383554381,13.099256998192972,13.007592321726392,13.077431678771973,4402400,0.0,0.0,0.0,SPDN
2023-06-12 00:00:00-04:00,13.042513093971433,13.068703479472912,12.955214306619137,12.963944435119629,3105800,0.0,0.0,0.0,SPDN
2023-06-13 00:00:00-04:00,12.911563814126628,12.936007506595145,12.854819646974832,12.876644134521484,2971800,0.0,0.0,0.0,SPDN
2023-06-14 00:00:00-04:00,12.859184071658934,12.963943944599265,12.807677481026122,12.867914199829102,4790400,0.0,0.0,0.0,SPDN
2023-06-15 00:00:00-04:00,12.89410582923408,12.89410582923408,12.667127470200564,12.710777282714844,5129800,0.0,0.0,0.0,SPDN
2023-06-16 00:00:00-04:00,12.658396698135746,12.77625093617198,12.649666569566199,12.771885871887207,5996200,0.0,0.0,0.0,SPDN
2023-06-20 00:00:00-04:00,12.81553713670641,12.886249021513017,12.802441942365828,12.82426643371582,1623200,0.0,0.0,0.0,SPDN
2023-06-21 00:00:00-04:00,12.864271184274465,12.917612537871614,12.840266981663875,12.908722877502441,6077600,0.265,0.0,0.0,SPDN
2023-06-22 00:00:00-04:00,12.935394851904892,12.944285361011438,12.855381965637207,12.855381965637207,3804800,0.0,0.0,0.0,SPDN
2023-06-23 00:00:00-04:00,12.970954895019531,12.980733945465776,12.909611574585458,12.970954895019531,6287100,0.0,0.0,0.0,SPDN
2023-06-26 00:00:00-04:00,12.979844962478502,13.028741060894493,12.92739215214742,13.024295806884766,2494800,0.0,0.0,0.0,SPDN
2023-06-27 00:00:00-04:00,12.997625172916742,13.006515680965094,12.864270943573501,12.890941619873047,2616800,0.0,0.0,0.0,SPDN
2023-06-28 00:00:00-04:00,12.917611696919392,12.935392712191229,12.84648933152299,12.882050514221191,5418000,0.0,0.0,0.0,SPDN
2023-06-29 00:00:00-04:00,12.890941462242429,12.908722478121707,12.828709602355957,12.828709602355957,4390800,0.0,0.0,0.0,SPDN
2023-06-30 00:00:00-04:00,12.739806616981337,12.748697125198952,12.659793738713853,12.6864652633667,4947700,0.0,0.0,0.0,SPDN
2023-07-03 00:00:00-04:00,12.69535468203685,12.713135698133556,12.668684005737305,12.668684005737305,3025400,0.0,0.0,0.0,SPDN
2023-07-05 00:00:00-04:00,12.73091528873686,12.73091528873686,12.67757393855806,12.704244613647461,3796700,0.0,0.0,0.0,SPDN
2023-07-06 00:00:00-04:00,12.819819208786933,12.8820510692286,12.793148532575579,12.802038192749023,5668300,0.0,0.0,0.0,SPDN
2023-07-07 00:00:00-04:00,12.846491456530662,12.855381965637207,12.730917381682408,12.855381965637207,7114200,0.0,0.0,0.0,SPDN
2023-07-10 00:00:00-04:00,12.855380278329372,12.88205095430279,12.810928586476678,12.828709602355957,2739200,0.0,0.0,0.0,SPDN
2023-07-11 00:00:00-04:00,12.80203899323917,12.828710518963764,12.730916620331387,12.73980712890625,3517200,0.0,0.0,0.0,SPDN
2023-07-12 00:00:00-04:00,12.633122088597718,12.676684388524071,12.597560906312566,12.642012596130371,6717300,0.0,0.0,0.0,SPDN
2023-07-13 00:00:00-04:00,12.58867035115697,12.597560858655992,12.521993240605235,12.553109169006348,3424400,0.0,0.0,0.0,SPDN
2023-07-14 00:00:00-04:00,12.5264400417889,12.580670787679502,12.500657905994968,12.56200122833252,5209600,0.0,0.0,0.0,SPDN
2023-07-17 00:00:00-04:00,12.570892317616634,12.570892317616634,12.49621322893349,12.526440620422363,1282700,0.0,0.0,0.0,SPDN
2023-07-18 00:00:00-04:00,12.535330135264594,12.544219795721933,12.415310816712369,12.437536239624023,3127300,0.0,0.0,0.0,SPDN
2023-07-19 00:00:00-04:00,12.40197467803955,12.428645354293579,12.375304001785523,12.40197467803955,3355700,0.0,0.0,0.0,SPDN
2023-07-20 00:00:00-04:00,12.437534955026925,12.515769893889864,12.412642212626318,12.490877151489258,3952500,0.0,0.0,0.0,SPDN
2023-07-21 00:00:00-04:00,12.446427007730255,12.49976921081543,12.446427007730255,12.49976921081543,3690700,0.0,0.0,0.0,SPDN
2023-07-24 00:00:00-04:00,12.464208005728336,12.486433429070075,12.42420156543676,12.455317497253418,3211900,0.0,0.0,0.0,SPDN
2023-07-25 00:00:00-04:00,12.464207628853915,12.464207628853915,12.384194750690076,12.419755935668945,3352800,0.0,0.0,0.0,SPDN
2023-07-26 00:00:00-04:00,12.437536104235615,12.477542543317535,12.378860106628204,12.419755935668945,4652700,0.0,0.0,0.0,SPDN
2023-07-27 00:00:00-04:00,12.330852940917008,12.530885142679466,12.313072771785654,12.49976921081543,5281000,0.0,0.0,0.0,SPDN
2023-07-28 00:00:00-04:00,12.419755095201081,12.4428699062654,12.37085815122201,12.393083572387695,4642100,0.0,0.0,0.0,SPDN
2023-07-31 00:00:00-04:00,12.37530517578125,12.415311617880299,12.36196941246637,12.37530517578125,2211200,0.0,0.0,0.0,SPDN
2023-08-01 00:00:00-04:00,12.41086483001709,12.435757573519435,12.384194154528217,12.41086483001709,1901500,0.0,0.0,0.0,SPDN
2023-08-02 00:00:00-04:00,12.499767602375293,12.606451146972303,12.49532234870307,12.579779624938965,12902500,0.0,0.0,0.0,SPDN
2023-08-03 00:00:00-04:00,12.650902968430122,12.66690605245943,12.570890939665635,12.624232292175293,3778500,0.0,0.0,0.0,SPDN
2023-08-04 00:00:00-04:00,12.57978086044637,12.704245431956402,12.521994252722925,12.6864652633667,7478200,0.0,0.0,0.0,SPDN
2023-08-07 00:00:00-04:00,12.633121821160193,12.659792495348084,12.579779624938965,12.579779624938965,3670000,0.0,0.0,0.0,SPDN
2023-08-08 00:00:00-04:00,12.659793119655967,12.739805994010858,12.633122444152832,12.633122444152832,4642200,0.0,0.0,0.0,SPDN
2023-08-09 00:00:00-04:00,12.633122977054052,12.748697039570196,12.633122977054052,12.730916023254395,5876500,0.0,0.0,0.0,SPDN
2023-08-10 00:00:00-04:00,12.668684755998465,12.762032552497846,12.562001196636787,12.73980712890625,7352000,0.0,0.0,0.0,SPDN
2023-08-11 00:00:00-04:00,12.793148017669623,12.806482931315834,12.71313514441045,12.748696327209473,6813700,0.0,0.0,0.0,SPDN
2023-08-14 00:00:00-04:00,12.784257707762153,12.784257707762153,12.677574157714844,12.677574157714844,2544500,0.0,0.0,0.0,SPDN
2023-08-15 00:00:00-04:00,12.739806218650566,12.846489770389732,12.729137778692099,12.828709602355957,3226500,0.0,0.0,0.0,SPDN
2023-08-16 00:00:00-04:00,12.84649125014957,12.926504135131836,12.797595146540322,12.926504135131836,4548600,0.0,0.0,0.0,SPDN
2023-08-17 00:00:00-04:00,12.890942169084767,13.04563328519638,12.88205166065764,13.033186912536621,6380400,0.0,0.0,0.0,SPDN
2023-08-18 00:00:00-04:00,13.122090301116804,13.130980809543933,13.002070980887222,13.033186912536621,7238000,0.0,0.0,0.0,SPDN
2023-08-21 00:00:00-04:00,12.99762533032472,13.073192953959856,12.930058824891795,12.953173637390137,3597800,0.0,0.0,0.0,SPDN
2023-08-22 00:00:00-04:00,12.90872316678582,13.006516215802483,12.900721200505949,12.98873519897461,4713000,0.0,0.0,0.0,SPDN
2023-08-23 00:00:00-04:00,12.970956040485461,12.970956040485461,12.828711286163184,12.855381965637207,4054000,0.0,0.0,0.0,SPDN
2023-08-24 00:00:00-04:00,12.802038780504583,13.04207742096375,12.784258611495876,13.033186912536621,6310000,0.0,0.0,0.0,SPDN
2023-08-25 00:00:00-04:00,12.9798451618582,13.095418376504387,12.908722792301075,12.953173637390137,4798600,0.0,0.0,0.0,SPDN
2023-08-28 00:00:00-04:00,12.890942332998318,12.926503519313455,12.855381146683179,12.873161315917969,4885600,0.0,0.0,0.0,SPDN
2023-08-29 00:00:00-04:00,12.873160848863456,12.882051357081071,12.677574755149084,12.6864652633667,3471400,0.0,0.0,0.0,SPDN
2023-08-30 00:00:00-04:00,12.677573778415521,12.70424445316802,12.619786327298737,12.642012596130371,5276500,0.0,0.0,0.0,SPDN
2023-08-31 00:00:00-04:00,12.62423266841167,12.668684362058174,12.596672601393927,12.659793853759766,3922300,0.0,0.0,0.0,SPDN
2023-09-01 00:00:00-04:00,12.588670398779913,12.694465403589378,12.57977989124726,12.642012596130371,4453600,0.0,0.0,0.0,SPDN
2023-09-05 00:00:00-04:00,12.659792923268144,12.713135121292419,12.650902415623186,12.704244613647461,6103700,0.0,0.0,0.0,SPDN
2023-09-06 00:00:00-04:00,12.730915334876705,12.864270406497965,12.730915334876705,12.793148040771484,5740900,0.0,0.0,0.0,SPDN
2023-09-07 00:00:00-04:00,12.899832106667754,12.899832106667754,12.819819230055431,12.846489906311035,3781700,0.0,0.0,0.0,SPDN
2023-09-08 00:00:00-04:00,12.837599262450093,12.859825532299192,12.784257910503262,12.828709602355957,5211800,0.0,0.0,0.0,SPDN
2023-09-11 00:00:00-04:00,12.748696327209473,12.802037677485272,12.739805819548348,12.748696327209473,2110100,0.0,0.0,0.0,SPDN
2023-09-12 00:00:00-04:00,12.7931484184429,12.837599262450093,12.749585268676869,12.828709602355957,2641800,0.0,0.0,0.0,SPDN
2023-09-13 00:00:00-04:00,12.810928344726562,12.850934781854491,12.775367161484567,12.810928344726562,4996100,0.0,0.0,0.0,SPDN
2023-09-14 00:00:00-04:00,12.739805796381818,12.784257486761135,12.686464446203018,12.704244613647461,4047100,0.0,0.0,0.0,SPDN
2023-09-15 00:00:00-04:00,12.757588096277937,12.882051824458143,12.748697587737762,12.873161315917969,3988400,0.0,0.0,0.0,SPDN
2023-09-18 00:00:00-04:00,12.882052287488623,12.890942796348357,12.819820421161669,12.864272117614746,2541800,0.0,0.0,0.0,SPDN
2023-09-19 00:00:00-04:00,12.895833015441895,12.976093566230825,12.877796472776684,12.895833015441895,3396200,0.205,0.0,0.0,SPDN
2023-09-20 00:00:00-04:00,12.859761966275261,13.017578288910732,12.841725421960456,13.013069152832031,5366100,0.0,0.0,0.0,SPDN
2023-09-21 00:00:00-04:00,13.11226866382362,13.238521904503926,13.099643425758574,13.229503631591797,8257100,0.0,0.0,0.0,SPDN
2023-09-22 00:00:00-04:00,13.211464408360964,13.283608856977692,13.157356501913252,13.274591445922852,3566800,0.0,0.0,0.0,SPDN
2023-09-25 00:00:00-04:00,13.319684341702628,13.319684341702628,13.211466789245605,13.211466789245605,3035900,0.0,0.0,0.0,SPDN
2023-09-26 00:00:00-04:00,13.310664734741167,13.441426235805409,13.29713732703256,13.4188814163208,3674200,0.0,0.0,0.0,SPDN
2023-09-27 00:00:00-04:00,13.38280951593673,13.536116700259084,13.364772971884802,13.409863471984863,6405200,0.0,0.0,0.0,SPDN
2023-09-28 00:00:00-04:00,13.4369189657985,13.454955511914589,13.283611763931159,13.346738815307617,8872800,0.0,0.0,0.0,SPDN
2023-09-29 00:00:00-04:00,13.24753813743319,13.427900139491669,13.24753813743319,13.38280963897705,6453600,0.0,0.0,0.0,SPDN
2023-10-02 00:00:00-04:00,13.400844995171393,13.477498586161175,13.348540566273666,13.391827583312988,6077700,0.0,0.0,0.0,SPDN
2023-10-03 00:00:00-04:00,13.463972643621329,13.6172798324927,13.418882142183316,13.572189331054688,4853400,0.0,0.0,0.0,SPDN
2023-10-04 00:00:00-04:00,13.563171998811441,13.608262503374633,13.45405313257389,13.472990989685059,5868100,0.0,0.0,0.0,SPDN
2023-10-05 00:00:00-04:00,13.4820076528408,13.592027817215808,13.458560662069917,13.491025924682617,16409000,0.0,0.0,0.0,SPDN
2023-10-06 00:00:00-04:00,13.572189845641072,13.617280348788679,13.283611141514271,13.337719917297363,12071400,0.0,0.0,0.0,SPDN
2023-10-09 00:00:00-04:00,13.391828013503678,13.414372833918524,13.234011690510448,13.256556510925293,3510100,0.0,0.0,0.0,SPDN
2023-10-10 00:00:00-04:00,13.229503130827002,13.243030539683158,13.103249894925648,13.19343090057373,5348900,0.0,0.0,0.0,SPDN
2023-10-11 00:00:00-04:00,13.14833959923255,13.229502327380736,13.125794779204611,13.139321327209473,3243000,0.0,0.0,0.0,SPDN
2023-10-12 00:00:00-04:00,13.112268043842258,13.292629193407734,13.112268043842258,13.220484733581543,15177800,0.0,0.0,0.0,SPDN
2023-10-13 00:00:00-04:00,13.175393334026946,13.346737059469143,13.139321106570128,13.292628288269043,4406100,0.0,0.0,0.0,SPDN
2023-10-16 00:00:00-04:00,13.229501997670834,13.229501997670834,13.121285316180181,13.14833927154541,3358400,0.0,0.0,0.0,SPDN
2023-10-17 00:00:00-04:00,13.256557214038123,13.265575486694289,13.098740882674493,13.166377067565918,9458100,0.0,0.0,0.0,SPDN
2023-10-18 00:00:00-04:00,13.220484332828203,13.366576730543262,13.187117757678228,13.32870101928711,5803400,0.0,0.0,0.0,SPDN
2023-10-19 00:00:00-04:00,13.310665233163077,13.482008103739386,13.257458631558523,13.454954147338867,17593400,0.0,0.0,0.0,SPDN
2023-10-20 00:00:00-04:00,13.472990753930302,13.63531622350543,13.463973341199326,13.626297950744629,8405900,0.0,0.0,0.0,SPDN
2023-10-23 00:00:00-04:00,13.680406273011066,13.7390233239502,13.527099081287425,13.662369728088379,8638100,0.0,0.0,0.0,SPDN
2023-10-24 00:00:00-04:00,13.58120730499483,13.650646108064274,13.518080260356482,13.554152488708496,4932300,0.0,0.0,0.0,SPDN
2023-10-25 00:00:00-04:00,13.617279484296708,13.77058666924799,13.617279484296708,13.75255012512207,8039000,0.0,0.0,0.0,SPDN
2023-10-26 00:00:00-04:00,13.797641551293305,13.959966159170527,13.770587593318737,13.923893928527832,20838800,0.0,0.0,0.0,SPDN
2023-10-27 00:00:00-04:00,13.869786152030228,14.04563817067772,13.860767879271428,13.996039390563965,12042100,0.0,0.0,0.0,SPDN
2023-10-30 00:00:00-04:00,13.896839718968584,13.943733703958115,13.794935647747067,13.83371353149414,5209800,0.0,0.0,0.0,SPDN
2023-10-31 00:00:00-04:00,13.80665889747007,13.878803353914233,13.73902271702763,13.75255012512207,7245600,0.0,0.0,0.0,SPDN
2023-11-01 00:00:00-04:00,13.716479084617458,13.73451477027534,13.57219015923508,13.599244117736816,7542200,0.0,0.0,0.0,SPDN
2023-11-02 00:00:00-04:00,13.47299086639326,13.48200913922934,13.346738486807475,13.355756759643555,22009900,0.0,0.0,0.0,SPDN
2023-11-03 00:00:00-04:00,13.283611549004899,13.283611549004899,13.184413127060983,13.229503631591797,8365000,0.0,0.0,0.0,SPDN
2023-11-06 00:00:00-05:00,13.202449798583984,13.265575989510234,13.188922389086995,13.202449798583984,2986200,0.0,0.0,0.0,SPDN
2023-11-07 00:00:00-05:00,13.211466710787112,13.238521528755609,13.148340522253587,13.166377067565918,7827500,0.0,0.0,0.0,SPDN
2023-11-08 00:00:00-05:00,13.139321625100589,13.229502627316412,13.135714660221485,13.157358169555664,2886500,0.0,0.0,0.0,SPDN
2023-11-09 00:00:00-05:00,13.130303816055658,13.283610139141423,13.121285544100687,13.26557445526123,29609100,0.0,0.0,0.0,SPDN
2023-11-10 00:00:00-05:00,13.21146702688967,13.256557531219533,13.058159828186035,13.058159828186035,5238400,0.0,0.0,0.0,SPDN
2023-11-13 00:00:00-05:00,13.10324904676601,13.13030386272709,13.049141134903355,13.067176818847656,3046800,0.0,0.0,0.0,SPDN
2023-11-14 00:00:00-05:00,12.895833916396155,12.904852188358813,12.787617232933513,12.823689460754395,10143500,0.0,0.0,0.0,SPDN
2023-11-15 00:00:00-05:00,12.787617887264085,12.825493599409612,12.751545657597422,12.80565357208252,5860900,0.0,0.0,0.0,SPDN
2023-11-16 00:00:00-05:00,12.81467312807574,12.850745361355543,12.778600894795936,12.796636581420898,9226400,0.0,0.0,0.0,SPDN
2023-11-17 00:00:00-05:00,12.778599739074707,12.819181105347962,12.760563194051125,12.778599739074707,7882000,0.0,0.0,0.0,SPDN
2023-11-20 00:00:00-05:00,12.787618624364704,12.787618624364704,12.654150592877906,12.688419342041016,7941500,0.0,0.0,0.0,SPDN
2023-11-21 00:00:00-05:00,12.715473503190381,12.751545733070547,12.704651748223352,12.70645523071289,4926700,0.0,0.0,0.0,SPDN
2023-11-22 00:00:00-05:00,12.670382499694824,12.701945592087863,12.634310271241384,12.670382499694824,20436500,0.0,0.0,0.0,SPDN
2023-11-24 00:00:00-05:00,12.670383782066745,12.68661598550324,12.661365509033203,12.661365509033203,3164100,0.0,0.0,0.0,SPDN
2023-11-27 00:00:00-05:00,12.697436332702637,12.706454604735846,12.670382376632762,12.697436332702637,8862400,0.0,0.0,0.0,SPDN
2023-11-28 00:00:00-05:00,12.706455355373173,12.7244910404753,12.643329167471016,12.679401397705078,8015500,0.0,0.0,0.0,SPDN
2023-11-29 00:00:00-05:00,12.634311424437042,12.706455887928902,12.58922091974717,12.688419342041016,1898300,0.0,0.0,0.0,SPDN
2023-11-30 00:00:00-05:00,12.6703831561991,12.733509344256003,12.643329198464684,12.65234661102295,11720000,0.0,0.0,0.0,SPDN
2023-12-01 00:00:00-05:00,12.670381817983593,12.688417501225047,12.566674274263507,12.589219093322754,6180700,0.0,0.0,0.0,SPDN
2023-12-04 00:00:00-05:00,12.679401851887516,12.715474083413703,12.643329620361328,12.643329620361328,4758600,0.0,0.0,0.0,SPDN
2023-12-05 00:00:00-05:00,12.69743774113752,12.70194687765429,12.627096759529623,12.661365509033203,4204200,0.0,0.0,0.0,SPDN
2023-12-06 00:00:00-05:00,12.60725657372913,12.724491541614444,12.59823916083783,12.715474128723145,2894300,0.0,0.0,0.0,SPDN
2023-12-07 00:00:00-05:00,12.661363095895792,12.670381367210537,12.59823691675196,12.625290870666504,9149100,0.0,0.0,0.0,SPDN
2023-12-08 00:00:00-05:00,12.64332756231516,12.6523449737065,12.553146568164188,12.571182250976562,10326800,0.0,0.0,0.0,SPDN
2023-12-11 00:00:00-05:00,12.580200766071531,12.589219037667249,12.517074584960938,12.517074584960938,2948800,0.0,0.0,0.0,SPDN
2023-12-12 00:00:00-05:00,12.535111378039629,12.562166195222341,12.462966918945312,12.462966918945312,4011900,0.0,0.0,0.0,SPDN
2023-12-13 00:00:00-05:00,12.462966185775562,12.471984457639273,12.291623320513743,12.309659004211426,7751800,0.0,0.0,0.0,SPDN
2023-12-14 00:00:00-05:00,12.246532318742005,12.336713313619457,12.220379675422198,12.27358627319336,6056900,0.0,0.0,0.0,SPDN
2023-12-15 00:00:00-05:00,12.309659754010129,12.318678026423155,12.264570112004579,12.291624069213867,3347800,0.0,0.0,0.0,SPDN
2023-12-18 00:00:00-05:00,12.246533189427929,12.260060597630211,12.201442688783425,12.228497505187988,1834900,0.0,0.0,0.0,SPDN
2023-12-19 00:00:00-05:00,12.21947855181314,12.21947855181314,12.147334098815918,12.147334098815918,3977300,0.0,0.0,0.0,SPDN
2023-12-20 00:00:00-05:00,12.183405667865573,12.336712837219238,12.130199072149063,12.336712837219238,8111800,0.0,0.0,0.0,SPDN
2023-12-21 00:00:00-05:00,12.256106252638757,12.324806224493694,12.219466209411621,12.219466209411621,12047000,0.212,0.0,0.0,SPDN
2023-12-22 00:00:00-05:00,12.191985816922584,12.251525556753933,12.15534577543387,12.20114517211914,10809800,0.0,0.0,0.0,SPDN
2023-12-26 00:00:00-05:00,12.18282572979218,12.191985958662727,12.127865230136408,12.155345916748047,1806000,0.0,0.0,0.0,SPDN
2023-12-27 00:00:00-05:00,12.155345523368776,12.173665106949493,12.127864837646484,12.127864837646484,4710400,0.0,0.0,0.0,SPDN
2023-12-28 00:00:00-05:00,12.137025645927343,12.150765989444777,12.1187051879041,12.146185874938965,5865400,0.0,0.0,0.0,SPDN
2023-12-29 00:00:00-05:00,12.155346415441032,12.229542001060938,12.137025956948314,12.173666000366211,6410200,0.0,0.0,0.0,SPDN
2024-01-02 00:00:00-05:00,12.265265651552207,12.311065047310128,12.228625610805384,12.256105422973633,1949000,0.0,0.0,0.0,SPDN
2024-01-03 00:00:00-05:00,12.311065611449395,12.366026111871868,12.29274602702025,12.356865882873535,7259600,0.0,0.0,0.0,SPDN
2024-01-04 00:00:00-05:00,12.375187042897995,12.411827087402344,12.311066309839708,12.411827087402344,4942200,0.0,0.0,0.0,SPDN
2024-01-05 00:00:00-05:00,12.402666546984268,12.430146361281796,12.324806345168318,12.384346961975098,3612800,0.0,0.0,0.0,SPDN
2024-01-08 00:00:00-05:00,12.375185456779272,12.384345685123192,12.210304840858548,12.228625297546387,1659300,0.0,0.0,0.0,SPDN
2024-01-09 00:00:00-05:00,12.283585422470146,12.30190587990669,12.210305339858955,12.24694538116455,1629200,0.0,0.0,0.0,SPDN
2024-01-10 00:00:00-05:00,12.237785857955645,12.246030588417893,12.155346415441032,12.173666000366211,5306300,0.0,0.0,0.0,SPDN
2024-01-11 00:00:00-05:00,12.164506348615,12.297327058290092,12.146186762820122,12.191987037658691,6311200,0.0,0.0,0.0,SPDN
2024-01-12 00:00:00-05:00,12.155345276903352,12.221296999451143,12.13702482012663,12.182825088500977,4100000,0.0,0.0,0.0,SPDN
2024-01-16 00:00:00-05:00,12.237785339355469,12.28358561007885,12.191985942199594,12.237785339355469,3893800,0.0,0.0,0.0,SPDN
2024-01-17 00:00:00-05:00,12.320227125707941,12.370607516886986,12.292747309413738,12.301907539367676,4934800,0.0,0.0,0.0,SPDN
2024-01-18 00:00:00-05:00,12.265264754136574,12.320224374451827,12.196563918391385,12.210304260253906,4879900,0.0,0.0,0.0,SPDN
2024-01-19 00:00:00-05:00,12.173665625526363,12.201145438851768,12.056417140772277,12.063745498657227,3418300,0.0,0.0,0.0,SPDN
2024-01-22 00:00:00-05:00,12.02710705040024,12.054586867367728,11.995047118343566,12.036267280578613,3254300,0.0,0.0,0.0,SPDN
2024-01-23 00:00:00-05:00,12.017945744817789,12.054585788684983,11.999626159667969,11.999626159667969,2175600,0.0,0.0,0.0,SPDN
2024-01-24 00:00:00-05:00,11.944665657083402,12.008785515459103,11.908025613216207,11.999626159667969,3195900,0.0,0.0,0.0,SPDN
2024-01-25 00:00:00-05:00,11.94466609670022,12.004205842587904,11.930925752156483,11.935505867004395,2770100,0.0,0.0,0.0,SPDN
2024-01-26 00:00:00-05:00,11.953826904296875,11.981306721145257,11.921766972379158,11.953826904296875,1761500,0.0,0.0,0.0,SPDN
2024-01-29 00:00:00-05:00,11.953825505599111,11.967564975631856,11.862224962065698,11.866805076599121,2505400,0.0,0.0,0.0,SPDN
2024-01-30 00:00:00-05:00,11.880545616149902,11.898865201018221,11.862225157714043,11.880545616149902,3017200,0.0,0.0,0.0,SPDN
2024-01-31 00:00:00-05:00,11.935504464954485,12.082064628601074,11.926345109902186,12.082064628601074,2843800,0.0,0.0,0.0,SPDN
2024-02-01 00:00:00-05:00,12.036264992058879,12.059164689583138,11.926344871520996,11.926344871520996,6146100,0.0,0.0,0.0,SPDN
2024-02-02 00:00:00-05:00,11.917185409282283,11.926345638307916,11.766045124629418,11.807265281677246,7771700,0.0,0.0,0.0,SPDN
2024-02-05 00:00:00-05:00,11.825583772406267,11.908024078876975,11.816423544227868,11.853063583374023,2451700,0.0,0.0,0.0,SPDN
2024-02-06 00:00:00-05:00,11.825585553044029,11.871385827264959,11.816425323486328,11.816425323486328,2557500,0.0,0.0,0.0,SPDN
2024-02-07 00:00:00-05:00,11.770624032308609,11.78894361491406,11.720243651400612,11.733983993530273,2037000,0.0,0.0,0.0,SPDN
2024-02-08 00:00:00-05:00,11.733983225533775,11.756882920683648,11.724822998046875,11.724822998046875,3387500,0.0,0.0,0.0,SPDN
2024-02-09 00:00:00-05:00,11.715665115084583,11.724825344404616,11.656125371639467,11.660704612731934,2050000,0.0,0.0,0.0,SPDN
2024-02-12 00:00:00-05:00,11.669864467324206,11.69368053865101,11.6149048403039,11.679024696350098,1278600,0.0,0.0,0.0,SPDN
2024-02-13 00:00:00-05:00,11.834745407104492,11.917185723372956,11.802685478237322,11.834745407104492,2173900,0.0,0.0,0.0,SPDN
2024-02-14 00:00:00-05:00,11.770624032308609,11.834743881778836,11.724823765443832,11.733983993530273,2891500,0.0,0.0,0.0,SPDN
2024-02-15 00:00:00-05:00,11.724825156010562,11.74314474078872,11.66070442536817,11.669864654541016,4434200,0.0,0.0,0.0,SPDN
2024-02-16 00:00:00-05:00,11.669862506692855,11.74772269319675,11.651542925286432,11.724822998046875,3921600,0.0,0.0,0.0,SPDN
2024-02-20 00:00:00-05:00,11.770624474469681,11.85306390964218,11.756884131823865,11.798104286193848,2851600,0.0,0.0,0.0,SPDN
2024-02-21 00:00:00-05:00,11.825584097918014,11.877796351691156,11.77978382933276,11.798104286193848,5996900,0.0,0.0,0.0,SPDN
2024-02-22 00:00:00-05:00,11.633224425123304,11.66070423863425,11.53246452653816,11.55078411102295,3267300,0.0,0.0,0.0,SPDN
2024-02-23 00:00:00-05:00,11.514144068485848,11.56910456907526,11.495824484001059,11.55078411102295,1805500,0.0,0.0,0.0,SPDN
2024-02-26 00:00:00-05:00,11.550783284669125,11.596583552955785,11.532463701494935,11.587423324584961,1334000,0.0,0.0,0.0,SPDN
2024-02-27 00:00:00-05:00,11.578263969781595,11.633223592871623,11.569103741410771,11.587423324584961,2892400,0.0,0.0,0.0,SPDN
2024-02-28 00:00:00-05:00,11.624063177496971,11.624063177496971,11.579179282196451,11.596583366394043,1283400,0.0,0.0,0.0,SPDN
2024-02-29 00:00:00-05:00,11.569104381709833,11.615820151278614,11.52788422532723,11.559944152832031,2007800,0.0,0.0,0.0,SPDN
2024-03-01 00:00:00-05:00,11.550783544768636,11.555363659057184,11.450023651123047,11.450023651123047,2383700,0.0,0.0,0.0,SPDN
2024-03-04 00:00:00-05:00,11.477503776550293,11.482083890963848,11.431703505982247,11.477503776550293,1240500,0.0,0.0,0.0,SPDN
2024-03-05 00:00:00-05:00,11.52330347312411,11.642383821242447,11.521471602163437,11.587423324584961,4416200,0.0,0.0,0.0,SPDN
2024-03-06 00:00:00-05:00,11.514143383769607,11.56452376684995,11.484831700910025,11.541624069213867,3052300,0.0,0.0,0.0,SPDN
2024-03-07 00:00:00-05:00,11.468343793757715,11.486663376842008,11.404223069044052,11.4225435256958,2148800,0.0,0.0,0.0,SPDN
2024-03-08 00:00:00-05:00,11.413385444212222,11.514145354047272,11.358424937486436,11.49582576751709,2753300,0.0,0.0,0.0,SPDN
2024-03-11 00:00:00-04:00,11.532465356832253,11.573685516850126,11.503152796551666,11.514144897460938,1276200,0.0,0.0,0.0,SPDN
2024-03-12 00:00:00-04:00,11.477504942683371,11.530633576424561,11.381325150929204,11.385905265808105,2064300,0.0,0.0,0.0,SPDN
2024-03-13 00:00:00-04:00,11.39506302693558,11.445443409983744,11.38590367202748,11.413383483886719,3225600,0.0,0.0,0.0,SPDN
2024-03-14 00:00:00-04:00,11.404223381805059,11.51963999060099,11.404223381805059,11.450023651123047,3768600,0.0,0.0,0.0,SPDN
2024-03-15 00:00:00-04:00,11.52330379877509,11.56452395404123,11.491243872138645,11.532464027404785,3695600,0.0,0.0,0.0,SPDN
2024-03-18 00:00:00-04:00,11.431703772253634,11.47292392936824,11.408804073219974,11.468344688415527,4327100,0.0,0.0,0.0,SPDN
2024-03-19 00:00:00-04:00,11.486871141335365,11.505398777477845,11.394235610961914,11.394235610961914,2792300,0.14,0.0,0.0,SPDN
2024-03-20 00:00:00-04:00,11.403499912621246,11.422026666103074,11.301599676408957,11.310863494873047,2901700,0.0,0.0,0.0,SPDN
2024-03-21 00:00:00-04:00,11.23675409095381,11.283072297259476,11.228417008176976,11.273808479309082,2471800,0.0,0.0,0.0,SPDN
2024-03-22 00:00:00-04:00,11.273808757342518,11.301599328432765,11.269176848253089,11.292335510253906,750600,0.0,0.0,0.0,SPDN
2024-03-25 00:00:00-04:00,11.329390525817871,11.338654344508837,11.30623186253683,11.329390525817871,2928100,0.0,0.0,0.0,SPDN
2024-03-26 00:00:00-04:00,11.301599695470186,11.366445541381836,11.29696778623033,11.366445541381836,784400,0.0,0.0,0.0,SPDN
2024-03-27 00:00:00-04:00,11.306230958689158,11.352549164994826,11.273808479309082,11.273808479309082,3448100,0.0,0.0,0.0,SPDN
2024-03-28 00:00:00-04:00,11.283072297259476,11.283072297259476,11.246017908904204,11.273808479309082,4271500,0.0,0.0,0.0,SPDN
2024-04-01 00:00:00-04:00,11.264545112723452,11.32568490013181,11.255281294401861,11.301599502563477,4341600,0.0,0.0,0.0,SPDN
2024-04-02 00:00:00-04:00,11.394236113374625,11.426658594607272,11.366445541381836,11.366445541381836,2268000,0.0,0.0,0.0,SPDN
2024-04-03 00:00:00-04:00,11.403500035709339,11.403500035709339,11.329390370643036,11.37570858001709,2036100,0.0,0.0,0.0,SPDN
2024-04-04 00:00:00-04:00,11.28307269027442,11.52392578125,11.276588194172534,11.52392578125,4715500,0.0,0.0,0.0,SPDN
2024-04-05 00:00:00-04:00,11.496134959406605,11.496134959406605,11.355328635198285,11.394235610961914,4551600,0.0,0.0,0.0,SPDN
2024-04-08 00:00:00-04:00,11.384971014721062,11.408129674869938,11.361812354572187,11.403498649597168,2252100,0.0,0.0,0.0,SPDN
2024-04-09 00:00:00-04:00,11.366446770484524,11.496136709439043,11.357182951003074,11.384973526000977,3537300,0.0,0.0,0.0,SPDN
2024-04-10 00:00:00-04:00,11.523926284255834,11.547085830949406,11.463713229745293,11.496135711669922,6869100,0.0,0.0,0.0,SPDN
2024-04-11 00:00:00-04:00,11.46834466824298,11.556349175172718,11.386824657431939,11.412762641906738,2969700,0.0,0.0,0.0,SPDN
2024-04-12 00:00:00-04:00,11.514663039533572,11.625826210335754,11.477608649266179,11.58877182006836,10200300,0.0,0.0,0.0,SPDN
2024-04-15 00:00:00-04:00,11.496133944656465,11.750883618451217,11.486870127402932,11.727724075317383,6833600,0.0,0.0,0.0,SPDN
2024-04-16 00:00:00-04:00,11.718462612906377,11.792571398934443,11.690672039007458,11.75551700592041,9178500,0.0,0.0,0.0,SPDN
2024-04-17 00:00:00-04:00,11.699934432327334,11.862047713300438,11.699934432327334,11.838888168334961,9543200,0.0,0.0,0.0,SPDN
2024-04-18 00:00:00-04:00,11.811097169135884,11.887058530283731,11.755515146682413,11.866679191589355,6197600,0.0,0.0,0.0,SPDN
2024-04-19 00:00:00-04:00,11.875942876831976,12.004706946592139,11.848152305570892,11.968579292297363,6983900,0.0,0.0,0.0,SPDN
2024-04-22 00:00:00-04:00,11.912996617704005,11.968578640646239,11.80183345526582,11.87594223022461,4331600,0.0,0.0,0.0,SPDN
2024-04-23 00:00:00-04:00,11.811097799564005,11.82962543585285,11.718461385012425,11.73698902130127,5574600,0.0,0.0,0.0,SPDN
2024-04-24 00:00:00-04:00,11.709198450314325,11.791644311528511,11.695302723097692,11.73698902130127,6449300,0.0,0.0,0.0,SPDN
2024-04-25 00:00:00-04:00,11.894471308322196,11.931525700295776,11.774044313546463,11.792571067810059,6016600,0.0,0.0,0.0,SPDN
2024-04-26 00:00:00-04:00,11.718461363856953,11.73698900011235,11.644352585728008,11.68140697479248,4669700,0.0,0.0,0.0,SPDN
2024-04-29 00:00:00-04:00,11.644353866577148,11.709199717157594,11.631384873150342,11.644353866577148,3735000,0.0,0.0,0.0,SPDN
2024-04-30 00:00:00-04:00,11.690670614341144,11.838888168334961,11.661027456920904,11.838888168334961,3392100,0.0,0.0,0.0,SPDN
2024-05-01 00:00:00-04:00,11.848151834510505,11.88520622253418,11.69067046454831,11.88520622253418,8580700,0.0,0.0,0.0,SPDN
2024-05-02 00:00:00-04:00,11.792571572538018,11.899103727037282,11.755517178978492,11.76478099822998,4577500,0.0,0.0,0.0,SPDN
2024-05-03 00:00:00-04:00,11.635089874267578,11.692523604179277,11.598035484492211,11.635089874267578,3289600,0.0,0.0,0.0,SPDN
2024-05-06 00:00:00-04:00,11.570243709758076,11.588771345856799,11.505398750305176,11.505398750305176,1447300,0.0,0.0,0.0,SPDN
2024-05-07 00:00:00-04:00,11.486871892992493,11.520221110163412,11.472977048422724,11.496135711669922,4413000,0.0,0.0,0.0,SPDN
2024-05-08 00:00:00-04:00,11.542453139056306,11.551716957105668,11.496134932255814,11.505398750305176,5411900,0.0,0.0,0.0,SPDN
2024-05-09 00:00:00-04:00,11.514663505648372,11.523926441005422,11.445185748068985,11.449817657470703,1566100,0.0,0.0,0.0,SPDN
2024-05-10 00:00:00-04:00,11.412762989367614,11.463713108106479,11.39886814494528,11.431290626525879,2851400,0.0,0.0,0.0,SPDN
2024-05-13 00:00:00-04:00,11.40350117798809,11.460934915256495,11.40350117798809,11.440555572509766,1700900,0.0,0.0,0.0,SPDN
2024-05-14 00:00:00-04:00,11.440555559443235,11.449818495478237,11.375709706519524,11.384973526000977,2128200,0.0,0.0,0.0,SPDN
2024-05-15 00:00:00-04:00,11.338653943019422,11.352549670563839,11.246018409729004,11.246018409729004,4487400,0.0,0.0,0.0,SPDN
2024-05-16 00:00:00-04:00,11.255281120984803,11.292335510253906,11.218226731715697,11.292335510253906,2234400,0.0,0.0,0.0,SPDN
2024-05-17 00:00:00-04:00,11.28307212261352,11.311789427747456,11.264544486999512,11.264544486999512,1147500,0.0,0.0,0.0,SPDN
2024-05-20 00:00:00-04:00,11.273808304806515,11.278440213710018,11.227490099217789,11.264544486999512,4558800,0.0,0.0,0.0,SPDN
2024-05-21 00:00:00-04:00,11.273808981371495,11.28307279973444,11.232122682184587,11.246018409729004,1419200,0.0,0.0,0.0,SPDN
2024-05-22 00:00:00-04:00,11.264544661358688,11.320126685614749,11.23675409095381,11.273808479309082,1346600,0.0,0.0,0.0,SPDN
2024-05-23 00:00:00-04:00,11.208963989450824,11.394235938977626,11.208963989450824,11.357181549072266,4143800,0.0,0.0,0.0,SPDN
2024-05-24 00:00:00-04:00,11.338653892403501,11.352549619885888,11.28214601415594,11.301599502563477,3979400,0.0,0.0,0.0,SPDN
2024-05-28 00:00:00-04:00,11.273808757342518,11.347917535880727,11.273808757342518,11.292335510253906,1700600,0.0,0.0,0.0,SPDN
2024-05-29 00:00:00-04:00,11.38497229489491,11.394236113374625,11.347917904422406,11.366445541381836,2287900,0.0,0.0,0.0,SPDN
2024-05-30 00:00:00-04:00,11.40349955396224,11.477608332451412,11.394235735789511,11.459080696105957,1986700,0.0,0.0,0.0,SPDN
2024-05-31 00:00:00-04:00,11.440554147220912,11.551717316936994,11.357181549072266,11.357181549072266,4836500,0.0,0.0,0.0,SPDN
2024-06-03 00:00:00-04:00,11.329390094058489,11.467417983576018,11.320127159166905,11.357181549072266,4432000,0.0,0.0,0.0,SPDN
2024-06-04 00:00:00-04:00,11.375708127904081,11.417394426339325,11.328464068619093,11.347917556762695,2602000,0.0,0.0,0.0,SPDN
2024-06-05 00:00:00-04:00,11.301599883841458,11.338654274931573,11.208964347839355,11.208964347839355,1050100,0.0,0.0,0.0,SPDN
2024-06-06 00:00:00-04:00,11.199699680382558,11.250649795562358,11.199699680382558,11.218226432800293,1686300,0.0,0.0,0.0,SPDN
2024-06-07 00:00:00-04:00,11.236753288724566,11.269175765789893,11.179318681668134,11.227489471435547,1787100,0.0,0.0,0.0,SPDN
2024-06-10 00:00:00-04:00,11.255280541172718,11.269176267725172,11.198772666706793,11.199699401855469,574700,0.0,0.0,0.0,SPDN
2024-06-11 00:00:00-04:00,11.24601934826445,11.283073741362257,11.176541588190448,11.190437316894531,2973500,0.0,0.0,0.0,SPDN
2024-06-12 00:00:00-04:00,11.088536262512207,11.111694923367502,11.034806826489573,11.088536262512207,2495100,0.0,0.0,0.0,SPDN
2024-06-13 00:00:00-04:00,11.051482652207133,11.128369871045424,11.051482652207133,11.079273223876953,1044400,0.0,0.0,0.0,SPDN
2024-06-14 00:00:00-04:00,11.107063795546773,11.130223341476912,11.074641314690925,11.079273223876953,906500,0.0,0.0,0.0,SPDN
2024-06-17 00:00:00-04:00,11.097800464011767,11.102432373400987,10.958846716120712,10.995901107788086,917500,0.0,0.0,0.0,SPDN
2024-06-18 00:00:00-04:00,10.986636837883452,11.00516447467956,10.967183349315347,10.968110084533691,793200,0.0,0.0,0.0,SPDN
2024-06-20 00:00:00-04:00,10.95884688892149,11.037587582887053,10.940320134518863,11.005165100097656,912700,0.0,0.0,0.0,SPDN
2024-06-21 00:00:00-04:00,11.032954041247903,11.051481676356014,11.000531563254976,11.023690223693848,1591700,0.0,0.0,0.0,SPDN
2024-06-24 00:00:00-04:00,11.032956571018383,11.070010966284622,10.97737541984226,11.060747146606445,1350100,0.0,0.0,0.0,SPDN
2024-06-25 00:00:00-04:00,11.035388493435176,11.072955737585877,11.01660442352295,11.01660442352295,1293800,0.163,0.0,0.0,SPDN
2024-06-26 00:00:00-04:00,11.04478052839129,11.055111229438763,10.999699477140947,11.01660442352295,1685200,0.0,0.0,0.0,SPDN
2024-06-27 00:00:00-04:00,11.025996062369405,11.035388096988108,10.988428819568309,10.997820854187012,1323200,0.0,0.0,0.0,SPDN
2024-06-28 00:00:00-04:00,10.988428219130016,11.072954734732148,10.932077805844376,11.054171562194824,1726900,0.0,0.0,0.0,SPDN
2024-07-01 00:00:00-04:00,11.035388242933834,11.088921766159975,11.02130019081946,11.025996208190918,1758600,0.0,0.0,0.0,SPDN
2024-07-02 00:00:00-04:00,11.072955192594375,11.072955192594375,10.960253465689252,10.969645500183105,1289500,0.0,0.0,0.0,SPDN
2024-07-03 00:00:00-04:00,10.97903603568811,10.97903603568811,10.908597572202325,10.922685623168945,2386000,0.0,0.0,0.0,SPDN
2024-07-05 00:00:00-04:00,10.913294501396786,10.933017236994417,10.85694408416748,10.85694408416748,1323500,0.0,0.0,0.0,SPDN
2024-07-08 00:00:00-04:00,10.856943379978816,10.875726552612385,10.838159311671573,10.847551345825195,1419500,0.0,0.0,0.0,SPDN
2024-07-09 00:00:00-04:00,10.838160514831543,10.856944585224033,10.819377340112826,10.838160514831543,3029900,0.0,0.0,0.0,SPDN
2024-07-10 00:00:00-04:00,10.828768549026847,10.828768549026847,10.734850883483887,10.734850883483887,2194700,0.0,0.0,0.0,SPDN
2024-07-11 00:00:00-04:00,10.753633989412885,10.853187233741272,10.725458779497924,10.838160514831543,3537900,0.0,0.0,0.0,SPDN
2024-07-12 00:00:00-04:00,10.828766923856955,10.828766923856955,10.711369187791847,10.791199684143066,3967100,0.0,0.0,0.0,SPDN
2024-07-15 00:00:00-04:00,10.734849124659945,10.788382642041997,10.687889851745496,10.76302433013916,980100,0.0,0.0,0.0,SPDN
2024-07-16 00:00:00-04:00,10.72545729269892,10.74424046481385,10.68789005279541,10.68789005279541,2024300,0.0,0.0,0.0,SPDN
2024-07-17 00:00:00-04:00,10.819377340112826,10.852248567625912,10.781809199327846,10.838160514831543,3302900,0.0,0.0,0.0,SPDN
2024-07-18 00:00:00-04:00,10.828768411554142,10.979037391054218,10.800593201816321,10.9414701461792,3110300,0.0,0.0,0.0,SPDN
2024-07-19 00:00:00-04:00,10.941469935221546,11.035388493435176,10.917990743505014,11.01660442352295,2672500,0.0,0.0,0.0,SPDN
2024-07-22 00:00:00-04:00,10.941469295788233,10.97434141621354,10.886057546728749,10.903902053833008,4227700,0.0,0.0,0.0,SPDN
2024-07-23 00:00:00-04:00,10.903903208978914,10.932079315185547,10.866335963043861,10.932079315185547,1665100,0.0,0.0,0.0,SPDN
2024-07-24 00:00:00-04:00,11.0259951575123,11.19035216715665,11.0259951575123,11.16687297821045,3811900,0.0,0.0,0.0,SPDN
2024-07-25 00:00:00-04:00,11.166873724769196,11.258913154746065,11.049475980842297,11.242008209228516,4494900,0.0,0.0,0.0,SPDN
2024-07-26 00:00:00-04:00,11.166874036491237,11.176265175555525,11.06356344572049,11.12930679321289,3769100,0.0,0.0,0.0,SPDN
2024-07-29 00:00:00-04:00,11.082347764421746,11.156542690903674,11.068259711997898,11.119915008544922,3985000,0.0,0.0,0.0,SPDN
2024-07-30 00:00:00-04:00,11.082346858570443,11.246703874052741,11.063562790207357,11.185656547546387,4695400,0.0,0.0,0.0,SPDN
2024-07-31 00:00:00-04:00,11.035388096988108,11.054172166225515,10.944287331668864,10.997820854187012,8036500,0.0,0.0,0.0,SPDN
2024-08-01 00:00:00-04:00,10.960252956699293,11.227919657627833,10.919867926790154,11.15748119354248,10363700,0.0,0.0,0.0,SPDN
2024-08-02 00:00:00-04:00,11.317142135522655,11.462715080023667,11.292723384494032,11.36410140991211,6440500,0.0,0.0,0.0,SPDN
2024-08-05 00:00:00-04:00,11.833693365609495,11.852476539553342,11.579175133737893,11.702207565307617,14919800,0.0,0.0,0.0,SPDN
2024-08-06 00:00:00-04:00,11.66464007695003,11.69281528511138,11.429844585700108,11.608288764953613,9045400,0.0,0.0,0.0,SPDN
2024-08-07 00:00:00-04:00,11.467410989654686,11.697510446767442,11.392276509604548,11.674031257629395,7674400,0.0,0.0,0.0,SPDN
2024-08-08 00:00:00-04:00,11.56133091016916,11.617681329060122,11.402608563288224,11.420453071594238,7737900,0.0,0.0,0.0,SPDN
2024-08-09 00:00:00-04:00,11.439236540730818,11.472107765969332,11.34343975884021,11.373493194580078,5898700,0.0,0.0,0.0,SPDN
2024-08-12 00:00:00-04:00,11.345318688087916,11.420453177756809,11.321839495944051,11.382885932922363,3567000,0.0,0.0,0.0,SPDN
2024-08-13 00:00:00-04:00,11.307750052859964,11.307750052859964,11.18565629824214,11.195048332214355,4875900,0.0,0.0,0.0,SPDN
2024-08-14 00:00:00-04:00,11.176265572088809,11.223224851771286,11.129307188080094,11.148090362548828,6305700,0.0,0.0,0.0,SPDN
2024-08-15 00:00:00-04:00,11.035387950292668,11.054172019280374,10.960253465689252,10.969645500183105,2525700,0.0,0.0,0.0,SPDN
2024-08-16 00:00:00-04:00,11.007212035620737,11.011908052566096,10.941468694059393,10.96025276184082,2740700,0.0,0.0,0.0,SPDN
2024-08-19 00:00:00-04:00,10.950861744774235,10.968706252554053,10.852248066786082,10.85694408416748,2061800,0.0,0.0,0.0,SPDN
2024-08-20 00:00:00-04:00,10.866335618399091,10.903902863142632,10.833464391207714,10.875727653503418,6072100,0.0,0.0,0.0,SPDN
2024-08-21 00:00:00-04:00,10.85694388024843,10.894511122920278,10.809984602990193,10.828767776489258,6425500,0.0,0.0,0.0,SPDN
2024-08-22 00:00:00-04:00,10.80059350657597,10.950862490316176,10.791201471173759,10.932079315185547,12183200,0.0,0.0,0.0,SPDN
2024-08-23 00:00:00-04:00,10.875727363270249,10.913294607011258,10.80059287578823,10.819376945495605,7923400,0.0,0.0,0.0,SPDN
2024-08-26 00:00:00-04:00,10.809984806027236,10.885119292782134,10.786504719120247,10.85694408416748,4954400,0.0,0.0,0.0,SPDN
2024-08-27 00:00:00-04:00,10.885119088333887,10.899206244539757,10.819376637576584,10.828767776489258,3423300,0.0,0.0,0.0,SPDN
2024-08-28 00:00:00-04:00,10.838159604329789,10.96494938180631,10.838159604329789,10.903902053833008,4871000,0.0,0.0,0.0,SPDN
2024-08-29 00:00:00-04:00,10.866334167613905,10.932077508892906,10.80059172200855,10.894510269165039,7185500,0.0,0.0,0.0,SPDN
2024-08-30 00:00:00-04:00,10.866335328416561,10.936774694145479,10.80059287578823,10.819376945495605,4261400,0.0,0.0,0.0,SPDN
2024-09-03 00:00:00-04:00,10.88511902307243,11.091739304365662,10.87572698854235,11.035387992858887,7166100,0.0,0.0,0.0,SPDN
2024-09-04 00:00:00-04:00,11.082347416170988,11.091739450825084,10.988428860977463,11.063563346862793,9632300,0.0,0.0,0.0,SPDN
2024-09-05 00:00:00-04:00,11.063564501312948,11.148091030672468,11.007214078855812,11.091740608215332,9756400,0.0,0.0,0.0,SPDN
2024-09-06 00:00:00-04:00,11.091739830130614,11.307751260519478,11.068259742692419,11.288968086242676,14545500,0.0,0.0,0.0,SPDN
2024-09-09 00:00:00-04:00,11.19504843409958,11.249520619421592,11.138697125427099,11.15748119354248,8052100,0.0,0.0,0.0,SPDN
2024-09-10 00:00:00-04:00,11.129307043494153,11.232616740914448,11.110522973595689,11.119915008544922,9248600,0.0,0.0,0.0,SPDN
2024-09-11 00:00:00-04:00,11.129306399104479,11.303054557236445,10.98842857004412,11.00721263885498,19294600,0.0,0.0,0.0,SPDN
2024-09-12 00:00:00-04:00,10.997820103643603,11.04477937785868,10.913293589191198,10.922685623168945,7638500,0.0,0.0,0.0,SPDN
2024-09-13 00:00:00-04:00,10.913295149765588,10.913295149765588,10.849430921797065,10.86633586883545,11299700,0.0,0.0,0.0,SPDN
2024-09-16 00:00:00-04:00,10.875727904156234,10.913295149765588,10.852248711528059,10.86633586883545,4616900,0.0,0.0,0.0,SPDN
2024-09-17 00:00:00-04:00,10.819376840790031,10.902024238816178,10.791200736501645,10.85694408416748,13538000,0.0,0.0,0.0,SPDN
2024-09-18 00:00:00-04:00,10.84755163873702,10.903902053833008,10.75363308601211,10.903902053833008,8381000,0.0,0.0,0.0,SPDN
2024-09-19 00:00:00-04:00,10.71606731414795,10.767722614800388,10.669108031343352,10.71606731414795,11888100,0.0,0.0,0.0,SPDN
2024-09-20 00:00:00-04:00,10.744242023066537,10.800593338931337,10.716066812971027,10.734850883483887,6272900,0.0,0.0,0.0,SPDN
2024-09-23 00:00:00-04:00,10.71606731414795,10.744242525561178,10.701980156278246,10.71606731414795,8663200,0.0,0.0,0.0,SPDN
2024-09-24 00:00:00-04:00,10.702747176597391,10.75982889407715,10.683719635009766,10.683719635009766,4274900,0.146,0.0,0.0,SPDN
2024-09-25 00:00:00-04:00,10.683719886896823,10.731287834704263,10.678963908670905,10.712261199951172,4681200,0.0,0.0,0.0,SPDN
2024-09-26 00:00:00-04:00,10.6361534250734,10.72177555432877,10.631396539305527,10.664693832397461,7052400,0.0,0.0,0.0,SPDN
2024-09-27 00:00:00-04:00,10.664692133538274,10.71606522145125,10.645664593497814,10.693232536315918,6572900,0.0,0.0,0.0,SPDN
2024-09-30 00:00:00-04:00,10.712260740117951,10.759828685883498,10.644714420441835,10.655179023742676,9525700,0.0,0.0,0.0,SPDN
2024-10-01 00:00:00-04:00,10.655178906515408,10.804542200138954,10.655178906515408,10.759828567504883,12738900,0.0,0.0,0.0,SPDN
2024-10-02 00:00:00-04:00,10.769341346101932,10.826423061400654,10.73128717166381,10.750314712524414,7328900,0.0,0.0,0.0,SPDN
2024-10-03 00:00:00-04:00,10.788368139888679,10.816908541920128,10.7360433134285,10.778854370117188,16845400,0.0,0.0,0.0,SPDN
2024-10-04 00:00:00-04:00,10.702747176597391,10.778855528381657,10.674206771499072,10.683719635009766,11363000,0.0,0.0,0.0,SPDN
2024-10-07 00:00:00-04:00,10.712261774783576,10.807396768220372,10.70274800325494,10.788370132446289,8654400,0.0,0.0,0.0,SPDN
2024-10-08 00:00:00-04:00,10.73128670911379,10.755071134164366,10.674205903558503,10.693232536315918,4711300,0.0,0.0,0.0,SPDN
2024-10-09 00:00:00-04:00,10.693232905720073,10.697989790894518,10.598097924080417,10.617124557495117,4988800,0.0,0.0,0.0,SPDN
2024-10-10 00:00:00-04:00,10.636152267456055,10.664692671673834,10.607610955955183,10.636152267456055,7132800,0.0,0.0,0.0,SPDN
2024-10-11 00:00:00-04:00,10.64566562696229,10.64566562696229,10.562897815774022,10.579071044921875,4142800,0.0,0.0,0.0,SPDN
2024-10-14 00:00:00-04:00,10.560043742558708,10.560043742558708,10.479178509216045,10.493448257446289,3992500,0.0,0.0,0.0,SPDN
2024-10-15 00:00:00-04:00,10.48393605733316,10.598098586809499,10.48393605733316,10.579071044921875,7952700,0.0,0.0,0.0,SPDN
2024-10-16 00:00:00-04:00,10.579070754120382,10.598098295484968,10.525795089952512,10.541016578674316,4592700,0.0,0.0,0.0,SPDN
2024-10-17 00:00:00-04:00,10.4744219146232,10.541016494299988,10.4744219146232,10.531502723693848,6631000,0.0,0.0,0.0,SPDN
2024-10-18 00:00:00-04:00,10.512476921081543,10.541017327873815,10.48393651428927,10.512476921081543,7471400,0.0,0.0,0.0,SPDN
2024-10-21 00:00:00-04:00,10.521989822387695,10.579070631252288,10.502962281244098,10.521989822387695,3614100,0.0,0.0,0.0,SPDN
2024-10-22 00:00:00-04:00,10.569556898835312,10.583827554744525,10.512476089764666,10.531502723693848,2647300,0.0,0.0,0.0,SPDN
2024-10-23 00:00:00-04:00,10.579070551737404,10.702746846391904,10.564799895986969,10.636152267456055,4615200,0.0,0.0,0.0,SPDN
2024-10-24 00:00:00-04:00,10.607610787146228,10.65993561678204,10.596194444184178,10.617124557495117,4045200,0.0,0.0,0.0,SPDN
2024-10-25 00:00:00-04:00,10.579070467635384,10.645665046041817,10.52198965965361,10.626638412475586,5446600,0.0,0.0,0.0,SPDN
2024-10-28 00:00:00-04:00,10.569557357863708,10.598098670921662,10.560044494127531,10.588584899902344,3871100,0.0,0.0,0.0,SPDN
2024-10-29 00:00:00-04:00,10.617125305677158,10.640909733225453,10.550530723108213,10.588584899902344,2496200,0.0,0.0,0.0,SPDN
2024-10-30 00:00:00-04:00,10.588584153731528,10.626638327844006,10.554335124845375,10.617124557495117,2397000,0.0,0.0,0.0,SPDN
2024-10-31 00:00:00-04:00,10.702746401827904,10.826422691345215,10.702746401827904,10.826422691345215,5736800,0.0,0.0,0.0,SPDN
2024-11-01 00:00:00-04:00,10.778854370117188,10.795978429879453,10.70750291139705,10.778854370117188,5565900,0.0,0.0,0.0,SPDN
2024-11-04 00:00:00-05:00,10.788369300751308,10.854963881751488,10.764584873763301,10.807395935058594,5821800,0.0,0.0,0.0,SPDN
2024-11-05 00:00:00-05:00,10.788368421952123,10.797882191972354,10.683718766295687,10.693232536315918,5825100,0.0,0.0,0.0,SPDN
2024-11-06 00:00:00-05:00,10.455393582307465,10.526745041888544,10.40782564015907,10.42685317993164,7489200,0.0,0.0,0.0,SPDN
2024-11-07 00:00:00-05:00,10.37928560449503,10.388799374717447,10.322204797726652,10.35074520111084,7885000,0.0,0.0,0.0,SPDN
2024-11-08 00:00:00-05:00,10.341232009292176,10.341232009292176,10.284151199331165,10.303177833557129,5723500,0.0,0.0,0.0,SPDN
2024-11-11 00:00:00-05:00,10.274637428576623,10.326961353160364,10.274637428576623,10.303177833557129,4469200,0.0,0.0,0.0,SPDN
2024-11-12 00:00:00-05:00,10.303177088233987,10.379285434198465,10.295565890724319,10.331717491149902,6531900,0.0,0.0,0.0,SPDN
2024-11-13 00:00:00-05:00,10.32220462836663,10.369771664132141,10.293663318167663,10.331717491149902,4922700,0.0,0.0,0.0,SPDN
2024-11-14 00:00:00-05:00,10.322205210072106,10.40782642364502,10.322205210072106,10.40782642364502,7493400,0.0,0.0,0.0,SPDN
2024-11-15 00:00:00-05:00,10.474421998464479,10.579070754120382,10.464908227782185,10.541016578674316,7707500,0.0,0.0,0.0,SPDN
2024-11-18 00:00:00-05:00,10.531503472666115,10.550531015231586,10.474422659536033,10.502963066101074,5149000,0.0,0.0,0.0,SPDN
2024-11-19 00:00:00-05:00,10.569557443952615,10.574314329501018,10.44588114154356,10.474422454833984,7907900,0.0,0.0,0.0,SPDN
2024-11-20 00:00:00-05:00,10.464908683737177,10.569557443952615,10.460151798188772,10.474422454833984,11718300,0.0,0.0,0.0,SPDN
2024-11-21 00:00:00-05:00,10.417340278625488,10.521989941534079,10.379286103190486,10.417340278625488,16908600,0.0,0.0,0.0,SPDN
2024-11-22 00:00:00-05:00,10.417339986746711,10.425902017205146,10.37262635454547,10.37928581237793,10524200,0.0,0.0,0.0,SPDN
2024-11-25 00:00:00-05:00,10.322204882173377,10.39831323000924,10.293663571272624,10.360259056091309,10042600,0.0,0.0,0.0,SPDN
2024-11-26 00:00:00-05:00,10.331718238537634,10.350745780046715,10.285102032036749,10.303177833557129,11732300,0.0,0.0,0.0,SPDN
2024-11-27 00:00:00-05:00,10.303177088233987,10.369771664132141,10.303177088233987,10.331717491149902,5453400,0.0,0.0,0.0,SPDN
2024-11-29 00:00:00-05:00,10.331718031105023,10.331718031105023,10.265123451726508,10.274637222290039,1756600,0.0,0.0,0.0,SPDN
2024-12-02 00:00:00-05:00,10.284150823549828,10.284150823549828,10.255609512329102,10.255609512329102,4602300,0.0,0.0,0.0,SPDN
2024-12-03 00:00:00-05:00,10.274637053142918,10.293663686673654,10.255609512329102,10.255609512329102,4550800,0.0,0.0,0.0,SPDN
2024-12-04 00:00:00-05:00,10.23658341982504,10.246097190734773,10.198529243469238,10.198529243469238,4379900,0.0,0.0,0.0,SPDN
2024-12-05 00:00:00-05:00,10.198528413094376,10.227068816216654,10.189014642959263,10.217555046081543,2770300,0.0,0.0,0.0,SPDN
2024-12-06 00:00:00-05:00,10.20804210709584,10.227069648915306,10.184258587104638,10.198529243469238,2899400,0.0,0.0,0.0,SPDN
2024-12-09 00:00:00-05:00,10.21755533798455,10.274637053142918,10.212798452781096,10.255609512329102,4816200,0.0,0.0,0.0,SPDN
2024-12-10 00:00:00-05:00,10.255609887067543,10.31269160431167,10.24609702359612,10.303177833557129,4691200,0.0,0.0,0.0,SPDN
2024-12-11 00:00:00-05:00,10.255610260756775,10.255610260756775,10.201382854219721,10.227069854736328,2712800,0.0,0.0,0.0,SPDN
2024-12-12 00:00:00-05:00,10.246096817882547,10.274637222290039,10.227069276755486,10.274637222290039,8122400,0.0,0.0,0.0,SPDN
2024-12-13 00:00:00-05:00,10.255609765345639,10.312691481912273,10.236583131345498,10.284151077270508,5137000,0.0,0.0,0.0,SPDN
2024-12-16 00:00:00-05:00,10.25560938934505,10.274636929930692,10.22706898574966,10.23658275604248,6602000,0.0,0.0,0.0,SPDN
2024-12-17 00:00:00-05:00,10.293663940629026,10.312691481912273,10.274637306628884,10.284151077270508,7052900,0.0,0.0,0.0,SPDN
2024-12-18 00:00:00-05:00,10.293664430834806,10.605709045932045,10.2556102537392,10.598098754882812,10271200,0.0,0.0,0.0,SPDN
2024-12-19 00:00:00-05:00,10.50296285850222,10.607611618694353,10.483936223595991,10.598098754882812,15276000,0.0,0.0,0.0,SPDN
2024-12-20 00:00:00-05:00,10.664692455567382,10.674206225874888,10.403070123092483,10.483935356140137,14525400,0.0,0.0,0.0,SPDN
2024-12-23 00:00:00-05:00,10.49067853634575,10.558111435601209,10.413612103281128,10.428061485290527,12839600,0.137,0.0,0.0,SPDN
2024-12-24 00:00:00-05:00,10.403979792741547,10.413613327683395,10.312463048202904,10.317279815673828,3627900,0.0,0.0,0.0,SPDN
2024-12-26 00:00:00-05:00,10.346179501794914,10.375080106620459,10.298012745790132,10.317279815673828,4798000,0.0,0.0,0.0,SPDN
2024-12-27 00:00:00-05:00,10.384711742803635,10.509944929115443,10.384711742803635,10.432878494262695,8422800,0.0,0.0,0.0,SPDN
2024-12-30 00:00:00-05:00,10.567745194554691,10.625544561232392,10.49067875984818,10.548478126525879,9190000,0.0,0.0,0.0,SPDN
2024-12-31 00:00:00-05:00,10.52921198473299,10.625544568832852,10.509944916690396,10.606278419494629,13087800,0.0,0.0,0.0,SPDN
2025-01-02 00:00:00-05:00,10.538846004015713,10.70261242937695,10.509946316806227,10.63517951965332,19008500,0.0,0.0,0.0,SPDN
2025-01-03 00:00:00-05:00,10.587011350526385,10.606278418567294,10.490678766434945,10.509944915771484,10210700,0.0,0.0,0.0,SPDN
2025-01-06 00:00:00-05:00,10.42324497433987,10.471411725864133,10.365445607474252,10.45214557647705,9462800,0.0,0.0,0.0,SPDN
2025-01-07 00:00:00-05:00,10.403978328240449,10.594717883458467,10.403978328240449,10.558111190795898,11091500,0.0,0.0,0.0,SPDN
2025-01-08 00:00:00-05:00,10.577377809864728,10.630361328239594,10.534028744208639,10.548478126525879,13125800,0.0,0.0,0.0,SPDN
2025-01-10 00:00:00-05:00,10.625545494237972,10.760412226168901,10.625545494237972,10.721879005432129,15554400,0.0,0.0,0.0,SPDN
2025-01-13 00:00:00-05:00,10.818210621318126,10.818210621318126,10.702610969543457,10.702610969543457,12003000,0.0,0.0,0.0,SPDN
2025-01-14 00:00:00-05:00,10.664078255611752,10.76522852987894,10.64962887264816,10.692978858947754,10339000,0.0,0.0,0.0,SPDN
2025-01-15 00:00:00-05:00,10.55811166716939,10.566781480306052,10.48104523241449,10.509944915771484,6270800,0.0,0.0,0.0,SPDN
2025-01-16 00:00:00-05:00,10.48104476438475,10.538844128517717,10.476227997589614,10.519577980041504,9479500,0.0,0.0,0.0,SPDN
2025-01-17 00:00:00-05:00,10.44251249892639,10.466595416389122,10.394345745296516,10.423245429992676,6178600,0.0,0.0,0.0,SPDN
2025-01-21 00:00:00-05:00,10.38471174199486,10.413612344090668,10.33654499053955,10.33654499053955,9130200,0.0,0.0,0.0,SPDN
2025-01-22 00:00:00-05:00,10.298012284995822,10.298012284995822,10.259479065657093,10.288379669189453,5507800,0.0,0.0,0.0,SPDN
2025-01-23 00:00:00-05:00,10.298012766523582,10.298012766523582,10.230579859203795,10.240213394165039,2253600,0.0,0.0,0.0,SPDN
2025-01-24 00:00:00-05:00,10.240213853174735,10.286454088097821,10.211314165700056,10.269113540649414,3840100,0.0,0.0,0.0,SPDN
2025-01-27 00:00:00-05:00,10.490679274426274,10.490679274426274,10.403979301452637,10.403979301452637,9751200,0.0,0.0,0.0,SPDN
2025-01-28 00:00:00-05:00,10.394345784054465,10.442512537863944,10.30764581093829,10.326912879943848,4840400,0.0,0.0,0.0,SPDN
2025-01-29 00:00:00-05:00,10.346179021708581,10.422282658031559,10.331729638670751,10.365446090698242,5615200,0.0,0.0,0.0,SPDN
2025-01-30 00:00:00-05:00,10.336545495742211,10.394345784054465,10.289342462864777,10.326912879943848,6661800,0.0,0.0,0.0,SPDN
2025-01-31 00:00:00-05:00,10.278745651794868,10.394345304380318,10.240212434266384,10.375079154968262,7948300,0.0,0.0,0.0,SPDN
2025-02-03 00:00:00-05:00,10.548478160821205,10.577377844254013,10.403978824952787,10.45214557647705,9913800,0.0,0.0,0.0,SPDN
2025-02-04 00:00:00-05:00,10.452146041856473,10.461778657626718,10.375079603468036,10.384712219238281,6015200,0.0,0.0,0.0,SPDN
2025-02-05 00:00:00-05:00,10.403978810058732,10.442512027482104,10.33654499053955,10.33654499053955,4333100,0.0,0.0,0.0,SPDN
2025-02-06 00:00:00-05:00,10.317279332219925,10.371225655439291,10.307645797729492,10.307645797729492,5920800,0.0,0.0,0.0,SPDN
2025-02-07 00:00:00-05:00,10.30764627252988,10.42806270309379,10.28838012136597,10.413613319396973,5098500,0.0,0.0,0.0,SPDN
2025-02-10 00:00:00-05:00,10.365447032899207,10.383750382621361,10.336546426787702,10.346179962158203,3825400,0.0,0.0,0.0,SPDN
2025-02-11 00:00:00-05:00,10.384713184935713,10.384713184935713,10.328840333454899,10.346179962158203,3287500,0.0,0.0,0.0,SPDN
2025-02-12 00:00:00-05:00,10.442512055967015,10.460815403195872,10.350995319822728,10.375079154968262,4230200,0.0,0.0,0.0,SPDN
2025-02-13 00:00:00-05:00,10.365445606111079,10.37507914015554,10.259478569030762,10.259478569030762,3843000,0.0,0.0,0.0,SPDN
2025-02-14 00:00:00-05:00,10.278745409188367,10.288378943019204,10.259478341526695,10.27392864227295,3581400,0.0,0.0,0.0,SPDN
2025-02-18 00:00:00-05:00,10.269112103075223,10.30764532054869,10.254662720712904,10.259478569030762,10041500,0.0,0.0,0.0,SPDN
2025-02-19 00:00:00-05:00,10.278745643876753,10.288379177927546,10.220945358276367,10.220945358276367,4372300,0.0,0.0,0.0,SPDN
2025-02-20 00:00:00-05:00,10.249846918769364,10.334619453970165,10.249846918769364,10.278746604919434,7124900,0.0,0.0,0.0,SPDN
2025-02-21 00:00:00-05:00,10.288379614005065,10.466595407976627,10.27874607954595,10.46177864074707,13385500,0.0,0.0,0.0,SPDN
2025-02-24 00:00:00-05:00,10.41361279755184,10.51957892040432,10.408796030326126,10.500311851501465,11550900,0.0,0.0,0.0,SPDN
2025-02-25 00:00:00-05:00,10.509944441571237,10.639994388866521,10.49549505989687,10.558111190795898,17193600,0.0,0.0,0.0,SPDN
2025-02-26 00:00:00-05:00,10.538845557724434,10.606279383296918,10.471412650856404,10.56774616241455,15899700,0.0,0.0,0.0,SPDN
2025-02-27 00:00:00-05:00,10.519578410873319,10.741144180297852,10.50031134290369,10.741144180297852,24690500,0.0,0.0,0.0,SPDN
2025-02-28 00:00:00-05:00,10.731512067876615,10.789311437085143,10.567745657278438,10.577378273010254,11668500,0.0,0.0,0.0,SPDN
2025-03-03 00:00:00-05:00,10.548479042978656,10.827845122737207,10.519579357128999,10.760412216186523,17673600,0.0,0.0,0.0,SPDN
2025-03-04 00:00:00-05:00,10.837478640352227,10.972345371943545,10.73151251326905,10.895278930664062,16067400,0.0,0.0,0.0,SPDN
2025-03-05 00:00:00-05:00,10.895278471939108,10.96271137554341,10.741144677165206,10.770045280456543,15228100,0.0,0.0,0.0,SPDN
2025-03-06 00:00:00-05:00,10.924178115356362,11.01569485469188,10.832661376020845,10.962711334228516,12346900,0.0,0.0,0.0,SPDN
2025-03-07 00:00:00-05:00,11.010878095676997,11.114917694838685,10.890461671773982,10.924178123474121,15039200,0.0,0.0,0.0,SPDN
2025-03-10 00:00:00-04:00,11.078310955988833,11.307583745362441,11.049411271601747,11.213177680969238,14942100,0.0,0.0,0.0,SPDN
2025-03-11 00:00:00-04:00,11.242077795761018,11.38657714193303,11.165011355308685,11.299877166748047,19832600,0.0,0.0,0.0,SPDN
2025-03-12 00:00:00-04:00,11.174644454276573,11.352860246358748,11.16501091991959,11.251710891723633,22207900,0.0,0.0,0.0,SPDN
2025-03-13 00:00:00-04:00,11.261342998012498,11.434742933777503,11.246893615834988,11.396209716796875,17732400,0.0,0.0,0.0,SPDN
2025-03-14 00:00:00-04:00,11.319142844951799,11.323959611726085,11.155376449443384,11.174643516540527,12734400,0.0,0.0,0.0,SPDN
2025-03-17 00:00:00-04:00,11.184276614293859,11.184276614293859,11.039777279643467,11.087944030761719,11079000,0.0,0.0,0.0,SPDN
2025-03-18 00:00:00-04:00,11.145743859126835,11.251710899720154,11.136111243467408,11.213177680969238,14434000,0.0,0.0,0.0,SPDN
2025-03-19 00:00:00-04:00,11.174643526077432,11.203543208043484,11.01569389720765,11.097577095031738,10529000,0.0,0.0,0.0,SPDN
2025-03-20 00:00:00-04:00,11.16501045864768,11.17945984088179,11.030143739335015,11.126477241516113,12029000,0.0,0.0,0.0,SPDN
2025-03-21 00:00:00-04:00,11.222809824992847,11.242076892910813,11.11684370755713,11.126477241516113,10525100,0.0,0.0,0.0,SPDN
2025-03-24 00:00:00-04:00,10.99161100522136,11.010878073986001,10.914544567571602,10.94344425201416,7054000,0.0,0.0,0.0,SPDN
2025-03-25 00:00:00-04:00,10.913372993469238,10.942475062413157,10.897851951708354,10.913372993469238,5075400,0.079,0.0,0.0,SPDN
2025-03-26 00:00:00-04:00,10.913372149639805,11.06858440552371,10.897851109079019,11.029781341552734,9219900,0.0,0.0,0.0,SPDN
2025-03-27 00:00:00-04:00,11.078285217285156,11.112237782048942,11.000679090642787,11.078285217285156,11964600,0.0,0.0,0.0,SPDN
2025-03-28 00:00:00-04:00,11.117088718896596,11.320805040648812,11.102537222650708,11.301403045654297,9604100,0.0,0.0,0.0,SPDN
2025-03-31 00:00:00-04:00,11.427512713071284,11.485717770244616,11.20924583023178,11.24319839477539,13685400,0.0,0.0,0.0,SPDN
2025-04-01 00:00:00-04:00,11.282001420068712,11.349906548928564,11.165592231249823,11.204395294189453,13349400,0.0,0.0,0.0,SPDN
2025-04-02 00:00:00-04:00,11.330505403356627,11.330505403356627,11.07828503338676,11.126789093017578,11600200,0.0,0.0,0.0,SPDN
2025-04-03 00:00:00-04:00,11.52452102155375,11.679733276367188,11.457585435995604,11.679733276367188,19466200,0.0,0.0,0.0,SPDN
2025-04-04 00:00:00-04:00,11.980457675963407,12.378189308947185,11.94165461238299,12.368488311767578,17217200,0.0,0.0,0.0,SPDN
2025-04-07 00:00:00-04:00,12.775921962044611,12.95538579850686,11.951355638699436,12.407292366027832,16501300,0.0,0.0,0.0,SPDN
2025-04-08 00:00:00-04:00,11.970757795660647,12.775922133929988,11.902852659343841,12.60130786895752,18147900,0.0,0.0,0.0,SPDN
2025-04-09 00:00:00-04:00,12.678912820410915,12.688613817590522,11.345056237769313,11.39841079711914,28622300,0.0,0.0,0.0,SPDN
2025-04-10 00:00:00-04:00,11.65063182141226,12.121119109153472,11.621528828253624,11.815545082092285,24721400,0.0,0.0,0.0,SPDN
2025-04-11 00:00:00-04:00,11.844647199426134,11.91255233346954,11.553623742594574,11.611828804016113,12608200,0.0,0.0,0.0,SPDN
2025-04-14 00:00:00-04:00,11.398412071908975,11.606978908906429,11.388711073644416,11.505120277404785,13852500,0.0,0.0,0.0,SPDN
2025-04-15 00:00:00-04:00,11.485718761280108,11.553623896226469,11.408112628444817,11.524521827697754,10199700,0.0,0.0,0.0,SPDN
2025-04-16 00:00:00-04:00,11.670032608582401,11.909642435723992,11.592426478984992,11.786441802978516,14817900,0.0,0.0,0.0,SPDN
2025-04-17 00:00:00-04:00,11.767040511359006,11.84464663949367,11.679733385923006,11.796142578125,17394700,0.0,0.0,0.0,SPDN
2025-04-21 00:00:00-04:00,11.902852197967663,12.193874728123753,11.89800169911332,12.058064460754395,10680400,0.0,0.0,0.0,SPDN
2025-04-22 00:00:00-04:00,11.92225250554286,11.94359451410904,11.708835195295054,11.767040252685547,11614100,0.0,0.0,0.0,SPDN
2025-04-23 00:00:00-04:00,11.4760175763977,11.611828769215554,11.359608379041568,11.573025703430176,15418200,0.0,0.0,0.0,SPDN
2025-04-24 00:00:00-04:00,11.543922242451666,11.573025234464927,11.320804854511483,11.349906921386719,7641700,0.0,0.0,0.0,SPDN
2025-04-25 00:00:00-04:00,11.349907071990586,11.408112131651416,11.252899872739919,11.26259994506836,9201500,0.0,0.0,0.0,SPDN
2025-04-28 00:00:00-04:00,11.243198173061288,11.383858926987871,11.204395110756922,11.252899169921875,8773400,0.0,0.0,0.0,SPDN
2025-04-29 00:00:00-04:00,11.311103710169025,11.311103710169025,11.165592452545958,11.194694519042969,7707900,0.0,0.0,0.0,SPDN
2025-04-30 00:00:00-04:00,11.330505704592376,11.453705408739003,11.155891455334283,11.194694519042969,10823300,0.0,0.0,0.0,SPDN
2025-05-01 00:00:00-04:00,11.078285475839015,11.12193903873642,11.000679347385413,11.10738754272461,11251500,0.0,0.0,0.0,SPDN
2025-05-02 00:00:00-04:00,10.990978714535927,11.044333276543925,10.923073581171606,10.971577644348145,10471800,0.0,0.0,0.0,SPDN
2025-05-05 00:00:00-04:00,11.049183558824623,11.058883631159377,10.96187643184558,11.02008056640625,6521200,0.0,0.0,0.0,SPDN
2025-05-06 00:00:00-04:00,11.126789315018408,11.155891381322347,11.03463169239493,11.117088317871094,10032000,0.0,0.0,0.0,SPDN
2025-05-07 00:00:00-04:00,11.087986436757351,11.175293562265367,11.020080380729995,11.068584442138672,8819600,0.0,0.0,0.0,SPDN
2025-05-08 00:00:00-04:00,10.990979701540235,11.063735340269567,10.8939715664757,11.010381698608398,8452300,0.0,0.0,0.0,SPDN
2025-05-09 00:00:00-04:00,10.981277501653125,11.058883631159377,10.96187643184558,11.02008056640625,6880900,0.0,0.0,0.0,SPDN
2025-05-12 00:00:00-04:00,10.680553880749615,10.772710580461139,10.661151885986328,10.661151885986328,6410900,0.0,0.0,0.0,SPDN
2025-05-13 00:00:00-04:00,10.651450815745406,10.670852810375976,10.55444361800662,10.583545684814453,4813600,0.0,0.0,0.0,SPDN
2025-05-14 00:00:00-04:00,10.573844687499168,10.622348748937572,10.55444361800662,10.583545684814453,8445100,0.0,0.0,0.0,SPDN
2025-05-15 00:00:00-04:00,10.612647938696268,10.632049933668847,10.520491237990637,10.535041809082031,5992200,0.0,0.0,0.0,SPDN
2025-05-16 00:00:00-04:00,10.525342176196029,10.559294743677615,10.467137113986109,10.476838111877441,5693300,0.0,0.0,0.0,SPDN
2025-05-19 00:00:00-04:00,10.58354579895486,10.58354579895486,10.447735535628283,10.457435607910156,6549700,0.0,0.0,0.0,SPDN
2025-05-20 00:00:00-04:00,10.505939483642578,10.563174072212243,10.476837417036753,10.505939483642578,7618200,0.0,0.0,0.0,SPDN
2025-05-21 00:00:00-04:00,10.593246533971978,10.699954727533623,10.505939409631537,10.670852661132812,11297500,0.0,0.0,0.0,SPDN
2025-05-22 00:00:00-04:00,10.690255165100098,10.704805736425127,10.612648109101698,10.690255165100098,11506100,0.0,0.0,0.0,SPDN
2025-05-23 00:00:00-04:00,10.826065502228262,10.826065502228262,10.709656305177623,10.767861366271973,14368400,0.0,0.0,0.0,SPDN
2025-05-27 00:00:00-04:00,10.63204970948814,10.66600227483621,10.535041586946775,10.544742584228516,6223700,0.0,0.0,0.0,SPDN
2025-05-28 00:00:00-04:00,10.535041880116397,10.617498509029756,10.515640810151043,10.612648010253906,7384700,0.0,0.0,0.0,SPDN
2025-05-29 00:00:00-04:00,10.505939299125163,10.632049485719536,10.505939299125163,10.554443359375,15461900,0.0,0.0,0.0,SPDN
2025-05-30 00:00:00-04:00,10.593246682129738,10.690254805006548,10.549593119348977,10.583545684814453,23353800,0.0,0.0,0.0,SPDN
2025-06-02 00:00:00-04:00,10.612647230068422,10.661151289123117,10.525341033935547,10.525341033935547,14628800,0.0,0.0,0.0,SPDN
2025-06-03 00:00:00-04:00,10.53504247313918,10.544743471236954,10.447736265673507,10.467137336730957,9065200,0.0,0.0,0.0,SPDN
2025-06-04 00:00:00-04:00,10.447736265673507,10.484598393196471,10.438035267575732,10.467137336730957,6010300,0.0,0.0,0.0,SPDN
2025-06-05 00:00:00-04:00,10.447735607119546,10.5641448015409,10.418632614660677,10.535041809082031,17960900,0.0,0.0,0.0,SPDN
2025-06-06 00:00:00-04:00,10.4380354575472,10.46713752723208,10.389531391313655,10.418633460998535,12133400,0.0,0.0,0.0,SPDN
2025-06-09 00:00:00-04:00,10.408932240011488,10.438035234211785,10.38953116901605,10.42833423614502,6778100,0.0,0.0,0.0,SPDN
2025-06-10 00:00:00-04:00,10.408931696695358,10.428333691816162,10.35072756160904,10.370128631591797,5945700,0.0,0.0,0.0,SPDN
2025-06-11 00:00:00-04:00,10.341027070519543,10.428334202563095,10.331326072484016,10.389531135559082,15733200,0.0,0.0,0.0,SPDN
2025-06-12 00:00:00-04:00,10.408932172721281,10.423483669727359,10.350728034973145,10.350728034973145,10227100,0.0,0.0,0.0,SPDN
2025-06-13 00:00:00-04:00,10.44773677156635,10.505940912695118,10.389531705299438,10.486539840698242,22956800,0.0,0.0,0.0,SPDN
2025-06-16 00:00:00-04:00,10.41863269425576,10.41863269425576,10.35072756160904,10.370128631591797,13204900,0.0,0.0,0.0,SPDN
2025-06-17 00:00:00-04:00,10.428334269477958,10.486539332926505,10.389531202224958,10.467137336730957,16402100,0.0,0.0,0.0,SPDN
2025-06-18 00:00:00-04:00,10.457436844995716,10.496239914127608,10.408932777296313,10.486539840698242,10234100,0.0,0.0,0.0,SPDN
2025-06-20 00:00:00-04:00,10.428333355935033,10.53116152140443,10.418632358687086,10.505939483642578,16416500,0.0,0.0,0.0,SPDN
2025-06-23 00:00:00-04:00,10.505939857836347,10.553473450851087,10.399231659722313,10.408931732177734,12353000,0.0,0.0,0.0,SPDN
2025-06-24 00:00:00-04:00,10.325425607292473,10.354898490668958,10.276303510380949,10.291040420532227,6394900,0.135,0.0,0.0,SPDN
2025-06-25 00:00:00-04:00,10.276302614690993,10.3156001014098,10.266478008779794,10.295950889587402,2471200,0.0,0.0,0.0,SPDN
2025-06-26 00:00:00-04:00,10.256653083189123,10.274337560663287,10.20261962621362,10.207531929016113,7317400,0.0,0.0,0.0,SPDN
2025-06-27 00:00:00-04:00,10.197707558727448,10.237005045128237,10.138760860663275,10.15841007232666,6729100,0.0,0.0,0.0,SPDN
2025-06-30 00:00:00-04:00,10.119112968444824,10.168235062534201,10.099463756038668,10.119112968444824,7713700,0.0,0.0,0.0,SPDN
2025-07-01 00:00:00-04:00,10.1485850414927,10.158409646912958,10.10928755673761,10.128936767578125,8233500,0.0,0.0,0.0,SPDN
2025-07-02 00:00:00-04:00,10.128937002201868,10.143672973747654,10.079814910888672,10.079814910888672,3204700,0.0,0.0,0.0,SPDN
2025-07-03 00:00:00-04:00,10.060166467660421,10.060166467660421,9.991396096727085,10.001220703125,3410400,0.0,0.0,0.0,SPDN
2025-07-07 00:00:00-04:00,10.040517571666635,10.138760818799966,10.030692965875508,10.089639663696289,10429400,0.0,0.0,0.0,SPDN
2025-07-08 00:00:00-04:00,10.07981518791988,10.10928806874744,10.069990582002031,10.09946346282959,5063000,0.0,0.0,0.0,SPDN
2025-07-09 00:00:00-04:00,10.060166891382607,10.089640711817754,10.030694007873535,10.030694007873535,6192800,0.0,0.0,0.0,SPDN
2025-07-10 00:00:00-04:00,10.030693861734497,10.05820201086567,9.99139637198624,10.020869255065918,2916500,0.0,0.0,0.0,SPDN
2025-07-11 00:00:00-04:00,10.069990010633841,10.089639221354648,10.03069252611816,10.060165405273438,5710600,0.0,0.0,0.0,SPDN
2025-07-14 00:00:00-04:00,10.060166891382607,10.084728408411896,10.030694007873535,10.030694007873535,6761800,0.0,0.0,0.0,SPDN
2025-07-15 00:00:00-04:00,10.001220085428107,10.089639663696289,9.99139547963698,10.089639663696289,10939400,0.0,0.0,0.0,SPDN
2025-07-16 00:00:00-04:00,10.060165405273438,10.156444851338712,10.040517131478564,10.060165405273438,14207500,0.0,0.0,0.0,SPDN
2025-07-17 00:00:00-04:00,10.050341713989038,10.050341713989038,9.981571344063434,9.991395950317383,3485100,0.0,0.0,0.0,SPDN
2025-07-18 00:00:00-04:00,9.98157149032917,10.03069358539271,9.971746883931255,10.001220703125,6926100,0.0,0.0,0.0,SPDN
2025-07-21 00:00:00-04:00,9.991395950317383,10.001220556571333,9.942273855973657,9.991395950317383,5265300,0.0,0.0,0.0,SPDN
2025-07-22 00:00:00-04:00,9.991395950317383,10.035605741534134,9.981571344063434,9.991395950317383,10228500,0.0,0.0,0.0,SPDN
2025-07-23 00:00:00-04:00,9.94227352284484,9.978623440455276,9.902976036071777,9.902976036071777,3238700,0.0,0.0,0.0,SPDN
2025-07-24 00:00:00-04:00,9.902976182809056,9.912800788879395,9.87350330152404,9.912800788879395,2951800,0.0,0.0,0.0,SPDN
2025-07-25 00:00:00-04:00,9.90297656742726,9.912801173879174,9.863679078545646,9.873503684997559,2684900,0.0,0.0,0.0,SPDN
2025-07-28 00:00:00-04:00,9.873503831207776,9.898064410775222,9.858766921311677,9.883328437805176,4285900,0.0,0.0,0.0,SPDN
2025-07-29 00:00:00-04:00,9.853854089383363,9.922625394949733,9.853854089383363,9.912800788879395,8310100,0.0,0.0,0.0,SPDN
2025-07-30 00:00:00-04:00,9.902976182809056,9.966835185340257,9.863678695453702,9.912800788879395,9758800,0.0,0.0,0.0,SPDN
2025-07-31 00:00:00-04:00,9.834206377614894,9.981571729409195,9.834206377614894,9.952098846435547,15005700,0.0,0.0,0.0,SPDN
2025-08-01 00:00:00-04:00,10.06016626815237,10.168235062534201,10.06016626815237,10.119112968444824,18217700,0.0,0.0,0.0,SPDN
2025-08-04 00:00:00-04:00,10.069990778645053,10.069990778645053,9.971746591400064,9.981571197509766,6713000,0.0,0.0,0.0,SPDN
2025-08-05 00:00:00-04:00,9.971747158649082,10.045430771737365,9.952098882237985,10.020869255065918,12022200,0.0,0.0,0.0,SPDN
2025-08-06 00:00:00-04:00,10.015956915699462,10.030693825649315,9.94227423980231,9.952098846435547,8036900,0.0,0.0,0.0,SPDN
2025-08-07 00:00:00-04:00,9.912801630800015,10.015957192521842,9.893152416990477,9.971747398376465,15834400,0.0,0.0,0.0,SPDN
2025-08-08 00:00:00-04:00,9.942274333642233,9.947186637005217,9.883328567138577,9.893152236938477,8104300,0.0,0.0,0.0,SPDN
2025-08-11 00:00:00-04:00,9.902976329255758,9.942273817192248,9.873503447534894,9.922625541687012,6318200,0.0,0.0,0.0,SPDN
2025-08-12 00:00:00-04:00,9.883328384384514,9.912801267091355,9.80964477222834,9.814557075500488,4411800,0.0,0.0,0.0,SPDN
2025-08-13 00:00:00-04:00,9.785083770751953,9.814556652187596,9.765434558510853,9.785083770751953,7202300,0.0,0.0,0.0,SPDN
2025-08-14 00:00:00-04:00,9.814556652187596,9.824381258308145,9.775259164631404,9.785083770751953,8292600,0.0,0.0,0.0,SPDN
2025-08-15 00:00:00-04:00,9.76543512509079,9.834206434998668,9.76543512509079,9.824381828308105,6044000,0.0,0.0,0.0,SPDN
2025-08-18 00:00:00-04:00,9.824381682044784,9.834206288589082,9.804732468956193,9.814557075500488,4975600,0.0,0.0,0.0,SPDN
2025-08-19 00:00:00-04:00,9.834206196115945,9.893151960975347,9.804732376760203,9.873503684997559,5359600,0.0,0.0,0.0,SPDN
2025-08-20 00:00:00-04:00,9.87350330152404,9.981571157519761,9.87350330152404,9.912800788879395,10789000,0.0,0.0,0.0,SPDN
2025-08-21 00:00:00-04:00,9.94227409362793,9.971746976168259,9.902976604598809,9.94227409362793,8210500,0.0,0.0,0.0,SPDN
2025-08-22 00:00:00-04:00,9.912801119215905,9.922625725613642,9.775259440425696,9.804732322692871,11617400,0.0,0.0,0.0,SPDN
2025-08-25 00:00:00-04:00,9.824381168188168,9.844030380249023,9.794908287022883,9.844030380249023,2398300,0.0,0.0,0.0,SPDN
2025-08-26 00:00:00-04:00,9.844030617971958,9.858766590447459,9.79490852355957,9.79490852355957,4099000,0.0,0.0,0.0,SPDN
2025-08-27 00:00:00-04:00,9.814556652187596,9.824381258308145,9.775259164631404,9.785083770751953,4213200,0.0,0.0,0.0,SPDN
2025-08-28 00:00:00-04:00,9.775259549466053,9.804732432061991,9.745786666870117,9.745786666870117,3502000,0.0,0.0,0.0,SPDN
2025-08-29 00:00:00-04:00,9.775259731781352,9.844031041689231,9.775259731781352,9.824381828308105,5344300,0.0,0.0,0.0,SPDN
2025-09-02 00:00:00-04:00,9.94227352284484,9.981571009617904,9.893151430147014,9.902976036071777,7498300,0.0,0.0,0.0,SPDN
2025-09-03 00:00:00-04:00,9.863678785542396,9.893151667096596,9.834205903988193,9.853854179382324,5394400,0.0,0.0,0.0,SPDN
2025-09-04 00:00:00-04:00,9.844030174813925,9.853853843713344,9.760522899149999,9.765434265136719,3277700,0.0,0.0,0.0,SPDN
2025-09-05 00:00:00-04:00,9.72613721661182,9.853854287313618,9.71631354727016,9.79490852355957,17275100,0.0,0.0,0.0,SPDN
2025-09-08 00:00:00-04:00,9.775259164631404,9.804732046067045,9.755610889316312,9.785083770751953,10319400,0.0,0.0,0.0,SPDN
2025-09-09 00:00:00-04:00,9.775259549466053,9.804732432061991,9.745786666870117,9.745786666870117,5069800,0.0,0.0,0.0,SPDN
2025-09-10 00:00:00-04:00,9.70648888575737,9.755610979890177,9.696664279545606,9.726137161254883,9337600,0.0,0.0,0.0,SPDN
2025-09-11 00:00:00-04:00,9.706488846558944,9.711401149644988,9.637718477206347,9.657366752624512,3374100,0.0,0.0,0.0,SPDN
2025-09-12 00:00:00-04:00,9.657366752624512,9.6671913587966,9.637718477206347,9.657366752624512,2094900,0.0,0.0,0.0,SPDN
2025-09-15 00:00:00-04:00,9.627893153139796,9.636734923264994,9.608243942260742,9.608243942260742,3834100,0.0,0.0,0.0,SPDN
2025-09-16 00:00:00-04:00,9.598420714048764,9.637718200683594,9.598420714048764,9.637718200683594,2316400,0.0,0.0,0.0,SPDN
2025-09-17 00:00:00-04:00,9.637718330720132,9.711401002038851,9.603332209640463,9.647541999816895,16837700,0.0,0.0,0.0,SPDN
2025-09-18 00:00:00-04:00,9.598420950125984,9.62789383159551,9.559122525598607,9.58859634399414,3950200,0.0,0.0,0.0,SPDN
2025-09-19 00:00:00-04:00,9.578771296930482,9.603331874203507,9.54438611397786,9.559122085571289,4534800,0.0,0.0,0.0,SPDN
2025-09-22 00:00:00-04:00,9.578771550280308,9.578771550280308,9.510001182556152,9.510001182556152,2961000,0.0,0.0,0.0,SPDN
2025-09-23 00:00:00-04:00,9.513969102355235,9.588374301174602,9.50900862961882,9.563572883605957,3907900,0.094,0.0,0.0,SPDN
2025-09-24 00:00:00-04:00,9.553652314331863,9.62309704314937,9.553652314331863,9.593335151672363,5257900,0.0,0.0,0.0,SPDN
2025-09-25 00:00:00-04:00,9.65285873413086,9.702462516304553,9.628057316100739,9.65285873413086,9137200,0.0,0.0,0.0,SPDN
2025-09-26 00:00:00-04:00,9.623097171464012,9.658812009380727,9.593335279590159,9.603256225585938,4916900,0.0,0.0,0.0,SPDN
2025-09-29 00:00:00-04:00,9.563573004360563,9.603255840639509,9.553652058762465,9.573493003845215,7056100,0.0,0.0,0.0,SPDN
2025-09-30 00:00:00-04:00,9.593335345811633,9.608216764908025,9.53381061553955,9.53381061553955,13088400,0.0,0.0,0.0,SPDN
2025-10-01 00:00:00-04:00,9.583414020620497,9.593334966292279,9.494127401801363,9.504048347473145,12012700,0.0,0.0,0.0,SPDN
2025-10-02 00:00:00-04:00,9.484207274135235,9.533810109597232,9.474286328597461,9.49412727355957,11511400,0.0,0.0,0.0,SPDN
2025-10-03 00:00:00-04:00,9.494127401801363,9.52389023881671,9.454444565227687,9.504048347473145,14430500,0.0,0.0,0.0,SPDN
2025-10-06 00:00:00-04:00,9.46436595916748,9.504048797620685,9.454445013025804,9.46436595916748,12436500,0.0,0.0,0.0,SPDN
2025-10-07 00:00:00-04:00,9.464365638472636,9.533810366884273,9.454444692667126,9.513969421386719,18806500,0.0,0.0,0.0,SPDN
2025-10-08 00:00:00-04:00,9.504048797620685,9.511985743756725,9.454445013025804,9.46436595916748,12238300,0.0,0.0,0.0,SPDN
2025-10-09 00:00:00-04:00,9.454444317086121,9.513969043441076,9.445515844661237,9.484207153320312,20539300,0.0,0.0,0.0,SPDN
2025-10-10 00:00:00-04:00,9.474286623273104,9.75206648417642,9.454444731580416,9.742145538330078,56903800,0.0,0.0,0.0,SPDN
2025-10-13 00:00:00-04:00,9.642938934876357,9.651867407708112,9.573493259945376,9.593335151672363,27293100,0.0,0.0,0.0,SPDN
2025-10-14 00:00:00-04:00,9.682621191562317,9.74710544358104,9.563572686680004,9.623096466064453,24839900,0.0,0.0,0.0,SPDN
2025-10-15 00:00:00-04:00,9.543731240948516,9.662779751379334,9.49412745840731,9.583414077758789,27970100,0.0,0.0,0.0,SPDN
2025-10-16 00:00:00-04:00,9.553651996319195,9.692542395444434,9.523890105832871,9.642938613891602,47764500,0.0,0.0,0.0,SPDN
2025-10-17 00:00:00-04:00,9.672700955329423,9.682621901325202,9.5734933875986,9.603256225585938,36470800,0.0,0.0,0.0,SPDN
2025-10-20 00:00:00-04:00,9.553651878973234,9.553651878973234,9.484207153320312,9.484207153320312,12140700,0.0,0.0,0.0,SPDN
2025-10-21 00:00:00-04:00,9.49412727355957,9.513969164635121,9.474286328597461,9.49412727355957,14650300,0.0,0.0,0.0,SPDN
2025-10-22 00:00:00-04:00,9.494127904580806,9.61317642060627,9.494127904580806,9.543731689453125,37453300,0.0,0.0,0.0,SPDN
2025-10-23 00:00:00-04:00,9.553652129718603,9.553652129718603,9.474286456571251,9.504048347473145,18707900,0.0,0.0,0.0,SPDN
2025-10-24 00:00:00-04:00,9.434603562799136,9.44452450841077,9.40484072596423,9.4246826171875,13904000,0.0,0.0,0.0,SPDN
2025-10-27 00:00:00-04:00,9.345317336594137,9.355238282621995,9.305634498596191,9.305634498596191,7828400,0.0,0.0,0.0,SPDN
2025-10-28 00:00:00-04:00,9.295713296523633,9.320515660910113,9.26595140537332,9.285792350769043,17019500,0.0,0.0,0.0,SPDN
2025-10-29 00:00:00-04:00,9.275872351127912,9.350277552060428,9.256030459618728,9.285792350769043,31377400,0.0,0.0,0.0,SPDN
2025-10-30 00:00:00-04:00,9.335396571587514,9.39492130279541,9.305634679040319,9.39492130279541,28127500,0.0,0.0,0.0,SPDN
2025-10-31 00:00:00-04:00,9.325475123755654,9.40484079702148,9.325475123755654,9.35523796081543,22343600,0.0,0.0,0.0,SPDN
2025-11-03 00:00:00-05:00,9.325475123755654,9.40484079702148,9.320515597025812,9.35523796081543,20445900,0.0,0.0,0.0,SPDN
2025-11-04 00:00:00-05:00,9.454444188853065,9.474286079406738,9.39591193627851,9.474286079406738,26309800,0.0,0.0,0.0,SPDN
2025-11-05 00:00:00-05:00,9.474286399132229,9.484207344743865,9.384999780854406,9.4246826171875,19066700,0.0,0.0,0.0,SPDN
2025-11-06 00:00:00-05:00,9.45444506590565,9.558613108748872,9.434604119624824,9.543731689453125,42620500,0.0,0.0,0.0,SPDN
2025-11-07 00:00:00-05:00,9.58341452812828,9.672701151675755,9.53381074325596,9.543731689453125,38453500,0.0,0.0,0.0,SPDN
2025-11-10 00:00:00-05:00,9.4544450878898,9.479247453440383,9.375079410354942,9.39492130279541,19192100,0.0,0.0,0.0,SPDN
2025-11-11 00:00:00-05:00,9.414761864013316,9.424682809827734,9.356229608267096,9.365158081054688,15678000,0.0,0.0,0.0,SPDN
2025-11-12 00:00:00-05:00,9.345317263231811,9.394921046868214,9.335396317281834,9.375079154968262,22964800,0.0,0.0,0.0,SPDN
2025-11-13 00:00:00-05:00,9.404841036259745,9.543731441064732,9.394921036434265,9.523890495300293,42380600,0.0,0.0,0.0,SPDN
2025-11-14 00:00:00-05:00,9.623097237890928,9.652859129970224,9.47428683138096,9.53381061553955,39950700,0.0,0.0,0.0,SPDN
2025-11-17 00:00:00-05:00,9.56357350745224,9.672701076431636,9.509009249905795,9.613176345825195,41633200,0.0,0.0,0.0,SPDN
2025-11-18 00:00:00-05:00,9.68262125180298,9.761986922218297,9.628056998599915,9.702462196350098,74614500,0.0,0.0,0.0,SPDN
2025-11-19 00:00:00-05:00,9.692542773799058,9.722304665447155,9.593335206820765,9.672700881958008,49043600,0.0,0.0,0.0,SPDN
2025-11-20 00:00:00-05:00,9.513969397745006,9.821511148043857,9.474286560735043,9.811591148376465,94328300,0.0,0.0,0.0,SPDN
2025-11-21 00:00:00-05:00,9.791749200204903,9.84730498247497,9.642938798806236,9.73222541809082,86945600,0.0,0.0,0.0,SPDN
2025-11-24 00:00:00-05:00,9.672700567599303,9.685597039986074,9.563573004360563,9.573493003845215,36253700,0.0,0.0,0.0,SPDN
2025-11-25 00:00:00-05:00,9.593334714505394,9.651866967873834,9.474286207908916,9.484207153320312,32236300,0.0,0.0,0.0,SPDN
2025-11-26 00:00:00-05:00,9.464365453520594,9.474286399132229,9.40484072596423,9.4246826171875,23669100,0.0,0.0,0.0,SPDN
2025-11-28 00:00:00-05:00,9.414762121024088,9.42964354015196,9.385000228881836,9.385000228881836,5238700,0.0,0.0,0.0,SPDN
2025-12-01 00:00:00-05:00,9.444524636847625,9.454444636480716,9.39492085422833,9.434603691101074,21487600,0.0,0.0,0.0,SPDN
2025-12-02 00:00:00-05:00,9.414761543273926,9.449483906328014,9.384999652958056,9.414761543273926,32325200,0.0,0.0,0.0,SPDN
2025-12-03 00:00:00-05:00,9.434604013194583,9.444524959279832,9.375079282796587,9.385000228881836,19617900,0.0,0.0,0.0,SPDN
2025-12-04 00:00:00-05:00,9.36515833671134,9.424683067109335,9.36515833671134,9.385000228881836,28852000,0.0,0.0,0.0,SPDN
2025-12-05 00:00:00-05:00,9.365158209018285,9.385000100918239,9.335396317281834,9.375079154968262,23050100,0.0,0.0,0.0,SPDN
2025-12-08 00:00:00-05:00,9.355237634882446,9.430634359578768,9.355237634882446,9.404840469360352,17055000,0.0,0.0,0.0,SPDN
2025-12-09 00:00:00-05:00,9.414761543273926,9.414761543273926,9.37507870748162,9.414761543273926,15509000,0.0,0.0,0.0,SPDN
2025-12-10 00:00:00-05:00,9.414761742708071,9.434603634081256,9.325475123755654,9.35523796081543,28563800,0.0,0.0,0.0,SPDN
2025-12-11 00:00:00-05:00,9.375078648531062,9.424682429487895,9.32547486757423,9.335395812988281,29420000,0.0,0.0,0.0,SPDN
2025-12-12 00:00:00-05:00,9.345317071609035,9.474286527973817,9.34035659873576,9.434603691101074,40560200,0.0,0.0,0.0,SPDN
2025-12-15 00:00:00-05:00,9.385000035841022,9.474286656544725,9.385000035841022,9.444524765014648,28437000,0.0,0.0,0.0,SPDN
2025-12-16 00:00:00-05:00,9.474286079406738,9.533809858840925,9.444524189689643,9.474286079406738,48673900,0.0,0.0,0.0,SPDN
2025-12-17 00:00:00-05:00,9.464365693787368,9.593335151672363,9.459405220855622,9.593335151672363,45056400,0.0,0.0,0.0,SPDN
2025-12-18 00:00:00-05:00,9.494127401801363,9.53877071121093,9.454444565227687,9.504048347473145,43616700,0.0,0.0,0.0,SPDN
2025-12-19 00:00:00-05:00,9.494127602193618,9.494127602193618,9.424682873252282,9.444524765014648,27020700,0.0,0.0,0.0,SPDN
2025-12-22 00:00:00-05:00,9.394921174967084,9.410794121035385,9.36515833671134,9.385000228881836,10993700,0.0,0.0,0.0,SPDN
2025-12-23 00:00:00-05:00,9.390000343322754,9.390000343322754,9.329999923706055,9.329999923706055,11273800,0.075,0.0,0.0,SPDN
2025-12-24 00:00:00-05:00,9.329999923706055,9.34000015258789,9.300000190734863,9.300000190734863,2655100,0.0,0.0,0.0,SPDN
2025-12-26 00:00:00-05:00,9.3100004196167,9.324999809265137,9.289999961853027,9.310099601745605,4579183,0.0,0.0,0.0,SPDN
